area,perimeter,aspect_ratio,h_mean,s_mean,v_mean,h_std,s_std,v_std,label
7396.0,344.0,1.0,44.949398040771484,83.23794555664062,134.01730346679688,40.6728401184082,91.30574035644531,35.13951110839844,1
568.0,108.14213562011719,1.6666666269302368,44.31156539916992,131.2108917236328,82.5346908569336,35.6123046875,67.39289093017578,44.6580810546875,1
9690.0,394.0,1.0729166269302368,47.75920486450195,91.76567840576172,79.29864501953125,51.03124237060547,90.71731567382812,83.8543930053711,1
14924.0,714.6762084960938,1.0067567825317383,42.75381088256836,204.9960479736328,144.2935791015625,25.361682891845703,39.8801155090332,44.22692108154297,1
16200.0,1707.283447265625,1.1764706373214722,30.801992416381836,150.33935546875,154.86891174316406,25.50213050842285,48.246429443359375,53.42305374145508,1
18006.0,899.2447509765625,1.307692289352417,26.038593292236328,174.8424530029297,169.2886962890625,30.96818733215332,90.326171875,59.90293502807617,1
192721.0,1756.0,1.0,22.220836639404297,99.41722869873047,88.60697937011719,37.196529388427734,105.15797424316406,97.09375762939453,1
264.0,76.97056579589844,0.739130437374115,73.29412078857422,99.0434799194336,109.45780181884766,44.85906219482422,66.22607421875,53.519771575927734,1
9492.0,561.4213256835938,1.0940171480178833,60.20332717895508,131.2946014404297,113.44317626953125,47.12744903564453,67.99729919433594,69.21752166748047,1
6643.0,445.7401123046875,0.39855071902275085,28.774309158325195,113.76587677001953,141.77760314941406,20.721378326416016,59.13674545288086,71.36162567138672,1
2180.5,243.15432739257812,1.9729729890823364,48.85894012451172,121.382080078125,184.70603942871094,33.295204162597656,60.861053466796875,47.98158645629883,1
12191.0,970.607177734375,0.9722222089767456,26.677396774291992,149.44190979003906,150.33885192871094,26.506311416625977,56.28337097167969,55.60162353515625,1
2358.5,437.0365905761719,1.0597014427185059,32.75551986694336,165.30418395996094,151.6361083984375,44.353721618652344,44.39347457885742,57.19478225708008,1
1872.5,191.21319580078125,1.0,45.9224967956543,162.48582458496094,126.6772232055664,56.976478576660156,64.15403747558594,65.63050842285156,1
3697.5,463.58074951171875,0.8192771077156067,25.655385971069336,170.66867065429688,139.13377380371094,30.74962043762207,51.49492263793945,69.35826110839844,1
2514.0,231.11270141601562,0.5131579041481018,27.902158737182617,155.10491943359375,84.83872985839844,17.179882049560547,52.060585021972656,42.695343017578125,1
1944.0,265.1127014160156,1.5636364221572876,48.863426208496094,204.9805450439453,213.44017028808594,36.284061431884766,72.74223327636719,58.70861053466797,1
640.0,115.79898834228516,1.9090908765792847,52.200218200683594,203.25865173339844,137.1558380126953,33.297264099121094,40.4792594909668,50.506221771240234,1
4433.0,291.39697265625,2.076923131942749,47.21581268310547,132.9551239013672,181.05091857910156,33.202301025390625,58.58403015136719,46.185638427734375,1
3940.0,477.1959533691406,3.461538553237915,30.379915237426758,85.87040710449219,154.744873046875,22.83394432067871,37.87310028076172,60.295860290527344,1
427.5,103.698486328125,1.3333333730697632,27.19140625,180.1653594970703,102.65234375,28.78143310546875,50.52217102050781,54.379791259765625,1
200.0,59.3137092590332,0.699999988079071,46.53928756713867,130.48928833007812,84.82499694824219,35.06369400024414,76.84571838378906,46.9559211730957,1
15613.0,1030.0975341796875,0.9234449863433838,32.239009857177734,125.50204467773438,171.6745147705078,21.776073455810547,52.59756851196289,48.640987396240234,1
1075.0,214.08326721191406,1.3902438879013062,29.949935913085938,177.4801025390625,141.13221740722656,43.14353561401367,42.61360549926758,55.107513427734375,1
103221.0,1943.3565673828125,1.6394984722137451,84.83071899414062,168.17506408691406,140.48306274414062,72.47162628173828,66.87344360351562,71.05634307861328,1
55589.0,1717.5533447265625,1.8780487775802612,33.0800895690918,137.36021423339844,166.4306640625,33.183868408203125,38.87866973876953,59.72920608520508,1
22328.0,1475.00927734375,1.2021857500076294,36.92007064819336,160.48428344726562,177.84547424316406,15.949992179870605,47.15080261230469,49.818336486816406,1
3844.0,561.8233642578125,1.0866141319274902,27.923828125,217.1117706298828,222.35450744628906,10.688506126403809,45.4941520690918,50.88478088378906,1
5877.0,394.7939453125,0.49253731966018677,61.534034729003906,153.76853942871094,125.38670349121094,55.254051208496094,75.02462005615234,63.56061935424805,1
59067.5,1102.6102294921875,1.0847457647323608,33.06351089477539,200.4044647216797,182.6295166015625,17.691471099853516,57.80498123168945,68.5138931274414,1
141857.5,3733.62353515625,0.5625,22.17961311340332,59.900108337402344,121.14229583740234,7.862393379211426,39.52255630493164,46.00832748413086,1
2312.5,307.2964782714844,1.8596491813659668,18.589704513549805,141.4634246826172,108.1446533203125,9.398158073425293,69.10740661621094,52.71002197265625,1
952.0,131.45584106445312,1.482758641242981,49.58059310913086,132.00241088867188,204.3624725341797,40.647857666015625,73.62000274658203,51.84521484375,1
94540.0,3654.150390625,2.0447285175323486,25.40264129638672,133.72862243652344,180.508056640625,8.260458946228027,46.47132873535156,68.34562683105469,1
2800.0,437.6812438964844,0.9759036302566528,60.68540954589844,170.07571411132812,145.4551544189453,37.09407043457031,63.409034729003906,57.7791862487793,1
681.5,263.5807189941406,0.9130434989929199,22.380952835083008,150.4373779296875,148.39027404785156,21.114564895629883,58.189788818359375,57.28399658203125,1
4600.5,497.2375793457031,0.9890109896659851,38.43687438964844,158.7179412841797,123.21514129638672,50.986873626708984,57.48058319091797,56.55833435058594,1
2679.0,253.3380889892578,1.2203389406204224,18.786252975463867,179.4541015625,105.76200866699219,3.2835233211517334,66.09300994873047,53.743953704833984,1
4950.0,282.0,1.1343283653259277,36.922035217285156,192.68008422851562,142.96563720703125,7.8521294593811035,34.12958908081055,49.94015884399414,1
591.5,169.35533142089844,1.04347825050354,45.3265380859375,222.85597229003906,231.03260803222656,25.18755340576172,35.7866325378418,26.686634063720703,1
59598.0,978.0,1.1163792610168457,27.911130905151367,135.04489135742188,162.4268341064453,26.310394287109375,103.13673400878906,61.10049057006836,1
56882.0,954.0,1.0041841268539429,15.594404220581055,96.9858627319336,92.43614196777344,16.972766876220703,98.12982940673828,95.42443084716797,1
15649.5,1069.5462646484375,1.2721519470214844,37.95685958862305,164.36363220214844,173.3361358642578,42.43351745605469,41.25253677368164,58.196903228759766,1
3771.0,348.8528137207031,0.72826087474823,38.4905891418457,236.10415649414062,159.23345947265625,21.390380859375,24.33734130859375,56.95473098754883,1
765.0,167.45584106445312,1.0,24.802499771118164,176.81687927246094,196.70187377929688,43.788124084472656,55.96461868286133,38.70769119262695,1
28493.5,693.698486328125,0.7614213228225708,51.942909240722656,218.8339385986328,158.03292846679688,32.09088897705078,45.44501876831055,61.40361404418945,1
3836.0,614.877197265625,0.9736841917037964,20.4254093170166,182.5918426513672,175.31747436523438,3.735919713973999,49.35552215576172,34.2886962890625,1
16292.5,511.8995056152344,1.2136752605438232,52.597328186035156,214.45425415039062,171.22679138183594,32.01123809814453,39.91792297363281,54.20692443847656,1
9270.0,386.0,1.1428571939468384,41.99851989746094,77.55621337890625,58.267539978027344,50.989566802978516,99.08817291259766,88.54096221923828,1
11962.5,1196.222412109375,1.4892085790634155,30.812776565551758,181.7109375,180.15744018554688,26.712711334228516,41.720157623291016,49.396793365478516,1
109.0,86.14213562011719,1.2352941036224365,32.904762268066406,125.84593963623047,204.55462646484375,4.3103556632995605,48.45878219604492,34.60283660888672,1
1510.5,151.15432739257812,1.0697674751281738,24.721940994262695,114.37057495117188,112.48382568359375,24.77109718322754,54.0079345703125,51.368194580078125,1
573142.0,11756.185546875,0.5625,23.00176239013672,79.79444122314453,122.79484558105469,9.561701774597168,42.83267593383789,49.17460250854492,1
24388.0,648.2842407226562,1.2695035934448242,38.63587951660156,132.6670684814453,139.55279541015625,29.47907257080078,51.82379150390625,66.63814544677734,1
67934.0,1198.048828125,1.1304347515106201,48.1868782043457,137.99667358398438,150.3110809326172,35.104671478271484,71.20066833496094,62.99296951293945,1
3107.0,240.97056579589844,0.9333333373069763,26.607440948486328,154.99850463867188,173.759521484375,16.124656677246094,43.68704605102539,53.45145034790039,1
14750.0,486.0,0.9444444179534912,51.93404006958008,71.69214630126953,80.07589721679688,54.215850830078125,89.46037292480469,95.40672302246094,1
5195.0,385.36248779296875,0.97826087474823,56.610023498535156,123.61847686767578,122.71171569824219,67.30390930175781,72.60643768310547,74.41189575195312,1
2279.5,474.09039306640625,2.2063491344451904,70.59312438964844,158.0052490234375,163.56297302246094,42.16037368774414,69.12772369384766,54.38199996948242,1
39183.0,801.9411010742188,1.100000023841858,39.132713317871094,178.5976104736328,149.6366424560547,26.335670471191406,44.30451583862305,54.21491241455078,1
36146.0,905.9310302734375,1.2102564573287964,30.764406204223633,175.80999755859375,166.7764892578125,39.87641143798828,88.3357925415039,62.79808807373047,1
62244.0,1000.0,1.1361702680587769,20.99772071838379,107.9177474975586,170.021484375,24.94057273864746,103.78318786621094,61.85729217529297,1
39280.5,824.384765625,1.0942407846450806,42.267391204833984,166.0570831298828,163.49954223632812,24.219127655029297,72.71710968017578,70.74627685546875,1
3603.0,240.82843017578125,0.9523809552192688,27.176719665527344,177.38729858398438,159.45396423339844,13.189742088317871,39.81766128540039,66.37010192871094,1
1444.0,164.91168212890625,0.6851851940155029,50.15615463256836,123.30229949951172,93.00950622558594,38.84080505371094,67.1999740600586,50.56774139404297,1
883.5,215.98275756835938,1.25,20.071500778198242,181.53750610351562,165.8125,14.297531127929688,51.440582275390625,63.18038558959961,1
443.5,199.698486328125,0.43939393758773804,28.532392501831055,157.37774658203125,158.3563232421875,11.946075439453125,48.952964782714844,59.62529754638672,1
181.0,61.3137092590332,0.6666666865348816,50.61564636230469,115.18367004394531,99.50340270996094,38.77177047729492,72.73028564453125,57.29395294189453,1
1511.0,165.7989959716797,0.9111111164093018,21.302438735961914,161.031982421875,150.57452392578125,18.87763023376465,51.18637466430664,58.90552520751953,1
612677.5,10870.615234375,0.563182532787323,18.480850219726562,79.49325561523438,122.20730590820312,6.4516143798828125,27.96149444580078,44.40644073486328,1
17672.0,623.3868408203125,1.1960784196853638,46.419944763183594,83.17711639404297,125.59255981445312,46.18173599243164,66.22883605957031,42.840431213378906,1
9120.0,382.0,0.9896907210350037,22.23969078063965,47.116729736328125,54.460697174072266,40.59425354003906,81.05814361572266,82.45639038085938,1
26280.0,652.0,0.8121547102928162,55.554290771484375,229.63265991210938,183.28158569335938,32.9512825012207,35.13818359375,47.63138198852539,1
3224.0,596.107666015625,0.78125,65.13041687011719,153.24485778808594,151.36764526367188,68.32432556152344,44.22819900512695,56.14411926269531,1
6396.0,320.0,0.9518072009086609,54.95211410522461,93.4023208618164,80.26383972167969,51.45457077026367,94.05831146240234,88.61216735839844,1
17370.5,895.0609741210938,1.0266666412353516,63.5817756652832,198.37367248535156,154.09791564941406,33.29334259033203,52.88762664794922,45.339019775390625,1
15295.0,496.0,1.1551724672317505,41.27483367919922,70.41694641113281,84.10132598876953,50.165374755859375,84.61491394042969,101.4109115600586,1
11962.5,1196.222412109375,1.4892085790634155,30.812776565551758,181.7109375,180.15744018554688,26.712711334228516,41.720157623291016,49.396793365478516,1
289.0,83.31370544433594,1.0,11.83742904663086,213.02645874023438,215.933837890625,2.1503148078918457,39.3078498840332,29.9318904876709,1
306081.0,2236.0,1.3333333730697632,49.962501525878906,226.0047149658203,187.08560180664062,37.19213104248047,53.26012420654297,72.5049819946289,1
356.0,105.79898834228516,0.5625,53.98611068725586,97.63021087646484,136.0989532470703,43.35884475708008,58.06916809082031,63.34324645996094,1
24352.5,1531.869140625,0.913223147392273,24.02655029296875,190.9649200439453,182.55581665039062,25.307851791381836,79.11100006103516,54.17119598388672,1
9764.5,594.8599243164062,0.9650349617004395,26.389631271362305,156.81655883789062,130.06735229492188,28.999422073364258,57.140625,60.8802604675293,1
600.0,163.45584106445312,1.8695652484893799,19.046510696411133,216.321533203125,139.35186767578125,12.752202033996582,41.06856155395508,61.31665802001953,1
72600.0,1078.0,1.0415093898773193,26.55355453491211,111.51152801513672,128.1941680908203,43.5847053527832,110.22579956054688,95.87380981445312,1
1060.5,165.5563507080078,1.600000023841858,29.64583396911621,224.25209045410156,160.80763244628906,6.379730224609375,25.682645797729492,40.82965850830078,1
281.5,79.21320343017578,1.3157894611358643,61.80631637573242,114.04210662841797,122.8357925415039,50.03085708618164,80.83999633789062,40.85793685913086,1
423.5,103.698486328125,1.3333333730697632,27.75520896911621,183.75390625,102.38541412353516,29.682741165161133,51.78388595581055,55.28022766113281,1
35154.0,1229.4456787109375,1.100000023841858,39.132713317871094,178.5976104736328,149.6366424560547,26.335670471191406,44.30451583862305,54.21491241455078,1
11962.5,1196.222412109375,1.4892085790634155,30.812776565551758,181.7109375,180.15744018554688,26.712711334228516,41.720157623291016,49.396793365478516,1
1119.5,221.01219177246094,0.4677419364452362,28.559511184692383,206.69744873046875,98.71134948730469,14.027684211730957,40.24982833862305,45.42075729370117,1
1480.5,158.81118774414062,1.04347825050354,25.055253982543945,110.19746398925781,127.9669418334961,27.440872192382812,57.56562805175781,51.343299865722656,1
49143.0,1987.484375,1.4487632513046265,17.58283233642578,148.7284698486328,194.47067260742188,31.933374404907227,37.14419174194336,66.30962371826172,1
12295.0,720.1564331054688,0.8489583134651184,37.37880325317383,127.01546478271484,152.5316925048828,20.919288635253906,58.78398132324219,73.02815246582031,1
18839.5,1541.0509033203125,1.4769231081008911,54.623558044433594,76.19915771484375,137.08056640625,34.632076263427734,57.929161071777344,63.69491195678711,1
17998.5,628.1736450195312,0.9695122241973877,40.50153350830078,85.27488708496094,121.77680969238281,44.18739700317383,61.646514892578125,42.579345703125,1
4748.5,603.3208618164062,1.021052598953247,55.49094009399414,100.67650604248047,144.3485565185547,46.578941345214844,59.88334655761719,57.88255310058594,1
1546.5,237.01219177246094,1.3461538553237915,52.41511154174805,108.32830047607422,147.5543975830078,45.463600158691406,64.99915313720703,68.33139038085938,1
14228.5,798.055908203125,0.8651685118675232,35.480045318603516,208.7940673828125,154.0994110107422,28.813467025756836,42.45578384399414,45.53146743774414,1
18153.0,541.7990112304688,1.116279125213623,47.18308639526367,120.26937866210938,156.8988494873047,35.83592224121094,53.45039749145508,56.47488784790039,1
43483.0,1269.75439453125,0.6807817816734314,27.958574295043945,208.92015075683594,104.88878631591797,21.488525390625,52.196754455566406,56.78313446044922,1
9719.0,589.9310302734375,1.0362318754196167,26.431438446044922,155.64031982421875,130.59075927734375,29.075088500976562,56.402591705322266,60.729671478271484,1
34175.0,736.62744140625,1.1193181276321411,24.273361206054688,130.54078674316406,164.19300842285156,21.03285026550293,48.04557418823242,53.13203430175781,1
203.0,117.45584106445312,0.7777777910232544,48.839508056640625,148.6155242919922,131.90652465820312,58.779178619384766,53.807716369628906,52.160518646240234,1
18694.0,674.0731811523438,1.0117647647857666,45.74069595336914,86.3214111328125,122.9212417602539,45.5005989074707,67.53114318847656,44.12501907348633,1
46029.0,2192.9990234375,1.0,13.20440673828125,106.51567077636719,123.57183837890625,14.30788516998291,52.61585998535156,46.60356140136719,1
13191.5,1354.801025390625,1.1336634159088135,36.22279357910156,174.56427001953125,173.19711303710938,24.308406829833984,81.66512298583984,66.09709930419922,1
1299.5,361.7228698730469,1.1964285373687744,32.80596923828125,104.76705932617188,123.19456481933594,27.418149948120117,54.46662902832031,68.37452697753906,1
1808.0,169.6568603515625,1.0,22.65960693359375,182.81301879882812,151.32540893554688,22.496976852416992,55.71468734741211,62.80405044555664,1
204.5,75.0710678100586,1.0,26.587499618530273,150.8574981689453,183.1125030517578,15.68701171875,27.275394439697266,50.540428161621094,1
13696.5,1079.6539306640625,1.265734314918518,37.67457580566406,129.36614990234375,139.26535034179688,29.725584030151367,55.18975067138672,65.82850646972656,1
597404.0,12937.783203125,1.7777777910232544,19.364948272705078,80.07300567626953,123.39473724365234,7.564968585968018,29.523916244506836,45.61914825439453,1
20974.0,1336.9747314453125,1.5116279125213623,29.009973526000977,158.83103942871094,134.2137908935547,32.168643951416016,41.02913284301758,59.067325592041016,1
639.5,219.01219177246094,0.5106382966041565,26.568262100219727,127.69769287109375,176.4583282470703,5.68941593170166,47.74650573730469,64.43669128417969,1
4914.0,333.4213562011719,0.9100000262260437,31.080768585205078,79.42890167236328,151.61669921875,42.308624267578125,59.733543395996094,79.03136444091797,1
117303.0,4365.28173828125,1.2729166746139526,27.595075607299805,140.03250122070312,154.40916442871094,38.10200119018555,54.46002197265625,64.61480712890625,1
20497.0,680.4163208007812,1.139393925666809,40.01821517944336,90.4778823852539,136.6954803466797,41.028297424316406,70.91757202148438,49.161888122558594,1
25552.5,642.7279052734375,1.0705127716064453,34.12187194824219,161.8645477294922,165.0739288330078,18.84905242919922,67.85462951660156,58.14514923095703,1
1465819.0,5098.6240234375,0.9056865572929382,46.296730041503906,97.31330108642578,118.18742370605469,44.043704986572266,54.415592193603516,40.447914123535156,1
13372.5,659.203125,0.6348314881324768,20.42502784729004,187.42562866210938,112.99348449707031,22.93150520324707,49.13352966308594,56.42664337158203,1
7608.5,360.6690368652344,1.4155844449996948,61.9258918762207,157.17562866210938,184.23472595214844,36.09233474731445,66.84033966064453,52.249229431152344,1
2333.0,244.56854248046875,0.6712328791618347,47.05423355102539,121.05675506591797,120.4134750366211,39.08376693725586,64.53076171875,58.73632049560547,1
15902.0,1332.54833984375,1.0980392694473267,37.535518646240234,135.80267333984375,146.6976776123047,17.96050262451172,49.89535903930664,60.988555908203125,1
3224.5,255.78173828125,0.6790123581886292,49.59281539916992,124.59484100341797,92.93086242675781,38.16539001464844,65.37153625488281,50.54057693481445,1
3185.0,370.0243835449219,0.7155963182449341,24.945541381835938,141.24134826660156,178.75628662109375,12.234495162963867,59.841209411621094,59.808876037597656,1
623.5,115.698486328125,1.600000023841858,19.356000900268555,161.53399658203125,103.08799743652344,4.757022380828857,71.52098083496094,50.8296012878418,1
46381.0,1307.4945068359375,1.0664206743240356,34.34867477416992,188.49203491210938,170.6936798095703,40.223384857177734,44.331787109375,58.30392074584961,1
1580.0,271.9411315917969,1.4509804248809814,26.686010360717773,181.2567596435547,152.02438354492188,13.313779830932617,46.040611267089844,60.270538330078125,1
277.5,130.52691650390625,0.9599999785423279,63.75833511352539,86.08000183105469,131.72500610351562,52.2557487487793,57.2920036315918,69.96000671386719,1
12649.0,460.0,1.52173912525177,20.802949905395508,92.77437591552734,66.26195526123047,32.57386016845703,97.78068542480469,91.14339447021484,1
420.0,89.79898834228516,1.4285714626312256,45.08571243286133,133.87777709960938,84.61111450195312,37.32209396362305,72.30780029296875,56.31816864013672,1
9886.0,676.249755859375,1.1428571939468384,78.11919403076172,132.04751586914062,243.07679748535156,84.13951873779297,35.87018585205078,19.532154083251953,1
17380.0,1467.9208984375,0.8622449040412903,27.913145065307617,167.788818359375,162.6362762451172,19.42576026916504,45.6196174621582,67.0167007446289,1
1464598.5,11429.1962890625,1.1603375673294067,50.86091232299805,121.61422729492188,120.45147705078125,46.018463134765625,70.6050796508789,42.209007263183594,1
1274.5,297.095458984375,0.4842105209827423,33.337528228759766,185.0778045654297,138.8363800048828,29.561065673828125,48.03276443481445,65.70814514160156,1
57179.0,1549.837646484375,1.7557603120803833,32.82725524902344,221.4366912841797,145.89175415039062,23.717857360839844,36.601417541503906,52.478370666503906,1
294136.5,4202.18212890625,3.855421781539917,22.728824615478516,56.7313117980957,142.15975952148438,10.493189811706543,34.96647262573242,37.81216812133789,1
2002225.0,5660.0,1.0,9.591362953186035,41.051536560058594,56.29450988769531,14.116084098815918,51.55607986450195,67.87358093261719,1
5863.5,508.0660095214844,0.8303571343421936,41.69556427001953,160.3349609375,133.66830444335938,46.151405334472656,66.06031799316406,58.4632682800293,1
47573.5,2179.158447265625,1.0,14.691574096679688,106.40061950683594,115.68582153320312,15.266353607177734,56.43342590332031,42.63997268676758,1
216.5,98.72792053222656,0.6551724076271057,29.80580711364746,144.5390167236328,163.38656616210938,2.3427772521972656,45.68258285522461,53.399169921875,1
994569.0,4824.0068359375,0.7987663745880127,42.34795379638672,114.11258697509766,119.61432647705078,45.346099853515625,68.00304412841797,45.54651641845703,1
2513.5,227.5563507080078,0.3720930218696594,28.387718200683594,137.90333557128906,130.8542938232422,18.131418228149414,62.224327087402344,68.70207977294922,1
42308.5,1447.0509033203125,0.7469512224197388,56.042137145996094,125.90129089355469,172.72494506835938,40.82414245605469,80.62134552001953,68.45303344726562,1
2372.0,526.7350463867188,0.557894766330719,52.7624626159668,168.6041717529297,141.77874755859375,34.478477478027344,55.661563873291016,44.38115310668945,1
326.0,164.28427124023438,3.1052632331848145,14.564674377441406,177.75201416015625,199.1953582763672,8.075555801391602,23.93697166442871,52.63263702392578,1
56924.5,2532.864013671875,0.9384615421295166,17.638164520263672,171.4075469970703,173.3630828857422,15.335165977478027,47.37531280517578,44.463348388671875,1
2310.5,307.2964782714844,1.8596491813659668,18.170969009399414,142.0614013671875,108.13737487792969,6.624140739440918,69.5013198852539,52.683937072753906,1
4459.0,280.0,1.840000033378601,33.75630569458008,160.08782958984375,69.84152221679688,38.53944778442383,89.79955291748047,73.0084228515625,1
8919.5,820.9777221679688,2.9538462162017822,68.98638153076172,197.7105712890625,158.68173217773438,33.061458587646484,64.811767578125,43.81964874267578,1
4955.5,337.32086181640625,0.8999999761581421,32.51311111450195,81.92810821533203,146.6744384765625,41.72187042236328,59.78828430175781,79.11604309082031,1
10136.0,675.6223754882812,0.6277372241020203,35.214820861816406,105.3740463256836,132.78976440429688,19.125476837158203,62.55067443847656,64.79519653320312,1
445.5,139.01219177246094,1.2333333492279053,24.599098205566406,171.90451049804688,159.93603515625,38.85536193847656,60.098793029785156,63.93113327026367,1
187.0,64.14213562011719,0.8500000238418579,20.323530197143555,189.16470336914062,120.061767578125,16.952390670776367,55.78706359863281,65.95157623291016,1
10449.0,420.0,1.585365891456604,38.185176849365234,68.8363037109375,145.62730407714844,41.02368927001953,74.51805877685547,52.01123046875,1
11338.0,471.7401123046875,0.6350364685058594,34.278629302978516,102.96937561035156,133.98716735839844,17.632530212402344,63.14419174194336,65.56714630126953,1
8186.0,630.0487670898438,0.991525411605835,41.01557159423828,171.4571990966797,124.62306213378906,52.88246154785156,65.48182678222656,58.33282470703125,1
6237.0,316.0,0.9512194991111755,25.251876831054688,164.51219177246094,174.36444091796875,14.714221954345703,34.4820442199707,65.68611145019531,1
508.5,162.87005615234375,1.0,54.9462890625,96.529296875,143.8974609375,46.850494384765625,59.71803283691406,57.60649490356445,1
33181.5,912.0660400390625,1.1193181276321411,24.273361206054688,130.5407257080078,164.19300842285156,21.03285026550293,48.045555114746094,53.13203430175781,1
437260.0,6568.15869140625,0.9628339409828186,23.045188903808594,60.367156982421875,155.7050018310547,9.796759605407715,70.02703857421875,37.365264892578125,1
4180.0,327.25482177734375,1.1470588445663452,33.810333251953125,181.43136596679688,134.9907684326172,56.37882614135742,55.7638053894043,37.77388381958008,1
3176.5,666.2081298828125,1.1287128925323486,36.35669708251953,175.36451721191406,172.7298126220703,24.587873458862305,81.98931884765625,66.26604461669922,1
17611.0,547.7888793945312,0.9272727370262146,41.768310546875,86.34454345703125,122.64313507080078,44.89360427856445,66.11676025390625,41.773677825927734,1
18810.0,562.0,1.5495495796203613,48.63843536376953,224.1998291015625,186.9967041015625,37.2820930480957,58.4476432800293,72.91227722167969,1
26705.0,747.3380737304688,0.9606741666793823,29.384782791137695,182.7744598388672,174.18411254882812,11.728672981262207,49.69796371459961,54.03530502319336,1
919397.0,4005.2548828125,1.7777777910232544,19.29364013671875,89.87684631347656,108.0030746459961,13.603328704833984,29.659128189086914,61.73625564575195,1
30786.5,718.6690673828125,1.3161290884017944,44.09073257446289,147.35389709472656,163.77064514160156,23.380821228027344,66.79893493652344,60.74665451049805,1
156078.0,1582.0,1.0978835821151733,28.490253448486328,114.22101593017578,101.5694808959961,27.73570442199707,72.15874481201172,67.43790435791016,1
2767.0,322.22540283203125,0.5595238208770752,53.59143829345703,188.33055114746094,156.23126220703125,33.66953659057617,53.00674819946289,49.91532897949219,1
19090.0,594.274169921875,1.0361446142196655,44.922142028808594,85.8785400390625,122.36494445800781,45.33653259277344,67.39685821533203,42.26786804199219,1
48533.0,2034.631591796875,0.9137380123138428,42.26362228393555,166.08709716796875,163.51272583007812,24.217201232910156,72.71611785888672,70.74967193603516,1
1610.0,327.96551513671875,0.8285714387893677,74.90936279296875,132.09629821777344,131.47634887695312,39.14329147338867,53.059226989746094,55.87272644042969,1
1038.0,217.2548370361328,1.25,33.004859924316406,185.39688110351562,176.17257690429688,9.774540901184082,58.660972595214844,67.80590057373047,1
444.5,199.698486328125,0.43939393758773804,28.406478881835938,158.16197204589844,158.21786499023438,12.284841537475586,49.21508026123047,59.744571685791016,1
5698.0,302.0,0.9615384340286255,16.81008529663086,87.3015365600586,34.125640869140625,34.183597564697266,109.80593872070312,68.57130432128906,1
782.0,158.76954650878906,0.75,48.536502838134766,123.89256286621094,114.6845703125,37.70104217529297,67.43782806396484,63.50709533691406,1
2200.5,266.18377685546875,2.65625,36.547428131103516,78.13419342041016,164.9477996826172,44.12942123413086,49.88132095336914,51.878238677978516,1
4209.0,277.7989807128906,0.8888888955116272,53.82291793823242,180.77169799804688,187.31814575195312,34.4227180480957,67.61669921875,62.6353759765625,1
86045.0,1870.3961181640625,1.4694443941116333,21.95584487915039,94.04173278808594,117.9010238647461,9.596189498901367,57.24674606323242,68.14424133300781,1
7924.0,865.0193481445312,1.1525423526763916,46.001930236816406,166.7774200439453,167.88047790527344,51.656890869140625,42.42621612548828,72.04833984375,1
148.0,84.48528289794922,0.2571428716182709,27.0,153.40635681152344,125.75555419921875,18.315229415893555,57.956687927246094,61.65794372558594,1
6006.0,310.0,0.9873417615890503,36.993995666503906,71.94060516357422,82.64654541015625,47.220909118652344,89.7173843383789,88.91519927978516,1
143563.0,1547.9351806640625,1.364829421043396,27.834383010864258,112.80244445800781,126.96102905273438,28.30040168762207,57.758995056152344,52.005924224853516,1
1519.5,230.32589721679688,1.2765957117080688,65.95106506347656,83.4134750366211,145.4400634765625,53.89990997314453,64.1351547241211,64.88455200195312,1
46554.5,872.1837768554688,1.1959799528121948,58.9935188293457,159.8847198486328,163.53968811035156,60.2308235168457,45.939353942871094,56.93079376220703,1
19800.0,564.0,0.8807947039604187,51.01169967651367,225.20664978027344,129.4988250732422,35.126747131347656,43.92510223388672,42.58881378173828,1
30143.5,1016.825439453125,1.5739644765853882,20.301219940185547,187.61622619628906,112.84651184082031,22.700977325439453,49.05769729614258,56.42604064941406,1
71176.0,1070.0,1.1566264629364014,27.388303756713867,83.6981430053711,123.9330062866211,25.293033599853516,67.43245697021484,85.65880584716797,1
213.0,80.48528289794922,1.0,25.137500762939453,131.08250427246094,190.79750061035156,18.92415428161621,30.166963577270508,43.05422592163086,1
40920.0,812.0,0.8461538553237915,35.766761779785156,147.8411865234375,117.99968719482422,37.507110595703125,113.5211181640625,95.72826385498047,1
11904.0,852.6417236328125,0.8206278085708618,34.9210205078125,140.2250518798828,145.6651153564453,17.656099319458008,50.9631233215332,63.97505187988281,1
1168.5,183.78173828125,1.0,26.498966217041016,131.4798583984375,118.54338836669922,22.96286964416504,62.46438980102539,56.57355499267578,1
77283.0,1112.0,1.0071942806243896,15.776837348937988,67.33562469482422,77.03520965576172,30.505128860473633,89.39793395996094,80.15602111816406,1
18053.5,554.384765625,1.1085271835327148,47.513038635253906,121.11064147949219,156.21282958984375,35.742366790771484,52.6789436340332,56.07090759277344,1
1551.5,236.1837615966797,1.3461538553237915,51.31428527832031,109.1260986328125,147.65797424316406,44.14198684692383,65.41986083984375,68.39498901367188,1
837.5,184.46803283691406,1.6842105388641357,26.3638973236084,127.7212142944336,150.8125,11.74609661102295,36.4443473815918,54.84217071533203,1
35154.0,1229.4456787109375,1.100000023841858,39.132713317871094,178.5976104736328,149.6366424560547,26.335670471191406,44.30451583862305,54.21491241455078,1
1164.5,185.78173828125,1.0,25.630165100097656,129.72314453125,118.84246063232422,19.33770751953125,61.97585678100586,55.81700134277344,1
15713.5,1352.4478759765625,0.9107142686843872,37.51939010620117,135.079833984375,147.1915283203125,17.91959571838379,49.36850357055664,60.93055725097656,1
903121.0,4156.0,2.3548386096954346,26.55093765258789,67.24015045166016,133.03163146972656,26.914676666259766,27.31005096435547,60.48802185058594,1
9492.0,561.4213256835938,1.0940171480178833,60.20332717895508,131.2946014404297,113.44317626953125,47.12744903564453,67.99729919433594,69.21752166748047,1
12656.0,450.0,0.9912280440330505,62.5162239074707,82.89364624023438,93.4468994140625,53.766815185546875,89.35822296142578,96.50166320800781,1
895.5,215.15432739257812,0.800000011920929,20.26300048828125,182.2050018310547,166.0570068359375,14.590984344482422,52.18267059326172,62.85538101196289,1
1701142.0,6922.42724609375,0.9561805129051208,51.919647216796875,83.00889587402344,91.02745819091797,43.50566864013672,43.8837890625,52.7238655090332,1
59971.0,1972.6904296875,0.9972375631332397,35.19051742553711,157.13482666015625,169.18565368652344,14.330548286437988,50.179569244384766,48.1248779296875,1
125614.0,1418.0,1.0431034564971924,23.149084091186523,65.8420181274414,80.99714660644531,25.2659854888916,70.52630615234375,85.45813751220703,1
1861331.0,5304.2705078125,0.9872449040412903,47.360931396484375,126.6615982055664,127.68132781982422,43.789527893066406,70.85509490966797,56.144927978515625,1
554522.0,8753.8056640625,0.5625,23.425113677978516,66.03430938720703,116.94705963134766,15.226236343383789,36.33419418334961,52.92414093017578,1
3748.5,352.4680480957031,0.9873417615890503,41.48295974731445,168.4862060546875,124.89289093017578,53.58697509765625,63.96879959106445,57.72787094116211,1
1129.0,262.7106628417969,0.9259259104728699,68.75740814208984,151.82777404785156,154.13925170898438,71.32376861572266,44.9061279296875,55.3627815246582,1
2088.5,206.12489318847656,1.6666666269302368,27.51614761352539,146.39111328125,183.18458557128906,23.034666061401367,71.21145629882812,46.600563049316406,1
35691.0,1314.1463623046875,1.6068376302719116,53.77295684814453,167.3582763671875,149.5909881591797,34.99391555786133,43.167667388916016,63.41986846923828,1
26280.0,652.0,1.231292486190796,55.554290771484375,229.63258361816406,183.28158569335938,32.9512825012207,35.138187408447266,47.63138198852539,1
388763.0,7266.28076171875,1.4556787014007568,20.455535888671875,64.33319091796875,123.63996887207031,14.010986328125,37.732234954833984,48.608062744140625,1
144449.0,5954.23193359375,1.3333333730697632,34.566688537597656,78.1180648803711,165.4157257080078,42.055938720703125,49.596351623535156,51.966365814208984,1
1509.0,165.7989959716797,0.9111111164093018,21.51544761657715,161.92250061035156,150.6325225830078,19.442819595336914,51.18339538574219,58.48943328857422,1
33544.5,811.1543579101562,1.1193181276321411,24.265113830566406,129.99844360351562,164.66468811035156,21.000736236572266,47.709983825683594,52.96749496459961,1
25253.5,2182.070068359375,1.034482717514038,30.75667381286621,173.7862548828125,161.22613525390625,22.659832000732422,42.551002502441406,56.310096740722656,1
10735.0,416.0,0.8421052694320679,60.50246810913086,87.73281860351562,150.47450256347656,46.96488952636719,80.28449249267578,44.06709289550781,1
1560.0,158.0,1.024999976158142,25.314023971557617,143.18353271484375,179.2530517578125,16.917362213134766,37.8913688659668,64.85167694091797,1
2011.5,197.49746704101562,0.7049180269241333,43.33625793457031,134.92184448242188,88.4247055053711,35.71038055419922,67.99896240234375,49.353797912597656,1
871.0,203.94113159179688,1.0,79.17554473876953,127.42735290527344,158.42471313476562,73.10720825195312,67.99964141845703,53.99991226196289,1
361.0,76.0,1.0,23.90250015258789,141.61500549316406,176.22999572753906,15.035224914550781,37.45012283325195,61.560882568359375,1
138566.5,4894.20654296875,1.7777777910232544,22.651931762695312,80.05064392089844,122.6855239868164,7.306506156921387,42.705162048339844,49.09675216674805,1
17325.0,643.5289916992188,1.189542531967163,40.863643646240234,111.71310424804688,128.0520782470703,43.294639587402344,84.42044067382812,41.3927001953125,1
3420.0,234.0,0.9508196711540222,25.875070571899414,169.55567932128906,154.02035522460938,15.500658988952637,37.516357421875,70.39796447753906,1
114681.0,1364.0,1.2649006843566895,26.345020294189453,114.82125091552734,109.14726257324219,28.25658416748047,70.63507080078125,76.28022003173828,1
26705.0,747.3380737304688,1.0409356355667114,29.384782791137695,182.77442932128906,174.18411254882812,11.728672981262207,49.6979866027832,54.03530502319336,1
60869.5,995.8406372070312,0.960629940032959,34.59048843383789,131.35513305664062,152.99862670898438,26.093660354614258,55.6743049621582,54.58856201171875,1
294479.0,4716.57080078125,1.7777777910232544,19.593568801879883,68.38109588623047,118.51554870605469,12.495294570922852,46.40093231201172,54.81371307373047,1
10092.0,406.0,1.329545497894287,53.26398468017578,69.87664794921875,166.77923583984375,51.56285858154297,80.77396392822266,52.85824203491211,1
36252.0,1122.416259765625,0.9182156324386597,28.877519607543945,147.4971160888672,153.18011474609375,34.896270751953125,77.9196548461914,51.53429412841797,1
48409.0,2025.31787109375,1.0,19.535232543945312,84.79205322265625,109.63136291503906,24.14534568786621,58.55243682861328,41.84501647949219,1
214.0,76.6274185180664,0.875,21.68055534362793,181.16270446777344,166.75396728515625,20.134546279907227,53.67577362060547,65.23774719238281,1
5616.0,414.22540283203125,2.2931034564971924,47.84638214111328,179.11485290527344,150.156982421875,31.897605895996094,47.41020584106445,60.144466400146484,1
304914.5,2366.610107421875,1.3333333730697632,38.24409866333008,158.1592254638672,146.64088439941406,24.44489860534668,55.51359558105469,80.00619506835938,1
6278.5,526.9188232421875,1.1553398370742798,35.44961929321289,208.90724182128906,154.3189239501953,28.788555145263672,42.4333610534668,45.61445236206055,1
39039.0,800.0,1.3647059202194214,43.51784896850586,75.68567657470703,87.04751586914062,41.44578170776367,83.54605102539062,82.76533508300781,1
15648.5,666.9432373046875,1.094936728477478,43.977867126464844,106.34700012207031,135.21640014648438,44.87734603881836,88.49845886230469,42.16404342651367,1
6918.5,1051.889404296875,1.5784313678741455,63.40658950805664,161.00352478027344,100.71185302734375,47.009666442871094,95.31661987304688,90.07210540771484,1
94900.0,1234.0,1.1126279830932617,36.50313186645508,104.53690338134766,113.86554718017578,36.878578186035156,85.66278839111328,84.59235382080078,1
977.5,130.52691650390625,0.761904776096344,57.46651840209961,103.19717407226562,112.5766372680664,51.432735443115234,59.88569641113281,60.001712799072266,1
5604.5,304.6345520019531,0.9677419066429138,39.997013092041016,111.59892272949219,122.893310546875,51.56578063964844,65.52776336669922,76.63980865478516,1
654027.5,8225.96484375,1.7777777910232544,21.236827850341797,73.95072174072266,117.96874237060547,10.445521354675293,38.287601470947266,48.46978759765625,1
39924.5,1596.90869140625,0.8847583532333374,40.561073303222656,127.52938079833984,157.93368530273438,39.92334747314453,80.32101440429688,62.156227111816406,1
144761.5,5205.84326171875,1.3333333730697632,17.07740592956543,179.21395874023438,145.37728881835938,12.543722152709961,50.31279754638672,61.26395797729492,1
18408.5,720.3990478515625,1.257861614227295,46.15641403198242,109.87440490722656,133.96742248535156,45.181854248046875,89.93025207519531,42.35103225708008,1
10108.0,677.2792358398438,0.6277372241020203,34.75004196166992,99.66864776611328,133.27337646484375,17.996379852294922,55.532325744628906,60.28973388671875,1
50657.0,1072.4508056640625,1.2067511081695557,19.772918701171875,113.93815612792969,148.58364868164062,23.640541076660156,71.8863525390625,52.63833999633789,1
9504.0,390.0,1.0309277772903442,38.67793655395508,158.4105224609375,75.84505462646484,34.226341247558594,97.15950775146484,79.13326263427734,1
25050.0,634.0,1.112582802772522,34.44761276245117,140.44480895996094,112.13966369628906,36.004520416259766,106.94856262207031,92.4659194946289,1
8740.0,374.0,0.96875,34.998207092285156,141.55398559570312,80.6646499633789,47.17697525024414,94.47171783447266,85.39070129394531,1
7242.5,322.8355712890625,0.9300000071525574,130.40838623046875,120.15086364746094,103.35816955566406,65.53273010253906,79.95154571533203,83.02294921875,1
7410935.5,23236.41015625,1.7684210538864136,16.190305709838867,110.26016998291016,135.21717834472656,2.680875539779663,65.83897399902344,29.133398056030273,1
427615.0,4832.3212890625,0.8772522807121277,22.94451904296875,110.62348937988281,150.2294921875,16.7586727142334,95.72583770751953,47.535343170166016,1
55589.0,1717.5533447265625,1.8780487775802612,33.0800895690918,137.36021423339844,166.4306640625,33.183868408203125,38.87866973876953,59.72920608520508,1
1148.0,138.0,1.4482758045196533,38.48522186279297,163.6748809814453,139.17405700683594,7.404245376586914,35.23532485961914,35.761539459228516,1
797621.0,4320.90380859375,0.7981099486351013,42.36172103881836,127.27781677246094,123.93461608886719,45.44919204711914,77.03028869628906,51.231571197509766,1
13200.5,1357.286376953125,1.1336634159088135,36.2558708190918,175.42015075683594,172.71961975097656,24.426477432250977,82.06605529785156,66.25055694580078,1
2591.5,516.4091796875,1.1176470518112183,26.485681533813477,191.2581329345703,154.92626953125,13.984130859375,51.557193756103516,67.78966522216797,1
5597.5,413.6396179199219,0.43609023094177246,47.926109313964844,178.72335815429688,149.99417114257812,31.714162826538086,47.20326232910156,60.058231353759766,1
7330.5,324.8355712890625,0.9399999976158142,129.85032653808594,115.14202117919922,104.1607437133789,66.02690124511719,77.74531555175781,83.02289581298828,1
668.0,165.39697265625,0.7599999904632568,67.22210693359375,84.88789367675781,137.0157928466797,53.25836944580078,50.77201461791992,66.9775619506836,1
20962.0,956.19091796875,0.9382715821266174,31.991146087646484,180.12240600585938,141.40269470214844,18.21367835998535,42.180057525634766,50.42801284790039,1
9476.0,390.0,1.1182795763015747,24.46298599243164,97.02719116210938,64.9532699584961,38.41340255737305,100.61687469482422,95.44046783447266,1
1249615.5,7299.40478515625,1.0620272159576416,65.02958679199219,88.6463851928711,133.2754364013672,53.818721771240234,66.35823822021484,33.43761444091797,1
4814.0,282.0,1.4237288236618042,38.809120178222656,166.64022827148438,139.9705352783203,7.778296947479248,41.11979293823242,40.904510498046875,1
673.0,175.94113159179688,0.9210526347160339,17.774436950683594,180.6007537841797,146.17369079589844,14.120542526245117,50.34307098388672,68.35527801513672,1
1458.0,151.05381774902344,1.0222222805023193,25.88067626953125,111.76618194580078,126.81690979003906,23.98859977722168,57.966468811035156,51.797969818115234,1
157498.5,3320.874267578125,1.7777777910232544,25.722135543823242,85.51790618896484,134.28952026367188,12.584625244140625,52.101444244384766,59.82362365722656,1
72628.0,1078.0,1.0111523866653442,27.615787506103516,100.83096313476562,104.46490478515625,31.961885452270508,78.61854553222656,80.11026000976562,1
1506.0,150.56854248046875,1.0697674751281738,23.783113479614258,113.27552795410156,113.0293197631836,22.677120208740234,53.51601791381836,50.96856689453125,1
6278.5,526.9188232421875,1.1553398370742798,35.44961929321289,208.90724182128906,154.3189239501953,28.788555145263672,42.43326950073242,45.61445236206055,1
88830.0,1194.0,1.1166077852249146,38.988975524902344,111.65581512451172,146.05233764648438,36.820186614990234,83.9223861694336,57.33726119995117,1
55157.0,1691.7442626953125,1.7257524728775024,67.24620819091797,86.22573852539062,137.4827117919922,53.29707717895508,51.186241149902344,66.97705841064453,1
8641.5,779.889404296875,2.8656716346740723,56.809391021728516,187.6630096435547,145.11349487304688,33.3314094543457,57.266380310058594,49.75191116333008,1
1544.5,186.0416259765625,1.02173912525177,43.56105422973633,141.58372497558594,145.18362426757812,63.03248977661133,60.78388214111328,42.83263397216797,1
1267.5,151.8406219482422,1.4117647409439087,44.35968017578125,132.48345947265625,91.64154052734375,35.58750534057617,67.45982360839844,47.668914794921875,1
300923.5,2560.11474609375,1.3333333730697632,33.061668395996094,200.40879821777344,182.6273651123047,17.6928768157959,57.809486389160156,68.51795959472656,1
6535.5,693.5706176757812,1.066176414489746,21.53990936279297,143.7998504638672,151.95187377929688,15.899545669555664,56.3922119140625,61.73872375488281,1
259498.0,2179.518798828125,1.3882863521575928,49.22004318237305,113.50634765625,112.89323425292969,46.72612380981445,64.44136810302734,58.26470184326172,1
12259.5,802.8010864257812,1.6470588445663452,48.999656677246094,180.05728149414062,144.7214813232422,64.4258804321289,44.13410186767578,65.47752380371094,1
1001121.0,4156.0,0.5757575631141663,18.619279861450195,80.28619384765625,112.304443359375,13.641962051391602,43.26968765258789,54.00297546386719,1
1173.5,173.698486328125,2.0,24.555885314941406,208.28775024414062,115.01724243164062,12.147705078125,35.324745178222656,47.43909454345703,1
1223.5,312.18377685546875,0.364705890417099,27.929410934448242,147.56507873535156,126.0656509399414,17.026052474975586,54.851627349853516,65.00337219238281,1
30643.0,713.4558715820312,1.3246753215789795,44.377037048339844,148.31072998046875,163.17825317382812,23.184202194213867,65.94818115234375,60.495643615722656,1
37614.0,819.1959838867188,1.4303029775619507,38.66561508178711,155.53123474121094,144.0065460205078,46.87843322753906,50.93778991699219,60.485626220703125,1
5616.0,415.0538330078125,2.2931034564971924,47.99429702758789,177.7711944580078,149.83912658691406,31.60606575012207,47.90620422363281,60.098793029785156,1
16333.0,614.5584106445312,0.9585798978805542,49.64160919189453,86.47811889648438,130.28355407714844,48.02219009399414,76.38471221923828,44.701698303222656,1
1674.0,216.083251953125,0.8166666626930237,17.573129653930664,189.7843475341797,140.86019897460938,2.690704345703125,36.19028091430664,35.72061538696289,1
1238.0,174.76954650878906,1.6470588445663452,53.4774169921875,228.34454345703125,124.70536041259766,27.382091522216797,26.83725929260254,36.85170364379883,1
18407.0,1441.34228515625,0.9103139042854309,27.57173728942871,140.1117706298828,154.4149169921875,38.09196853637695,54.44990921020508,64.62802124023438,1
31803.5,1038.1492919921875,1.2021857500076294,47.37936019897461,160.83502197265625,175.5925750732422,12.812844276428223,42.92374801635742,40.208824157714844,1
5213.5,313.7228698730469,1.0487804412841797,17.010068893432617,181.12393188476562,93.21781158447266,7.292120933532715,66.27352142333984,37.28083419799805,1
1416.0,213.7401123046875,1.0350877046585083,47.686588287353516,101.33660125732422,149.4204559326172,37.02751159667969,58.18306350708008,70.44398498535156,1
884.0,128.28427124023438,1.4642857313156128,43.727352142333984,131.75958251953125,86.22125244140625,35.16511154174805,69.90792846679688,47.887733459472656,1
5345.0,494.9360656738281,1.6363636255264282,38.09848403930664,152.96282958984375,155.82347106933594,53.400856018066406,59.908363342285156,76.4707260131836,1
5221.0,343.70562744140625,1.0,49.1858024597168,119.30999755859375,122.30913543701172,61.59700393676758,67.97756958007812,73.6215591430664,1
118265.0,1475.734130859375,1.0939759016036987,24.614877700805664,133.52020263671875,115.99674987792969,17.20905303955078,59.56523513793945,56.19606399536133,1
16456.0,514.0,1.122950792312622,22.61481475830078,138.5098114013672,161.5616912841797,25.072080612182617,117.60433959960938,52.557003021240234,1
1673066.5,5649.650390625,0.9675281643867493,45.650638580322266,107.84477233886719,123.60785675048828,45.96983337402344,61.49442672729492,37.80500030517578,1
5281.5,774.1492919921875,1.3571428060531616,40.93577575683594,101.98506927490234,148.04563903808594,30.620885848999023,62.642486572265625,74.91739654541016,1
19800.0,564.0,1.135338306427002,51.01169967651367,225.206787109375,129.4988250732422,35.126747131347656,43.92469787597656,42.58881378173828,1
24505.0,1462.1563720703125,0.5625,18.41642189025879,80.60850524902344,122.16371154785156,5.385866165161133,28.30254364013672,43.86196517944336,1
17479.0,1464.926025390625,1.24210524559021,32.09357833862305,200.67626953125,207.2636260986328,16.906171798706055,57.94477462768555,52.20962142944336,1
55199.0,1835.5777587890625,0.99609375,41.6240348815918,170.40960693359375,150.24803161621094,16.499242782592773,41.47599411010742,48.075889587402344,1
148232.0,2145.116943359375,2.2596685886383057,10.578563690185547,16.767955780029297,95.99633026123047,14.426250457763672,20.18535041809082,69.46703338623047,1
30022.5,711.80615234375,0.9378238320350647,24.67377471923828,185.8143310546875,191.0455780029297,26.510719299316406,83.8139877319336,46.297733306884766,1
3429.0,245.5979766845703,0.5595238208770752,48.12689971923828,114.3857650756836,112.27406311035156,46.05410385131836,65.5262680053711,57.97706985473633,1
3550.0,328.1665344238281,1.1973683834075928,21.188982009887695,179.6288299560547,192.3299560546875,3.040501594543457,33.661861419677734,11.524517059326172,1
125824.0,1433.39697265625,1.1094675064086914,35.26048278808594,141.36380004882812,125.70574951171875,26.70864486694336,51.06092071533203,50.936500549316406,1
20997.0,589.9411010742188,0.9220778942108154,74.23417663574219,116.81855010986328,192.45143127441406,53.53216552734375,63.831363677978516,70.63999938964844,1
103456.0,1336.0,1.7346938848495483,25.07415199279785,104.1167221069336,126.15164184570312,32.17778396606445,67.8743896484375,88.23507690429688,1
27733.5,1159.0751953125,0.8833922147750854,36.90441131591797,128.0009002685547,152.5269012451172,20.718076705932617,58.41847610473633,72.78558349609375,1
1872.5,191.21319580078125,1.0,47.862003326416016,162.1999053955078,126.98251342773438,58.81086730957031,63.160987854003906,65.32691192626953,1
889.5,272.6690368652344,0.2688172161579132,32.34451675415039,122.41290283203125,189.01634216308594,34.357295989990234,58.57170104980469,62.55717468261719,1
3364.0,232.0,1.0,34.225223541259766,176.8842315673828,89.52743530273438,38.49624252319336,90.12315368652344,91.84410858154297,1
84911.0,1182.083251953125,1.202247142791748,37.137142181396484,143.9701690673828,148.6255340576172,35.448543548583984,39.098731994628906,57.37953567504883,1
1278.0,413.39697265625,2.65625,20.815073013305664,103.6926498413086,189.86691284179688,13.975529670715332,36.68474197387695,52.740352630615234,1
18360.0,542.0,1.0073529481887817,30.135787963867188,103.7234878540039,62.7788200378418,40.03932189941406,103.31153106689453,81.7857666015625,1
660.5,187.01219177246094,1.6129032373428345,20.12709617614746,160.13999938964844,141.40065002441406,8.905379295349121,50.72507095336914,56.137229919433594,1
641.5,172.52691650390625,0.8717948794364929,62.00904846191406,136.89593505859375,151.0294189453125,68.68563079833984,57.8419303894043,52.619422912597656,1
10175.5,661.3796997070312,0.6277372241020203,34.657867431640625,106.13037109375,132.71990966796875,17.009986877441406,63.32489013671875,65.0821762084961,1
2379.5,467.095458984375,2.1666667461395264,30.08738899230957,144.56593322753906,132.10256958007812,11.834357261657715,51.33757781982422,55.00468444824219,1
188169.5,5925.55859375,1.3333333730697632,22.677997589111328,79.80830383300781,122.71601867675781,7.709239482879639,42.60798263549805,49.10615539550781,1
24560.0,1085.9898681640625,1.8823529481887817,33.105037689208984,137.3815155029297,166.43336486816406,33.225914001464844,38.90216064453125,59.726829528808594,1
421.0,157.5979766845703,4.1875,21.60820960998535,171.6007537841797,143.66976928710938,3.9924657344818115,28.441730499267578,42.88710021972656,1
103.5,67.0710678100586,5.166666507720947,21.591398239135742,188.61289978027344,199.46237182617188,2.4592881202697754,42.516292572021484,34.01930618286133,1
32978.0,746.62744140625,0.9114583134651184,49.1519660949707,161.7308349609375,178.48287963867188,18.953092575073242,42.568939208984375,38.7149772644043,1
17662.0,538.8284301757812,0.970588207244873,38.21657943725586,158.1720733642578,146.640380859375,24.40748405456543,55.55082702636719,79.99995422363281,1
823690.0,5685.41796875,1.2514910697937012,54.98378372192383,94.0501480102539,148.19775390625,55.45219802856445,69.46379089355469,45.118377685546875,1
16200.0,1707.283447265625,1.1764706373214722,30.801992416381836,150.33935546875,154.86891174316406,25.50213050842285,48.246429443359375,53.42305374145508,1
3749.5,261.3553466796875,1.2950819730758667,44.80867385864258,146.35816955566406,142.33616638183594,9.583001136779785,34.99638366699219,53.0676155090332,1
749.5,158.87005615234375,1.923076868057251,55.23923110961914,158.35231018066406,152.66000366210938,33.852516174316406,66.46553039550781,52.91816329956055,1
5089.5,301.0710754394531,1.9615384340286255,23.5976619720459,133.4360809326172,164.43759155273438,9.82418441772461,57.094478607177734,71.10926055908203,1
12295.0,720.1564331054688,0.8489583134651184,37.37880325317383,127.0155258178711,152.5316925048828,20.919288635253906,58.78395462036133,73.02815246582031,1
8448.0,392.0,2.0461537837982178,14.655523300170898,57.43736267089844,51.28166580200195,31.34140396118164,87.72672271728516,89.21739196777344,1
42438.0,1439.6365966796875,1.3387755155563354,56.06493377685547,125.36871337890625,173.1592559814453,40.84053421020508,80.38832092285156,68.35029602050781,1
43734.0,2247.9697265625,1.0,13.9708251953125,105.78778076171875,119.01058959960938,13.009639739990234,53.95220184326172,45.24810791015625,1
5477.0,296.4263916015625,1.1486486196517944,19.731637954711914,199.57456970214844,127.21033477783203,22.381696701049805,74.1170425415039,43.36244201660156,1
45570.0,854.0,1.0331753492355347,21.443605422973633,88.96760559082031,74.17435455322266,23.244169235229492,95.2381820678711,87.35564422607422,1
40490.5,1038.801025390625,1.5752688646316528,121.01543426513672,205.4099578857422,164.40911865234375,78.26870727539062,51.583351135253906,75.38349151611328,1
3596.0,240.0,0.9365079402923584,27.2085018157959,183.9569549560547,158.40382385253906,13.358445167541504,32.81765365600586,65.54589080810547,1
43548.0,838.0,1.1927083730697632,13.105963706970215,109.62938690185547,114.58610534667969,10.175219535827637,92.19615173339844,87.17079162597656,1
583381.0,12810.29296875,0.5625,19.369441986083984,79.74842834472656,123.84243774414062,7.53626823425293,29.357805252075195,45.53322219848633,1
16480.0,610.5584106445312,1.0764330625534058,41.679683685302734,111.34730529785156,127.21366119384766,44.76032257080078,84.21565246582031,40.79861831665039,1
145722.0,1899.813232421875,1.7777777910232544,20.424270629882812,90.0342788696289,131.68983459472656,15.185763359069824,30.789676666259766,51.47642135620117,1
7408.5,330.8355712890625,0.9700000286102295,126.8652572631836,111.29927825927734,107.87670135498047,68.06039428710938,77.55125427246094,85.01335144042969,1
6813.0,318.4508056640625,0.8500000238418579,132.83505249023438,151.62693786621094,88.14176177978516,62.418514251708984,89.85004425048828,82.45858001708984,1
14802.5,585.34521484375,1.044025182723999,50.41407012939453,96.64037322998047,128.3619384765625,49.91380310058594,82.27352142333984,43.85793685913086,1
96018.5,3411.765625,1.3559322357177734,51.986148834228516,170.83399963378906,141.37974548339844,34.64165115356445,54.919864654541016,43.45882797241211,1
12259.5,802.8010864257812,1.6470588445663452,48.999656677246094,180.05728149414062,144.7214813232422,64.4258804321289,44.13410186767578,65.47752380371094,1
2423.0,323.39697265625,0.5052631497383118,26.34890365600586,132.3756561279297,178.58596801757812,7.077359199523926,50.16987609863281,69.30169677734375,1
35857.5,931.1685791015625,0.7935222387313843,39.320499420166016,181.8703155517578,127.14946746826172,33.521060943603516,65.90618133544922,69.03526306152344,1
3420.0,234.0,0.9508196711540222,25.995759963989258,170.40220642089844,154.44630432128906,15.601587295532227,36.8203010559082,70.81916046142578,1
3306.0,230.0,1.017241358757019,35.95733642578125,142.28433227539062,86.80303955078125,39.83735275268555,92.36225891113281,98.28595733642578,1
398.5,121.21320343017578,0.9354838728904724,13.562847137451172,200.0956573486328,214.42491149902344,5.397976875305176,45.8227424621582,39.81690216064453,1
253.0,75.31370544433594,1.4117647409439087,27.519607543945312,226.66421508789062,173.0416717529297,1.7148737907409668,20.918668746948242,39.7546501159668,1
2983.0,438.877197265625,1.0229885578155518,26.632312774658203,149.76727294921875,150.15484619140625,26.618515014648438,56.20103454589844,55.70602798461914,1
240190.5,3000.791015625,2.566844940185547,50.11798858642578,55.429443359375,59.73481750488281,54.78126525878906,69.84681701660156,79.23592376708984,1
25695.5,950.3746948242188,1.751724123954773,32.82199478149414,221.47811889648438,145.93722534179688,23.713119506835938,36.58966827392578,52.51190185546875,1
31296.0,710.0,1.176829218864441,60.15468215942383,233.60716247558594,190.36935424804688,38.495140075683594,37.90205383300781,69.7740249633789,1
317.0,88.97056579589844,0.9230769276618958,28.357372283935547,139.49679565429688,171.33493041992188,5.6847333908081055,55.90422058105469,77.94866943359375,1
71446.5,2174.579833984375,0.5625,20.86346435546875,92.32099151611328,131.4784698486328,7.489947319030762,28.44032096862793,67.38750457763672,1
2134.5,336.4680480957031,2.909090995788574,57.46275329589844,198.3030242919922,151.11016845703125,34.27201843261719,52.371543884277344,55.14594650268555,1
1879.5,178.12489318847656,0.9230769276618958,20.530048370361328,132.56089782714844,98.59214782714844,9.386205673217773,56.32785415649414,37.045345306396484,1
654625.5,8434.474609375,1.7777777910232544,21.364843368530273,73.81777954101562,118.00210571289062,11.78414535522461,38.453975677490234,48.514060974121094,1
2492.5,232.52691650390625,0.6197183132171631,25.264083862304688,118.39949035644531,140.2064666748047,9.937499046325684,46.58443832397461,49.35945129394531,1
322373.5,5214.63720703125,0.81144779920578,20.988298416137695,82.69004821777344,140.21449279785156,9.039502143859863,83.09710693359375,44.35736083984375,1
2949.5,264.0660095214844,0.8783783912658691,18.035551071166992,167.25946044921875,103.88294982910156,3.6540331840515137,72.16365051269531,52.78813552856445,1
137024.5,2257.9482421875,5.853658676147461,99.40327453613281,122.93840789794922,80.85193634033203,5.151023864746094,22.11918067932129,42.12556457519531,1
888.5,272.6690368652344,3.7200000286102295,29.89204216003418,122.56172180175781,188.98924255371094,30.39340591430664,57.626953125,62.212860107421875,1
3553.0,254.4852752685547,0.5421686768531799,17.751272201538086,176.1282501220703,93.80428314208984,19.85978889465332,67.0167465209961,44.240360260009766,1
1575.5,272.18377685546875,0.6891891956329346,26.608903884887695,180.78404235839844,152.03656005859375,13.14370346069336,46.13425827026367,60.425209045410156,1
15829.0,1535.5777587890625,0.8849999904632568,39.600677490234375,158.01437377929688,167.18283081054688,16.10083770751953,50.297767639160156,58.13190460205078,1
185.0,79.31370544433594,0.7916666865348816,13.166666984558105,190.56797790527344,173.70175170898438,5.115622043609619,47.523075103759766,47.89186096191406,1
2778.5,319.9827575683594,1.7872340679168701,53.46529769897461,188.12208557128906,156.32801818847656,33.547176361083984,52.81573486328125,49.915985107421875,1
12259.5,802.8010864257812,1.6470588445663452,48.999656677246094,180.05728149414062,144.7214813232422,64.4258804321289,44.13410186767578,65.47752380371094,1
1935.0,182.62741088867188,1.0,45.81805419921875,157.15878295898438,126.330810546875,57.281856536865234,64.14521789550781,65.21723175048828,1
241.5,65.55635070800781,0.7272727489471436,63.258522033691406,96.57670593261719,116.35511016845703,53.103389739990234,62.72495651245117,61.5667724609375,1
1321659.0,20798.21484375,1.7777777910232544,22.873027801513672,79.73117065429688,122.77937316894531,8.649650573730469,42.63875198364258,49.21894073486328,1
1545.0,235.5979766845703,0.7536231875419617,51.47491455078125,108.80211639404297,146.84364318847656,45.001277923583984,64.98483276367188,68.11402893066406,1
1560.0,158.0,1.024999976158142,25.511585235595703,143.96829223632812,179.10122680664062,16.803524017333984,38.92612075805664,64.67481994628906,1
599.5,106.24263763427734,1.0,26.856508255004883,173.6834259033203,145.79733276367188,16.518640518188477,53.40251541137695,65.24919128417969,1
26705.0,747.3380737304688,1.0409356355667114,29.384782791137695,182.77442932128906,174.18411254882812,11.728672981262207,49.69794464111328,54.03530502319336,1
892.0,248.91168212890625,2.275861978530884,29.786834716796875,159.57470703125,195.15988159179688,16.74791717529297,34.187217712402344,53.253013610839844,1
286.0,90.48528289794922,1.1904761791229248,16.43238067626953,173.8000030517578,144.94094848632812,19.521554946899414,51.38267135620117,63.907630920410156,1
782.0,171.94113159179688,0.75,49.73622512817383,123.58470916748047,114.56818389892578,38.88323974609375,69.40715026855469,63.44880676269531,1
13187.5,656.5167846679688,1.5663716793060303,20.027448654174805,186.63751220703125,112.20968627929688,22.44948387145996,51.5510139465332,55.85185623168945,1
1618.5,164.24264526367188,1.0487804412841797,35.85195541381836,168.2637481689453,155.9897918701172,39.79513931274414,49.91298294067383,66.52122497558594,1
216852.0,4356.4345703125,1.3333333730697632,21.0675106048584,74.08807373046875,117.96839904785156,10.532191276550293,38.440303802490234,48.43170166015625,1
18627.0,605.4457397460938,0.931034505367279,22.947885513305664,187.8690643310547,139.82659912109375,21.192808151245117,54.089534759521484,67.44112396240234,1
2339.0,270.6274108886719,3.5,16.123809814453125,174.0209503173828,101.81460571289062,3.7418148517608643,56.46305465698242,34.7992057800293,1
3201.0,225.7989959716797,0.9344262480735779,26.722461700439453,147.68133544921875,175.90538024902344,15.841474533081055,50.33391189575195,54.655860900878906,1
974.0,136.76954650878906,0.7674418687820435,46.86821746826172,125.84355163574219,99.28681945800781,35.62826156616211,66.035400390625,54.82704162597656,1
1618.5,164.24264526367188,1.0487804412841797,34.95689010620117,166.68008422851562,156.0873565673828,38.423240661621094,45.81684112548828,64.79466247558594,1
2282.0,275.88226318359375,0.9253731369972229,62.582088470458984,112.81295013427734,121.72821044921875,44.08128356933594,62.97747039794922,59.65178680419922,1
3698.5,464.7523193359375,1.220588207244873,26.090360641479492,170.677001953125,139.10719299316406,31.44896125793457,51.53826904296875,69.33473205566406,1
14780.0,569.3624877929688,1.3680000305175781,31.948022842407227,159.08921813964844,157.5413360595703,35.891902923583984,88.41314697265625,57.68981170654297,1
168728.0,4121.15966796875,1.3333333730697632,37.32451248168945,186.75315856933594,140.53353881835938,7.040301322937012,41.019351959228516,52.56233596801758,1
22635.0,603.313720703125,1.1408450603485107,48.67992401123047,222.12619018554688,200.8238983154297,36.78721237182617,44.093727111816406,68.48070526123047,1
25230.0,638.0,0.8342857360839844,36.70594787597656,118.62195587158203,154.95018005371094,35.96638107299805,94.70801544189453,42.21299362182617,1
265656.5,6137.72509765625,0.4593749940395355,20.95628547668457,97.94092559814453,139.32998657226562,5.993192195892334,26.36345672607422,65.4636459350586,1
21805.5,639.80615234375,1.2896552085876465,26.12137222290039,172.62327575683594,170.3470458984375,31.347841262817383,91.7227783203125,60.18091583251953,1
63815.0,1185.2203369140625,0.9702602028846741,41.308292388916016,137.18264770507812,167.0554962158203,21.65382194519043,57.221065521240234,62.70721435546875,1
2584.5,241.35533142089844,1.0,21.8203125,201.238037109375,126.141357421875,9.673171997070312,50.9490966796875,61.314186096191406,1
50657.0,1072.4508056640625,0.8286713361740112,19.772918701171875,113.93812561035156,148.58364868164062,23.640541076660156,71.88642120361328,52.63833999633789,1
12508.0,448.0,1.1121494770050049,52.99010467529297,74.46634674072266,88.534912109375,55.878448486328125,93.02457427978516,111.87068176269531,1
82944.0,1152.0,1.0,22.882951736450195,79.65740203857422,77.08399963378906,27.81985855102539,87.48039245605469,86.25367736816406,1
129.5,59.89949417114258,0.9375,30.191667556762695,133.7291717529297,198.25416564941406,12.380627632141113,42.82402801513672,37.82181167602539,1
4090990.5,47797.59375,1.5805566310882568,24.30657386779785,56.81392288208008,151.8444061279297,10.360990524291992,61.500221252441406,41.05168914794922,1
980.0,131.94113159179688,0.7857142686843872,56.26334762573242,103.7352066040039,113.9112548828125,51.78807830810547,61.05244445800781,60.4794921875,1
46381.0,1307.4945068359375,0.9377162456512451,34.34867477416992,188.4920196533203,170.6936798095703,40.223384857177734,44.33180618286133,58.30392074584961,1
92485.0,1253.5980224609375,1.0958904027938843,48.133113861083984,132.91017150878906,157.51133728027344,36.83968734741211,59.86691665649414,74.55770111083984,1
638.5,172.52691650390625,0.8717948794364929,61.350677490234375,137.9404296875,150.8838653564453,68.7546157836914,60.13095474243164,54.637237548828125,1
880.0,129.11270141601562,0.6829268336296082,43.63676071166992,133.2822265625,86.15418243408203,35.12451171875,69.95734405517578,47.85434341430664,1
5147.5,447.8061218261719,1.0104166269302368,23.094072341918945,235.88499450683594,251.35609436035156,1.7968565225601196,16.84746742248535,4.489238262176514,1
1224.5,312.18377685546875,0.364705890417099,28.916128158569336,147.7840576171875,125.97001647949219,19.21857261657715,55.287071228027344,64.79315185546875,1
5040.0,284.0,1.02816903591156,39.88249969482422,79.02739715576172,79.03279876708984,49.592403411865234,91.375,86.51404571533203,1
304.5,74.38477325439453,0.9090909361839294,51.025001525878906,128.4250030517578,94.37727355957031,49.775238037109375,71.91578674316406,58.22115707397461,1
5283.0,771.5634765625,0.7368420958518982,40.51128005981445,101.10108947753906,147.94131469726562,29.319807052612305,61.49630355834961,74.70207977294922,1
2943.5,268.0660095214844,0.8783783912658691,18.494386672973633,168.3596649169922,103.9713134765625,6.191677570343018,71.99778747558594,52.69136047363281,1
15702.0,1053.2691650390625,1.0829015970230103,32.23484802246094,125.96345520019531,171.18896484375,21.790185928344727,52.83998107910156,48.70876693725586,1
2828.0,560.5340576171875,1.8524590730667114,69.78616333007812,169.73146057128906,151.070068359375,38.1220588684082,67.73434448242188,54.95918655395508,1
84400.5,1340.4478759765625,0.761273205280304,43.15100860595703,133.46786499023438,93.18017578125,36.43404006958008,65.03089141845703,48.97745132446289,1
3599.0,325.4213562011719,1.0581395626068115,65.42435455322266,98.48594665527344,189.27369689941406,57.26856231689453,61.27480697631836,63.73053741455078,1
55454.5,1145.5361328125,0.8327974081039429,33.587059020996094,161.8458709716797,157.02464294433594,37.595577239990234,87.93595886230469,58.397579193115234,1
14780.0,569.3624877929688,0.7309941649436951,31.948022842407227,159.08944702148438,157.5413360595703,35.891902923583984,88.41310119628906,57.68981170654297,1
1481.0,165.7989959716797,0.9111111164093018,20.322492599487305,159.11978149414062,150.7734375,15.217753410339355,48.40620040893555,56.47953414916992,1
1001121.0,4156.0,1.736842155456543,20.914134979248047,74.46092987060547,108.4673843383789,15.396530151367188,49.958900451660156,56.46605682373047,1
7522.5,729.864990234375,3.0999999046325684,66.007080078125,195.76210021972656,172.3345947265625,31.45757293701172,44.0738639831543,54.169620513916016,1
2161.0,414.1665344238281,0.8552631735801697,45.78664016723633,108.04129791259766,136.13360595703125,41.53033447265625,58.32866287231445,67.98167419433594,1
50657.0,1072.4508056640625,0.8286713361740112,19.772918701171875,113.93809509277344,148.58364868164062,23.640541076660156,71.88642120361328,52.63833999633789,1
1551.0,234.76954650878906,1.326923131942749,51.28706741333008,109.41165161132812,146.9108123779297,44.855777740478516,65.41327667236328,68.2142333984375,1
555.0,117.31370544433594,0.8125,112.27043151855469,142.44952392578125,201.90023803710938,83.54718780517578,40.24653244018555,24.140033721923828,1
7284.0,324.2497863769531,0.9399999976158142,129.19479370117188,110.76606750488281,106.37244415283203,66.67578887939453,75.5495834350586,83.48902130126953,1
1209.5,153.8406219482422,0.804347813129425,57.01762771606445,95.18096160888672,132.5281982421875,49.52348327636719,61.59983444213867,67.94194793701172,1
1078.5,187.35533142089844,2.2068965435028076,21.987607955932617,191.5242462158203,134.08944702148438,4.212353229522705,40.78125,61.97023391723633,1
1092.5,209.35533142089844,1.0,40.014320373535156,157.46963500976562,122.25629425048828,53.14855194091797,56.46683120727539,55.71024703979492,1
423981.5,7977.94482421875,1.045751690864563,26.769268035888672,82.13719940185547,164.0140838623047,14.920160293579102,86.02511596679688,47.35934829711914,1
50013.0,1334.170654296875,1.5955555438995361,84.88448333740234,168.34408569335938,140.30120849609375,72.47283172607422,66.91114044189453,71.05486297607422,1
1115.0,141.45584106445312,0.949999988079071,19.200000762939453,214.27105712890625,105.54078674316406,2.3615896701812744,42.958351135253906,46.88703918457031,1
335.0,170.76954650878906,1.2307692766189575,27.965145111083984,147.7548065185547,181.91465759277344,21.802047729492188,43.94248962402344,65.41886901855469,1
5168.5,296.9776916503906,0.9468085169792175,35.73798751831055,110.61176300048828,117.10494995117188,44.62295150756836,67.97644805908203,81.4513931274414,1
28588.0,1019.3280029296875,0.9271844625473022,27.667692184448242,132.74752807617188,141.597412109375,35.0197868347168,84.5920639038086,48.50764465332031,1
30134.5,1144.0213623046875,0.6346153616905212,23.250629425048828,174.3354034423828,105.15680694580078,26.62586212158203,52.77970886230469,54.61561965942383,1
26280.0,652.0,0.8121547102928162,55.554290771484375,229.63258361816406,183.28158569335938,32.9512825012207,35.13805389404297,47.63138198852539,1
22202.0,860.0386352539062,0.6276150345802307,84.90675354003906,168.5164337158203,140.15640258789062,72.53876495361328,66.8911361694336,71.1070327758789,1
1283.0,298.5096740722656,0.4842105209827423,32.42356872558594,185.07345581054688,138.70709228515625,27.57685661315918,48.36555480957031,65.77159118652344,1
723.5,129.15432739257812,0.8139534592628479,22.14551544189453,180.33953857421875,124.53488159179688,24.503917694091797,60.01613998413086,66.88484191894531,1
2599.5,516.4091796875,1.1176470518112183,26.483552932739258,190.9446563720703,155.25987243652344,13.91308879852295,51.63080596923828,68.04785919189453,1
5876.5,484.95330810546875,1.3611111640930176,39.38227462768555,190.89776611328125,202.0360870361328,22.46925163269043,71.86756134033203,53.57297134399414,1
8851.0,729.480224609375,0.9921875,49.41504669189453,221.18959045410156,220.83360290527344,31.831083297729492,37.28351974487305,25.26828384399414,1
27679.0,957.9898681640625,1.8068965673446655,36.49981689453125,227.88436889648438,134.07904052734375,25.821216583251953,25.720075607299805,48.78667068481445,1
32978.0,746.62744140625,1.0971428155899048,49.1519660949707,161.7308349609375,178.48287963867188,18.953092575073242,42.5689811706543,38.7149772644043,1
8925.0,821.2203369140625,2.9538462162017822,69.088623046875,197.2181854248047,158.65264892578125,32.96904373168945,64.70265197753906,43.99695587158203,1
5256.0,290.0,1.0136985778808594,36.7595329284668,155.53314208984375,93.31988525390625,37.903076171875,88.03868865966797,97.55134582519531,1
399696.0,7414.48193359375,0.6850618720054626,20.767349243164062,64.71521759033203,123.6677017211914,14.915828704833984,37.85948181152344,48.72340774536133,1
640896.0,10616.4169921875,0.5625,18.59950828552246,79.89154815673828,122.18167877197266,6.909355640411377,27.840299606323242,44.558963775634766,1
889.5,272.6690368652344,3.7200000286102295,31.938064575195312,122.37591552734375,189.4464569091797,33.874794006347656,58.445091247558594,63.09083557128906,1
7626.0,350.0,0.8829787373542786,20.84247589111328,71.46141815185547,40.127017974853516,42.21090316772461,95.50929260253906,66.89022827148438,1
2771.0,212.4852752685547,0.9636363387107849,25.246654510498047,158.5118408203125,174.9866180419922,14.419346809387207,41.59996795654297,66.59536743164062,1
3553.0,254.4852752685547,1.8444443941116333,17.072824478149414,176.43801879882812,93.73119354248047,16.864656448364258,67.89601135253906,44.312808990478516,1
22467.0,628.7005615234375,1.2893081903457642,42.50025939941406,91.29722595214844,125.0704116821289,42.65888595581055,71.02516174316406,42.630855560302734,1
571.5,116.24263763427734,2.625,32.95833206176758,79.58928680419922,164.64137268066406,40.96428680419922,48.70236587524414,48.78757095336914,1
1122.5,267.2964782714844,0.9259259104728699,66.69629669189453,150.94036865234375,154.05926513671875,70.54679870605469,45.35834884643555,55.799476623535156,1
118748.5,3696.6875,1.4382022619247437,27.890390396118164,147.52708435058594,128.3787841796875,18.761877059936523,50.776519775390625,64.9577865600586,1
1489.5,205.35533142089844,1.0740740299224854,34.76755905151367,186.46583557128906,173.1839141845703,9.585948944091797,49.76591873168945,69.94464874267578,1
440.5,141.01219177246094,0.8108108043670654,21.957656860351562,175.06756591796875,159.52072143554688,34.677703857421875,60.693233489990234,64.43403625488281,1
9400.0,388.0,1.0631579160690308,37.66075897216797,150.01812744140625,85.75091552734375,51.37138366699219,94.87293243408203,90.31488800048828,1
6500161.0,24451.568359375,1.7230769395828247,19.206079483032227,97.06598663330078,141.2669219970703,6.7041916847229,69.05579376220703,48.902366638183594,1
9659.5,1009.34521484375,1.2419354915618896,34.675533294677734,134.8791961669922,174.26177978515625,31.474624633789062,50.242881774902344,48.21951675415039,1
7683.5,986.8010864257812,1.2319999933242798,21.786806106567383,155.10389709472656,183.3349609375,29.605566024780273,52.18353271484375,47.721641540527344,1
141422.0,1991.1656494140625,1.2713178396224976,39.440364837646484,182.6334228515625,127.244140625,33.64523696899414,66.15632629394531,69.29573059082031,1
55454.5,1145.5361328125,0.8327974081039429,33.587059020996094,161.84584045410156,157.02464294433594,37.595577239990234,87.93598937988281,58.397579193115234,1
13775.5,551.6051025390625,0.8376623392105103,32.94639205932617,163.42172241210938,156.10304260253906,37.112125396728516,87.3917236328125,58.15708923339844,1
1366.0,210.08326721191406,0.6000000238418579,48.48935317993164,105.22916412353516,130.9606475830078,42.91426467895508,58.44963455200195,61.23023986816406,1
8545.5,530.3502807617188,0.7246376872062683,38.50703048706055,236.099853515625,159.12420654296875,21.404647827148438,24.331974029541016,56.94039535522461,1
541.0,156.28427124023438,0.4444444477558136,21.86188316345215,118.63734436035156,170.33642578125,1.9245563745498657,60.79416275024414,47.00606918334961,1
10403.0,408.0,0.9807692170143127,40.71502685546875,81.88923645019531,67.38084411621094,49.6729736328125,99.4471664428711,95.06493377685547,1
3127.0,236.1421356201172,0.9333333373069763,26.503273010253906,155.32916259765625,173.99404907226562,16.066360473632812,43.459510803222656,53.087135314941406,1
122687.5,4092.476318359375,1.3333333730697632,64.90227508544922,88.41902160644531,172.18284606933594,51.569915771484375,54.09333419799805,64.07414245605469,1
1409.5,161.49746704101562,1.3783783912658691,44.46529006958008,137.67408752441406,90.32379150390625,37.11201095581055,69.29513549804688,44.92900466918945,1
14456.0,749.7645263671875,1.203703761100769,16.713960647583008,236.60269165039062,202.0656280517578,2.908618450164795,16.2445068359375,41.9361457824707,1
7523.5,729.864990234375,0.32258063554763794,65.99211120605469,195.75205993652344,172.39291381835938,31.474557876586914,44.06264877319336,54.20072555541992,1
1156.5,144.1837615966797,1.548387050628662,42.08266067504883,137.27420043945312,89.42876434326172,35.57954025268555,67.04502868652344,46.112213134765625,1
4921.5,413.78173828125,2.6458332538604736,35.46489334106445,78.34235382080078,165.23736572265625,42.86281204223633,49.42784118652344,51.838340759277344,1
8887.5,443.66400146484375,0.7967479825019836,39.346771240234375,183.0764923095703,126.59407806396484,33.58169937133789,66.00997161865234,69.07420349121094,1
274610.0,4659.634765625,0.5848903059959412,19.77284049987793,91.16325378417969,131.43435668945312,7.221119403839111,27.344005584716797,63.73734664916992,1
2293.0,196.97056579589844,0.6721311211585999,58.772891998291016,114.41983032226562,167.7832794189453,38.24678039550781,69.43660736083984,62.341896057128906,1
57105.0,1940.940185546875,1.305343508720398,23.69683265686035,160.7744140625,169.3958282470703,42.54070281982422,42.189720153808594,63.039737701416016,1
353.5,85.0710678100586,0.5714285969734192,25.14285659790039,143.18972778320312,99.54017639160156,3.0832414627075195,43.9152717590332,45.41911315917969,1
130660.0,2524.243896484375,2.1192052364349365,23.809877395629883,208.67831420898438,119.22367858886719,12.557833671569824,33.73815155029297,49.25210189819336,1
535654.5,7714.20068359375,1.7756233215332031,23.26875114440918,75.7745590209961,118.56702423095703,10.360977172851562,48.28011703491211,48.980709075927734,1
3115.5,223.41421508789062,1.0,37.47676086425781,186.7534637451172,140.54324340820312,7.149171352386475,42.613033294677734,52.69404602050781,1
893.5,214.32589721679688,0.7799999713897705,20.118974685668945,182.04513549804688,164.80667114257812,14.465066909790039,52.045127868652344,63.49236297607422,1
1702.0,345.5390930175781,2.3333332538604736,20.767250061035156,156.75413513183594,139.6894989013672,13.652238845825195,51.20919418334961,50.27477264404297,1
1650.5,161.8994903564453,1.073170781135559,35.39190673828125,159.43515014648438,157.39468383789062,38.877071380615234,56.04850769042969,67.22879791259766,1
1616.0,163.6568603515625,0.9534883499145508,36.65740203857422,169.28134155273438,156.1599578857422,40.875022888183594,50.20690155029297,66.7630386352539,1
2333.0,244.56854248046875,0.6712328791618347,46.30500411987305,120.86469268798828,120.52837371826172,38.0340690612793,63.528926849365234,58.928009033203125,1
1973.5,195.35533142089844,2.057142972946167,47.00079345703125,133.73294067382812,181.52935791015625,33.600006103515625,58.38118362426758,46.20060729980469,1
6941.0,318.1076354980469,0.8799999952316284,136.8289794921875,135.72999572753906,98.05750274658203,60.073707580566406,86.39892578125,82.48002624511719,1
1042.5,173.698486328125,1.965517282485962,7.8130669593811035,203.86328125,146.84634399414062,10.80031681060791,39.17759323120117,46.70476531982422,1
16101.5,515.8994750976562,0.8239436745643616,52.597328186035156,214.45419311523438,171.22679138183594,32.01123809814453,39.91789627075195,54.20692443847656,1
5352.5,652.0071411132812,1.0740740299224854,31.00973892211914,196.49362182617188,165.64024353027344,13.780993461608887,55.91657257080078,76.26136779785156,1
34191.0,1426.7249755859375,0.8818181753158569,38.38055419921875,159.44912719726562,190.48056030273438,18.43572998046875,52.079410552978516,43.03776550292969,1
22443.0,612.9705810546875,0.8765432238578796,48.67992401123047,222.12623596191406,200.8238983154297,36.78721237182617,44.093624114990234,68.48070526123047,1
276.5,95.55635070800781,0.5333333611488342,36.26250076293945,184.03541564941406,116.91041564941406,8.356749534606934,37.115596771240234,39.2718391418457,1
638593.0,7740.6884765625,0.5625,22.352588653564453,81.44623565673828,151.1468505859375,7.307870388031006,41.58241271972656,51.91679382324219,1
7267.0,354.39190673828125,0.9126213788986206,19.683330535888672,134.95765686035156,95.66825103759766,6.907174110412598,55.597923278808594,34.38998794555664,1
2629.0,223.8822479248047,0.6438356041908264,42.27018356323242,135.49606323242188,91.93063354492188,35.6159782409668,66.08484649658203,48.26470947265625,1
13104.0,460.0,0.8267716765403748,41.32313537597656,72.82084655761719,67.65594482421875,51.537574768066406,89.6939468383789,85.14849090576172,1
240748.5,2947.5849609375,0.3428812026977539,58.818294525146484,55.32923126220703,102.69562530517578,57.19487380981445,57.8910026550293,104.54656219482422,1
1510.0,234.42640686035156,1.7317073345184326,33.03400802612305,180.67124938964844,150.2724151611328,49.052940368652344,38.611045837402344,61.63019943237305,1
1550.5,234.1837615966797,1.326923131942749,51.54654312133789,108.0119857788086,147.338623046875,44.84573745727539,64.46992492675781,67.79300689697266,1
67340.0,1038.0,0.9961685538291931,24.45330047607422,80.37872314453125,88.71500396728516,28.00066375732422,86.23104858398438,93.308349609375,1
9485.0,423.313720703125,2.2089552879333496,77.75292205810547,176.0982208251953,169.81695556640625,34.135807037353516,65.01434326171875,54.844078063964844,1
71599.0,1072.0,1.118110179901123,26.106882095336914,97.18011474609375,103.31484985351562,20.88555335998535,72.18644714355469,80.13081359863281,1
2628.5,415.7228698730469,0.5368421077728271,56.454490661621094,99.10113525390625,114.6449966430664,54.16560363769531,60.76139831542969,58.56243133544922,1
61522.5,2320.41748046875,1.423423409461975,26.706592559814453,149.39541625976562,150.40994262695312,26.51282501220703,56.26055145263672,55.57879638671875,1
3630.0,245.31370544433594,1.049180269241333,37.71388244628906,168.34170532226562,156.91700744628906,41.838626861572266,48.44781494140625,66.31639099121094,1
984.0,132.4852752685547,1.2580645084381104,62.6129035949707,162.0810546875,163.9065399169922,58.87744140625,36.5827522277832,48.87035369873047,1
668.0,167.39697265625,0.7450980544090271,65.73116302490234,82.90763854980469,137.82920837402344,52.77290725708008,49.481868743896484,67.06778717041016,1
2113.5,182.24264526367188,1.04347825050354,36.58695602416992,177.55299377441406,155.6009979248047,13.629267692565918,47.633724212646484,59.697872161865234,1
114170.5,1632.3746337890625,1.2084506750106812,19.79066276550293,113.9388427734375,148.59825134277344,23.6923828125,71.88990783691406,52.644012451171875,1
1497.5,176.1837615966797,1.0888888835906982,42.7609977722168,130.8004608154297,155.89796447753906,58.69749069213867,61.109039306640625,52.341941833496094,1
231.0,110.97056579589844,2.200000047683716,20.395959854125977,157.89697265625,141.64646911621094,7.4367899894714355,47.971744537353516,51.967533111572266,1
2165.0,236.85281372070312,1.0461539030075073,73.15113067626953,156.87669372558594,113.765380859375,42.022342681884766,67.61166381835938,63.56474685668945,1
1488.0,311.88226318359375,2.5833332538604736,38.7353630065918,112.59497833251953,120.83631896972656,26.825332641601562,60.089569091796875,52.53608322143555,1
639947.0,10919.412109375,1.7777777910232544,18.604202270507812,79.88841247558594,122.18124389648438,6.905468940734863,27.8402099609375,44.56021499633789,1
3118.5,223.41421508789062,1.0,37.5106201171875,186.70205688476562,140.45460510253906,7.176229476928711,42.714168548583984,52.70249557495117,1
1599696.0,13481.2861328125,1.0632996559143066,45.780845642089844,111.47350311279297,148.91390991210938,42.40571212768555,58.161659240722656,48.6494255065918,1
3003.0,224.1421356201172,1.2549020051956177,74.52787780761719,83.7432632446289,167.00306701660156,43.74640655517578,57.78130340576172,71.98370361328125,1
796.5,147.35533142089844,0.6590909361839294,51.72492218017578,118.36912536621094,104.61912536621094,40.82979965209961,69.83716583251953,57.73854064941406,1
9405.0,388.0,0.9599999785423279,17.147708892822266,76.8933334350586,61.45072937011719,30.250900268554688,93.59564971923828,88.06305694580078,1
214.0,76.6274185180664,0.875,22.621030807495117,178.9107208251953,166.7837371826172,24.141555786132812,51.987159729003906,65.04853820800781,1
102070.0,1282.0,0.8530259132385254,38.448944091796875,115.02263641357422,131.2008056640625,39.301353454589844,89.96044921875,100.47750854492188,1
1474.0,161.7989959716797,1.0,27.950029373168945,164.80369567871094,158.2189178466797,33.68259811401367,65.18456268310547,66.04818725585938,1
136309.0,3802.243896484375,1.7777777910232544,23.061826705932617,76.49241638183594,118.41719055175781,8.677567481994629,48.10802459716797,48.97252655029297,1
95465.0,1483.9453125,0.8146213889122009,46.174842834472656,131.68780517578125,94.24514770507812,37.86968231201172,66.3134994506836,50.559181213378906,1
24550.0,746.0244140625,1.0641025304794312,41.93389129638672,125.1662826538086,141.66867065429688,34.03730392456055,50.69118118286133,68.3013916015625,1
601.0,162.62741088867188,0.5348837375640869,18.82002067565918,214.96461486816406,139.4307403564453,13.215333938598633,42.21036148071289,60.57891082763672,1
666.5,170.1837615966797,0.8292682766914368,26.159971237182617,165.42324829101562,166.16571044921875,44.26633834838867,43.294464111328125,60.021820068359375,1
7562.0,473.9066467285156,1.573170781135559,23.070051193237305,175.1716766357422,104.45140838623047,26.505237579345703,52.770957946777344,54.404598236083984,1
2340.5,413.7228698730469,1.253731369972229,48.47085952758789,136.45806884765625,141.74609375,54.04604721069336,52.98507308959961,59.789894104003906,1
67934.0,1198.048828125,1.1304347515106201,48.1868782043457,137.9967041015625,150.3110809326172,35.104671478271484,71.20063018798828,62.99296951293945,1
346276.5,6586.29541015625,0.75,20.192909240722656,29.905038833618164,114.18869018554688,18.931961059570312,55.68626022338867,81.1884536743164,1
1499.5,238.1837615966797,1.7317073345184326,31.327722549438477,180.06802368164062,149.96702575683594,47.154029846191406,38.88561248779297,61.61903762817383,1
1862.0,185.31370544433594,0.8958333134651184,54.32170486450195,179.02761840820312,186.5096893310547,34.183021545410156,67.83641052246094,62.434226989746094,1
3596.0,240.0,0.9365079402923584,27.24831771850586,185.5743865966797,158.96340942382812,13.492091178894043,32.88676071166992,65.88660430908203,1
654650.5,8405.84765625,0.5625,21.38188934326172,73.83071899414062,118.0014877319336,11.884191513061523,38.474300384521484,48.51472854614258,1
548388.5,8407.396484375,0.5625,23.40723991394043,76.2961196899414,118.56453704833984,11.01205825805664,48.22873306274414,49.070560455322266,1
5550.0,298.0,1.0133333206176758,35.615966796875,153.7421112060547,72.05683898925781,37.909873962402344,99.2633056640625,86.0296401977539,1
231.0,102.14213562011719,0.32499998807907104,13.680768966674805,224.62115478515625,204.8307647705078,2.170168161392212,20.532917022705078,32.7873420715332,1
13426.5,647.889404296875,1.5803571939468384,20.190980911254883,187.1285858154297,112.53909301757812,22.309904098510742,48.11619567871094,55.98178482055664,1
9888.0,404.4263916015625,1.204301118850708,41.83659744262695,158.837646484375,133.45535278320312,46.29248809814453,65.99507141113281,58.35758972167969,1
19800.0,564.0,1.135338306427002,51.022605895996094,224.30015563964844,129.9633026123047,35.10997009277344,44.12159729003906,42.557987213134766,1
18407.0,1441.34228515625,1.0985221862792969,27.57173728942871,140.11170959472656,154.4149169921875,38.09196853637695,54.449920654296875,64.62802124023438,1
3558.5,480.95330810546875,1.4605263471603394,26.665481567382812,180.5929412841797,152.06080627441406,13.148917198181152,45.230167388916016,59.97517013549805,1
5053.5,437.4385986328125,1.09375,24.277280807495117,154.6603240966797,208.16795349121094,40.79401779174805,52.72079849243164,40.44072723388672,1
19153.0,556.8284301757812,1.284552812576294,37.04651641845703,145.51837158203125,148.0597381591797,15.851249694824219,42.364192962646484,68.79426574707031,1
1406.5,160.66905212402344,0.7058823704719543,43.8572998046875,135.91720581054688,88.17374420166016,36.187965393066406,68.811279296875,43.90871047973633,1
97195.5,4785.857421875,1.2895833253860474,52.171878814697266,140.0535125732422,205.223388671875,41.938682556152344,72.34330749511719,53.05839538574219,1
18407.0,1441.34228515625,0.9103139042854309,27.57173728942871,140.11172485351562,154.4149169921875,38.09196853637695,54.44993209838867,64.62802124023438,1
52124.0,3473.537353515625,0.9357798099517822,31.699377059936523,178.47569274902344,141.27786254882812,18.405715942382812,45.44578552246094,50.190582275390625,1
5775.0,304.0,1.0263158082962036,36.14372634887695,70.91902923583984,139.34075927734375,40.119903564453125,86.04279327392578,38.690956115722656,1
2156.0,406.5096740722656,1.1692308187484741,45.378543853759766,106.76295471191406,136.6050567626953,41.03282928466797,57.355716705322266,67.39127349853516,1
16101.5,515.8994750976562,1.2136752605438232,52.597328186035156,214.45468139648438,171.22679138183594,32.01123809814453,39.918209075927734,54.20692443847656,1
87175.0,4143.97802734375,1.580246925354004,38.08100509643555,177.28408813476562,156.71011352539062,27.71802520751953,44.021812438964844,51.38888931274414,1
4138.0,358.7106628417969,1.616438388824463,33.61794662475586,175.8048553466797,208.947998046875,16.78295135498047,53.58680725097656,45.64479064941406,1
171806.0,6675.369140625,1.3333333730697632,32.001800537109375,180.15521240234375,141.40467834472656,18.239572525024414,42.199073791503906,50.41578674316406,1
444.5,199.698486328125,0.43939393758773804,29.132183074951172,156.85684204101562,158.35317993164062,13.696088790893555,49.64109802246094,60.03446960449219,1
1385.0,390.5096740722656,1.2539682388305664,40.87181091308594,176.29556274414062,164.14447021484375,54.47927474975586,42.25260925292969,59.78995132446289,1
121184.0,3355.679443359375,1.6842105388641357,27.938364028930664,178.83729553222656,137.9140167236328,38.399539947509766,42.82637023925781,55.54912185668945,1
24159.5,1553.182861328125,1.0950226783752441,24.0108642578125,191.56036376953125,182.073486328125,25.309402465820312,79.32305908203125,54.23931884765625,1
70652.5,3388.113037109375,1.1170483827590942,30.986331939697266,141.56619262695312,145.21209716796875,27.872005462646484,47.768272399902344,53.838645935058594,1
7695.0,352.0,1.1707316637039185,60.17251205444336,233.6455841064453,190.3697967529297,38.52178192138672,37.80544662475586,69.78211212158203,1
33181.5,912.0660400390625,0.893401026725769,24.273361206054688,130.5406951904297,164.19300842285156,21.03285026550293,48.045589447021484,53.13203430175781,1
3426.5,245.01219177246094,0.5595238208770752,48.72846984863281,113.83687591552734,112.3485336303711,46.46544647216797,64.99354553222656,58.074180603027344,1
758.0,133.2548370361328,0.8139534592628479,21.344850540161133,185.2059783935547,125.07242584228516,22.255985260009766,55.19579315185547,67.16084289550781,1
129.0,108.14213562011719,0.37837839126586914,21.301158905029297,166.03860473632812,204.99420166015625,1.973286509513855,44.20479965209961,14.854050636291504,1
22202.0,860.0386352539062,0.6276150345802307,84.90675354003906,168.5166778564453,140.15640258789062,72.53876495361328,66.89110565185547,71.1070327758789,1
22892.0,1815.6365966796875,1.0744186639785767,28.476089477539062,185.58937072753906,159.5757598876953,16.821279525756836,59.024803161621094,69.14824676513672,1
1086135.5,9750.6533203125,1.0277557373046875,46.127132415771484,121.50312042236328,145.1779327392578,42.75535202026367,64.34498596191406,50.471038818359375,1
677.0,233.2548370361328,1.307692289352417,47.04876708984375,134.4700927734375,154.48768615722656,30.9694881439209,65.40879821777344,60.90993118286133,1
32378.5,1721.9381103515625,0.7346938848495483,46.25407791137695,184.11802673339844,171.4451904296875,25.909160614013672,66.04289245605469,67.03848266601562,1
893.5,195.15432739257812,1.600000023841858,33.15153121948242,180.95765686035156,133.97959899902344,46.86671447753906,41.17863845825195,67.2663345336914,1
948.0,152.97056579589844,1.7777777910232544,50.06558609008789,209.49227905273438,127.77700805664062,23.11861228942871,34.4998664855957,40.361087799072266,1
88838.0,1218.4263916015625,1.305343508720398,33.91887664794922,147.8310089111328,140.52569580078125,27.76828384399414,39.291629791259766,55.515655517578125,1
63440.0,1008.0,1.0653060674667358,22.116897583007812,144.14393615722656,152.52435302734375,18.984527587890625,93.16641998291016,62.342811584472656,1
1402.0,200.42640686035156,3.0,44.50838088989258,157.49063110351562,112.51972198486328,30.62664794921875,54.44902038574219,35.03065872192383,1
27176.0,660.0,1.088050365447998,31.86363410949707,81.22019958496094,146.92034912109375,36.815582275390625,71.42080688476562,47.79372024536133,1
218.0,105.45584106445312,1.1363636255264282,48.76363754272461,134.9036407470703,140.44363403320312,60.399959564208984,56.59405517578125,60.7697868347168,1
856.5,225.8406219482422,0.8292682766914368,27.30272674560547,168.13917541503906,138.11477661132812,34.51791763305664,49.86972427368164,67.34666442871094,1
987841.0,4316.0,2.2727272510528564,24.71924591064453,64.52978515625,121.66299438476562,27.339557647705078,38.038848876953125,68.72313690185547,1
7740.0,352.0,0.9560439586639404,26.05191421508789,168.78628540039062,154.2288818359375,15.609375953674316,35.459171295166016,70.45006561279297,1
4548.0,266.4263916015625,1.1492537260055542,69.9773178100586,213.7474365234375,161.28106689453125,37.329673767089844,46.892696380615234,53.48883819580078,1
13068.0,458.0,1.1192660331726074,26.21732521057129,84.71710205078125,112.67371368408203,33.464637756347656,84.03317260742188,96.01130676269531,1
1082.0,215.11270141601562,2.5517241954803467,23.6761417388916,201.07827758789062,150.52981567382812,8.815651893615723,34.04488754272461,56.423377990722656,1
2284.5,312.61016845703125,0.9285714030265808,60.43711853027344,165.35897827148438,142.63644409179688,36.603939056396484,63.7027702331543,57.653282165527344,1
2002225.0,5660.0,1.0,11.382600784301758,32.82109451293945,53.62759780883789,16.891090393066406,46.24016571044922,68.2116470336914,1
21760.0,592.0,1.1751824617385864,18.659835815429688,97.62705993652344,87.13542175292969,19.3455753326416,100.602783203125,95.078857421875,1
15560.5,566.8111572265625,1.576576590538025,18.571685791015625,242.73153686523438,182.2900390625,1.5408705472946167,10.08732795715332,29.30438995361328,1
1638806.5,6586.62109375,0.9658405780792236,52.05198669433594,79.70225524902344,89.77960968017578,43.70912551879883,41.93745422363281,51.076351165771484,1
69353.0,1061.5980224609375,1.0866141319274902,33.062747955322266,200.40980529785156,182.6284942626953,17.69341468811035,57.814273834228516,68.51466369628906,1
15829.0,1535.5777587890625,1.1299434900283813,39.600677490234375,158.0143280029297,167.18283081054688,16.10083770751953,50.29772186279297,58.13190460205078,1
44450.5,850.384765625,1.234375,31.625263214111328,197.7480010986328,207.960205078125,17.21796989440918,62.3510856628418,52.142452239990234,1
5352.5,652.0071411132812,0.931034505367279,31.00973892211914,196.4936981201172,165.64024353027344,13.780993461608887,55.916690826416016,76.26136779785156,1
1227.5,158.1837615966797,0.9130434989929199,19.792442321777344,236.7593231201172,168.0439910888672,2.2092607021331787,18.27890968322754,15.006300926208496,1
6889.0,332.0,1.0,35.529052734375,146.36280822753906,83.64753723144531,40.47941207885742,95.84400177001953,92.3034896850586,1
1022.5,254.12489318847656,1.2222222089767456,47.89858627319336,136.51878356933594,141.26828002929688,54.58292770385742,55.32052993774414,60.50147247314453,1
15618.5,1739.182861328125,1.1764706373214722,30.777006149291992,149.6430206298828,155.3577117919922,25.447500228881836,47.78199005126953,53.28963851928711,1
7689.5,559.3796997070312,1.0299999713897705,63.709903717041016,197.7658233642578,153.93980407714844,33.0289421081543,52.76956558227539,45.320289611816406,1
75618.5,4618.27978515625,1.0027700662612915,41.6201171875,170.41067504882812,150.24920654296875,16.487876892089844,41.473609924316406,48.06378173828125,1
39975.0,800.0,1.0510203838348389,26.895185470581055,80.27793884277344,90.86219787597656,33.87508773803711,72.46788787841797,87.22634887695312,1
2248.5,338.8111877441406,0.43396225571632385,22.259023666381836,120.26107788085938,156.3472137451172,10.653597831726074,62.39040756225586,51.393497467041016,1
46168.0,862.0,0.8583691120147705,38.74974060058594,85.30238342285156,174.68540954589844,44.98408508300781,94.47248077392578,60.663150787353516,1
11810.5,412.5168151855469,0.9104477763175964,37.96409225463867,127.77452850341797,171.75299072265625,32.424644470214844,99.52947235107422,40.98954772949219,1
39280.5,824.384765625,1.0942407846450806,42.267391204833984,166.05711364746094,163.49954223632812,24.219127655029297,72.71709442138672,70.74627685546875,1
903121.0,4156.0,2.3548386096954346,26.393903732299805,67.15715026855469,133.0281219482422,26.598182678222656,27.226524353027344,60.464874267578125,1
148.0,55.3137092590332,1.6666666269302368,19.566667556762695,158.19583129882812,100.125,5.57110595703125,72.42023468017578,47.15153884887695,1
88693.0,3219.3017578125,1.6149253845214844,34.509212493896484,151.2659454345703,136.45919799804688,38.14402770996094,39.47987365722656,57.95719909667969,1
3685.5,466.7523193359375,0.8192771077156067,26.25389862060547,171.92877197265625,139.6355438232422,31.808391571044922,50.96209716796875,69.659912109375,1
12319.5,604.55126953125,0.5542857050895691,36.444419860839844,227.9733123779297,134.33596801757812,25.804258346557617,25.689655303955078,48.9383544921875,1
6005.5,366.57568359375,0.8181818127632141,49.25185775756836,110.63143920898438,172.948486328125,55.093414306640625,63.213871002197266,64.63047790527344,1
3874.0,258.6274108886719,0.5340909361839294,51.86387634277344,108.40377044677734,115.28433227539062,48.529056549072266,63.92474365234375,59.211483001708984,1
2193.0,307.7401123046875,1.0535714626312256,33.02542495727539,173.03359985351562,139.45460510253906,31.15171241760254,34.345706939697266,44.27007293701172,1
17337.5,1466.197998046875,1.24210524559021,32.09687805175781,200.15335083007812,207.66949462890625,16.890281677246094,57.87018966674805,52.07128143310547,1
16228.5,691.0853271484375,1.037500023841858,46.97202682495117,90.30557250976562,117.00244903564453,46.78184127807617,72.42851257324219,47.443878173828125,1
663.0,186.42640686035156,1.6129032373428345,20.061290740966797,159.59097290039062,141.2948455810547,8.65284538269043,52.0088996887207,55.8760986328125,1
20144.5,646.9188232421875,1.0666667222976685,38.84666061401367,92.524658203125,126.4501724243164,42.83431625366211,70.4325180053711,44.37224197387695,1
24388.0,648.2842407226562,1.2695035934448242,38.63587951660156,132.66717529296875,139.55279541015625,29.47907257080078,51.8238525390625,66.63814544677734,1
1056.5,215.49746704101562,1.3902438879013062,33.0085563659668,178.27256774902344,141.27813720703125,46.95344924926758,43.082855224609375,55.604652404785156,1
2381.5,257.78173828125,1.296296238899231,86.66031646728516,128.3518524169922,111.71137237548828,52.02238845825195,48.99649429321289,62.76057052612305,1
401.0,129.11270141601562,1.6956521272659302,15.152730941772461,215.63211059570312,154.3389129638672,19.27198028564453,28.26914405822754,56.92870330810547,1
15798.0,591.9310302734375,1.2534246444702148,44.560035705566406,106.03593444824219,133.7801513671875,45.98426055908203,88.3600845336914,44.47281265258789,1
5544.0,305.6568603515625,1.1408450603485107,48.637977600097656,222.20448303222656,200.82925415039062,36.761253356933594,43.95269775390625,68.48414611816406,1
7774.0,437.96551513671875,0.7666666507720947,42.73505401611328,193.13388061523438,144.26113891601562,25.46662712097168,47.62047576904297,45.195526123046875,1
2382.5,524.1492919921875,0.557894766330719,52.62998962402344,168.66673278808594,141.89195251464844,34.267459869384766,55.55571365356445,44.23765182495117,1
6573.0,469.96551513671875,0.9898989796638489,42.77705764770508,205.74200439453125,143.62388610839844,25.343610763549805,39.138954162597656,43.98662567138672,1
2638.5,252.0416259765625,0.6323529481887817,33.728111267089844,101.7930908203125,132.3714141845703,14.689895629882812,58.576053619384766,60.425662994384766,1
268.5,80.87005615234375,1.0,24.083900451660156,137.0340118408203,115.11791229248047,14.060921669006348,64.95085144042969,55.0611686706543,1
28959.0,688.0,0.747474730014801,36.43710708618164,112.83729553222656,69.47129821777344,44.126888275146484,108.8333511352539,90.64883422851562,1
360543.0,7704.10400390625,1.1272084712982178,21.57917022705078,97.25987243652344,170.69863891601562,7.598627090454102,95.52568054199219,43.44919967651367,1
6535.5,693.5706176757812,0.9379310607910156,21.53990936279297,143.79974365234375,151.95187377929688,15.899545669555664,56.39231872558594,61.73872375488281,1
2950.0,264.65179443359375,0.8783783912658691,18.369230270385742,167.91372680664062,103.98565673828125,8.232487678527832,72.03760528564453,52.899070739746094,1
1133687.5,6744.50341796875,1.049960970878601,66.18939971923828,102.81356048583984,146.384765625,54.062782287597656,79.17532348632812,41.72707748413086,1
17157.5,1109.261962890625,0.32374101877212524,66.32402038574219,196.97142028808594,172.6708221435547,31.52835464477539,42.90065002441406,54.359527587890625,1
10170.0,406.0,1.2527472972869873,20.447175979614258,100.46221160888672,55.82793426513672,31.64277458190918,105.98651885986328,80.77806854248047,1
1006806.5,4917.62158203125,0.8608414530754089,39.77529525756836,134.4130401611328,110.26487731933594,42.48833084106445,76.86039733886719,47.23142623901367,1
895.5,279.9827575683594,0.795918345451355,16.311878204345703,178.05337524414062,145.3521728515625,10.888188362121582,49.674190521240234,59.432464599609375,1
40370.0,862.2842407226562,1.1036269664764404,46.528717041015625,161.86509704589844,156.71142578125,21.79952621459961,47.19622802734375,51.406700134277344,1
17623.5,538.2426147460938,1.09375,38.948158264160156,140.73114013671875,145.37567138671875,24.744237899780273,62.12271499633789,79.2185287475586,1
3697.0,465.3381042480469,0.8192771077156067,26.1644229888916,170.83840942382812,139.11729431152344,31.564523696899414,51.68689727783203,69.34346771240234,1
1681.0,178.1421356201172,0.795918345451355,17.006803512573242,180.1611785888672,145.38304138183594,11.921180725097656,50.95781707763672,61.34376907348633,1
16200.0,1707.283447265625,0.8500000238418579,30.801992416381836,150.3391876220703,154.86891174316406,25.50213050842285,48.24661636352539,53.42305374145508,1
202183.5,5438.3828125,1.3333333730697632,19.18662452697754,80.47761535644531,123.38753509521484,6.938688278198242,29.50860023498535,45.37605285644531,1
11974.5,773.0609741210938,1.3006993532180786,17.13625144958496,147.6086883544922,197.80787658691406,38.21211624145508,39.506431579589844,65.27450561523438,1
622.5,115.698486328125,1.600000023841858,19.711000442504883,160.71200561523438,102.63300323486328,5.134343147277832,68.82444763183594,50.83595657348633,1
34258.0,908.2152709960938,1.052884578704834,71.95181274414062,115.40564727783203,122.31845092773438,55.43819808959961,43.53204345703125,60.4110221862793,1
110160.0,1332.0,1.1758958101272583,28.719654083251953,111.33792114257812,114.93812561035156,34.8357048034668,69.39320373535156,80.11317443847656,1
1102561.0,5405.02587890625,1.0956007242202759,58.20280075073242,86.0364990234375,132.12998962402344,49.86278533935547,56.601097106933594,47.28086853027344,1
1355.0,222.42640686035156,1.4102563858032227,63.11188888549805,155.0326385498047,197.62423706054688,36.537906646728516,65.6385726928711,34.23887634277344,1
12334.0,642.8427124023438,1.6916667222976685,29.621715545654297,152.7211456298828,119.6497573852539,16.816619873046875,53.70402526855469,63.66844177246094,1
18839.5,1541.0509033203125,1.4769231081008911,54.69014358520508,76.34014129638672,137.0804443359375,34.42953872680664,58.07938766479492,63.654964447021484,1
3554601.5,46521.28515625,0.7231869101524353,21.8238582611084,61.009361267089844,150.90829467773438,8.545838356018066,51.21672821044922,40.82472229003906,1
15702.0,1053.2691650390625,1.0829015970230103,32.23484802246094,125.96348571777344,171.18896484375,21.790185928344727,52.83997344970703,48.70876693725586,1
18053.5,554.384765625,0.9020978808403015,47.513038635253906,121.11042785644531,156.21282958984375,35.742366790771484,52.67887878417969,56.07090759277344,1
9800.0,396.0,1.0202020406723022,27.195419311523438,38.3386344909668,58.46784591674805,46.444278717041016,73.6467056274414,85.75952911376953,1
3109128.5,11610.4287109375,0.891514003276825,12.160391807556152,127.1877670288086,103.9425277709961,5.308210372924805,61.36886215209961,47.89562225341797,1
1427.5,194.9533233642578,0.719298243522644,41.335472106933594,101.5425796508789,134.62730407714844,41.238365173339844,72.10322570800781,60.543678283691406,1
420436.0,8183.7265625,0.7248995900154114,19.29994773864746,87.87332916259766,123.51219940185547,7.669749736785889,27.295970916748047,50.45977020263672,1
4814.5,383.1543273925781,1.0,65.33612823486328,222.81509399414062,207.97946166992188,33.786041259765625,43.678550720214844,22.390504837036133,1
808.0,209.11270141601562,2.3214285373687744,20.16044044494629,157.265380859375,139.41868591308594,9.51254653930664,50.75895690917969,50.183197021484375,1
1224.5,312.18377685546875,0.364705890417099,28.372295379638672,147.13662719726562,126.26641082763672,18.318267822265625,54.01972579956055,65.13941192626953,1
26705.0,747.3380737304688,1.0409356355667114,29.384782791137695,182.77442932128906,174.18411254882812,11.728672981262207,49.6979866027832,54.03530502319336,1
662.0,186.42640686035156,0.6200000047683716,20.345806121826172,160.05096435546875,140.97032165527344,10.510537147521973,51.46163558959961,55.87192916870117,1
6117.0,484.3675231933594,1.1363636255264282,39.59659194946289,157.97659301757812,167.17056274414062,16.08131217956543,50.23924255371094,58.17021560668945,1
2081.5,432.95330810546875,0.5340909361839294,25.860492706298828,118.74129486083984,125.68350982666016,24.83390998840332,68.86426544189453,69.09355926513672,1
24114.5,634.2426147460938,0.9685534834861755,35.85314178466797,164.33615112304688,167.6683807373047,16.947546005249023,38.33142852783203,52.37446594238281,1
137964.0,4150.8369140625,0.5625,22.886878967285156,65.86265563964844,116.40718841552734,13.164620399475098,35.450775146484375,52.86830139160156,1
1477.0,158.22540283203125,0.9583333134651184,25.35643196105957,110.11458587646484,127.90353393554688,27.971860885620117,57.67331314086914,51.284976959228516,1
30134.5,1144.0213623046875,1.575757622718811,23.250629425048828,174.33544921875,105.15680694580078,26.62586212158203,52.77967834472656,54.61561965942383,1
2404.0,208.76954650878906,0.9824561476707458,24.417606353759766,124.375,126.9307632446289,18.88449478149414,48.08906555175781,49.724395751953125,1
2668.0,254.16651916503906,0.8194444179534912,18.658191680908203,177.68785095214844,106.1781997680664,3.3424906730651855,64.84333801269531,53.163719177246094,1
1560.0,158.0,0.9756097793579102,25.295122146606445,143.506103515625,179.28598022460938,16.9610595703125,38.61092758178711,64.94702911376953,1
527.0,110.14213562011719,2.0526316165924072,24.802968978881836,210.75978088378906,112.86504364013672,11.449309349060059,34.623191833496094,46.86337661743164,1
1755.5,190.32589721679688,1.1200000047683716,39.66035842895508,93.51714324951172,139.8671417236328,41.43211364746094,74.61811065673828,57.719093322753906,1
3434.5,246.1837615966797,0.5595238208770752,47.32674789428711,112.10486602783203,112.65729522705078,45.886749267578125,64.43094635009766,57.033653259277344,1
17623.5,538.2426147460938,1.09375,38.948158264160156,140.73114013671875,145.37567138671875,24.744237899780273,62.12271499633789,79.2185287475586,1
206329.0,4533.90478515625,1.3333333730697632,33.10450744628906,137.36614990234375,166.43203735351562,33.22713851928711,38.89265823364258,59.73176574707031,1
336.0,99.79898834228516,1.5263158082962036,28.431941986083984,219.46824645996094,131.8711395263672,3.7083311080932617,33.585636138916016,51.3010368347168,1
14780.0,569.3624877929688,0.7309941649436951,31.948022842407227,159.08921813964844,157.5413360595703,35.891902923583984,88.41314697265625,57.68981170654297,1
3037.5,324.26702880859375,1.6896551847457886,46.74137878417969,180.80154418945312,143.01478576660156,62.829532623291016,44.127960205078125,65.1657485961914,1
477.0,108.14213562011719,0.5588235259056091,26.843652725219727,202.10061645507812,89.18730926513672,16.763294219970703,49.43351745605469,61.26848220825195,1
1239.5,219.49746704101562,1.10869562625885,42.667518615722656,101.92498016357422,144.9518280029297,43.741600036621094,72.83645629882812,65.73004150390625,1
2066.0,212.76954650878906,0.4794520437717438,30.648923873901367,142.776123046875,92.2223129272461,22.893611907958984,55.98474884033203,47.30234146118164,1
9162.5,748.57568359375,1.305343508720398,37.38614273071289,131.11007690429688,160.9679412841797,40.40991973876953,36.41590881347656,61.456809997558594,1
5624.0,300.0,0.9740259647369385,41.94718551635742,174.22666931152344,89.91653442382812,38.83001708984375,71.32805633544922,72.66016387939453,1
24114.5,634.2426147460938,0.9685534834861755,35.85314178466797,164.33615112304688,167.6683807373047,16.947546005249023,38.33150100708008,52.37446594238281,1
6724.0,328.0,1.0,45.28407669067383,65.33807373046875,85.17056274414062,51.9019889831543,89.51282501220703,91.32854461669922,1
745.5,132.66905212402344,0.8139534592628479,22.645183563232422,184.63522338867188,124.8212661743164,25.83582878112793,55.17255783081055,66.62985229492188,1
3419.5,233.41421508789062,0.9508196711540222,25.740814208984375,165.29197692871094,153.55059814453125,15.384163856506348,38.91660690307617,70.5637435913086,1
9212.0,384.0,0.9595959782600403,17.762147903442383,81.50951385498047,57.71281051635742,30.035001754760742,98.53523254394531,84.10189056396484,1
1237.5,140.72792053222656,0.8974359035491943,63.92893600463867,129.46519470214844,152.2879180908203,69.40811157226562,62.51536560058594,57.22878646850586,1
516.0,108.97056579589844,2.0526316165924072,24.568151473999023,209.9905548095703,113.11470794677734,11.037894248962402,32.833465576171875,45.29631423950195,1
2352.5,198.0416259765625,0.9629629850387573,19.49323272705078,130.19943237304688,97.45548248291016,3.3454837799072266,35.361385345458984,44.30897903442383,1
623.5,115.698486328125,1.600000023841858,19.378999710083008,161.41299438476562,103.08399963378906,4.703547477722168,71.27593231201172,50.83576583862305,1
1742.5,238.1837615966797,1.8684210777282715,63.992218017578125,161.67123413085938,187.9188232421875,35.09965133666992,63.4805793762207,31.43539810180664,1
654625.5,8434.474609375,1.7777777910232544,21.376617431640625,73.81881713867188,117.99983215332031,11.83549976348877,38.47535705566406,48.514427185058594,1
60202.5,1242.707763671875,1.7639484405517578,20.307456970214844,161.18621826171875,106.281494140625,10.959193229675293,69.35496520996094,52.58171463012695,1
982.5,139.01219177246094,0.75,49.26515197753906,121.06267547607422,100.95592498779297,37.29602813720703,64.75308990478516,55.10282897949219,1
22812.5,1807.0509033203125,1.0744186639785767,28.441377639770508,184.50267028808594,160.05271911621094,16.633106231689453,58.31658172607422,68.98955535888672,1
46225.0,860.0,1.0,24.006580352783203,109.57908630371094,99.0704116821289,35.48720169067383,115.3069839477539,111.32633972167969,1
9224.5,416.18377685546875,0.7368420958518982,40.29490280151367,99.71669006347656,147.68431091308594,29.02193832397461,62.54853820800781,74.86412048339844,1
577.5,157.2964630126953,0.7755101919174194,65.32975006103516,80.88185119628906,133.93072509765625,52.58125305175781,51.06253433227539,65.76245880126953,1
7433.0,641.504638671875,2.2261905670166016,36.70817565917969,154.0235595703125,141.01324462890625,44.71563720703125,56.89300537109375,68.7988052368164,1
1113.0,248.56854248046875,1.0,62.37799835205078,108.25759887695312,143.89999389648438,39.34389877319336,55.05764389038086,60.17280960083008,1
290521.0,2156.0,1.0,33.59648895263672,56.0988655090332,107.84654998779297,45.95085525512695,83.61019897460938,110.50135040283203,1
4852.0,356.91168212890625,1.0470588207244873,31.970787048339844,188.22894287109375,180.24996948242188,10.962669372558594,38.346248626708984,51.35948944091797,1
42435.0,824.0,0.9903846383094788,17.112863540649414,67.03143310546875,97.9465560913086,29.697998046875,92.43716430664062,105.33323669433594,1
20517.5,954.3990478515625,1.706766963005066,16.21320915222168,184.9629364013672,138.38084411621094,21.076128005981445,52.204322814941406,42.428035736083984,1
194.5,72.72792053222656,1.2352941036224365,11.327731132507324,190.05882263183594,166.63865661621094,6.514077663421631,42.96417999267578,36.731685638427734,1
64588.0,1018.0,1.1115702390670776,25.763065338134766,124.6517105102539,122.73286437988281,26.349618911743164,105.42326354980469,96.1971664428711,1
370.0,114.14213562011719,1.307692289352417,50.584842681884766,106.93438720703125,145.23529052734375,43.942893981933594,67.99891662597656,67.41150665283203,1
19154.0,558.0,0.7784810066223145,37.04651641845703,145.5177459716797,148.0597381591797,15.851249694824219,42.36447525024414,68.79426574707031,1
25253.5,2182.070068359375,0.9666666388511658,30.75667381286621,173.7862548828125,161.22613525390625,22.659832000732422,42.550994873046875,56.310096740722656,1
7057.5,726.0315551757812,2.026315689086914,50.23760986328125,155.00479125976562,148.50332641601562,33.62044906616211,61.6480712890625,45.93032455444336,1
572601.5,11967.9677734375,1.7777777910232544,22.997467041015625,79.78767395019531,122.79490661621094,9.54426097869873,42.843265533447266,49.18464660644531,1
2096.0,388.083251953125,3.366666555404663,26.770627975463867,141.6339874267578,93.26897430419922,39.17893981933594,74.40390014648438,38.11967468261719,1
305627.5,2265.213134765625,1.3333333730697632,69.56623077392578,218.84341430664062,164.72097778320312,37.532081604003906,46.15037155151367,55.90566635131836,1
2369.0,247.5979766845703,1.0303030014038086,39.119876861572266,166.2237091064453,160.10205078125,10.806571006774902,49.310951232910156,70.73335266113281,1
5049.0,300.0,1.923076868057251,23.964807510375977,137.2555694580078,162.84461975097656,13.775301933288574,53.01477813720703,70.21843719482422,1
76085.0,1361.5777587890625,1.4858156442642212,25.660226821899414,179.2415313720703,97.31006622314453,27.741819381713867,53.019142150878906,54.87128829956055,1
31291.0,706.4852905273438,1.176829218864441,60.15468215942383,233.60716247558594,190.36935424804688,38.495140075683594,37.90205383300781,69.7740249633789,1
14724.0,564.19091796875,0.7352941036224365,31.67783546447754,159.2375946044922,157.6923828125,35.7131462097168,87.73484802246094,57.56340026855469,1
19738.0,562.0,1.0214285850524902,42.23576354980469,132.11927795410156,79.57791900634766,43.19256591796875,108.15534210205078,82.3531494140625,1
5362.5,316.0660095214844,1.0361446142196655,17.094284057617188,179.53558349609375,94.68604278564453,7.486698150634766,65.71782684326172,38.07838439941406,1
2094.5,266.7523193359375,1.2833333015441895,54.8482666015625,98.448486328125,152.32164001464844,46.118186950683594,50.70835494995117,69.45563507080078,1
31368.0,715.313720703125,1.2641509771347046,37.7181396484375,163.3299560546875,173.84974670410156,42.406166076660156,43.126739501953125,58.37171936035156,1
63815.0,1185.2203369140625,0.9702602028846741,41.308292388916016,137.18275451660156,167.0554962158203,21.65382194519043,57.22100067138672,62.70721435546875,1
18329.0,832.877197265625,0.6284403800964355,36.67839813232422,242.95657348632812,138.57286071777344,25.045053482055664,20.288286209106445,72.4730224609375,1
98754.0,2062.940185546875,0.9597989916801453,48.88885498046875,111.27875518798828,128.90443420410156,44.524070739746094,59.55134201049805,63.16704559326172,1
1819.0,209.39697265625,2.2162163257598877,20.32729148864746,218.05702209472656,209.2270965576172,2.334996461868286,45.94189453125,37.00774383544922,1
24486.0,674.0,2.168224334716797,50.054141998291016,149.98300170898438,85.94799041748047,45.87153625488281,112.13414001464844,86.18630981445312,1
60088.0,982.0,0.8961538672447205,27.039979934692383,112.3355712890625,133.27186584472656,23.3687686920166,84.87271118164062,94.17808532714844,1
1570227.5,10059.4619140625,0.9804941415786743,65.11833190917969,87.00104522705078,114.39363098144531,51.75460433959961,60.7418327331543,49.61402893066406,1
3151.0,230.4852752685547,0.9333333373069763,26.534225463867188,153.34524536132812,174.23988342285156,15.934259414672852,41.18452835083008,51.09898376464844,1
39960.0,802.0,1.1666666269302368,21.612953186035156,116.52667999267578,162.37841796875,33.523956298828125,110.03860473632812,56.10445785522461,1
35944.0,2611.131103515625,1.081712007522583,39.09268569946289,160.42210388183594,167.05276489257812,37.53036117553711,42.239131927490234,61.53153991699219,1
67344.0,1040.0,1.1306122541427612,19.413570404052734,99.77600860595703,130.4872589111328,24.61417579650879,103.78196716308594,99.08904266357422,1
749.5,132.66905212402344,1.2285714149475098,21.362791061401367,185.181396484375,125.08238983154297,22.282211303710938,55.24602508544922,67.1346206665039,1
566.5,117.55635070800781,0.9333333373069763,28.204761505126953,128.4452362060547,193.58570861816406,17.996122360229492,37.0206413269043,48.5979118347168,1
10848.0,418.0,1.175257682800293,41.81443405151367,131.8511505126953,74.8648910522461,43.99958038330078,103.33541107177734,82.67662811279297,1
783.0,112.0,0.9333333373069763,26.29166603088379,153.5690460205078,172.1202392578125,15.034624099731445,40.48444747924805,51.853763580322266,1
15702.0,1053.2691650390625,0.9234449863433838,32.23484802246094,125.96348571777344,171.18896484375,21.790185928344727,52.83995819091797,48.70876693725586,1
19723.0,627.3868408203125,1.1341463327407837,46.29051971435547,83.5091781616211,122.043701171875,46.405906677246094,65.3270263671875,45.33877944946289,1
56792.0,954.0,1.082608699798584,27.133926391601562,123.83637237548828,103.75538635253906,28.398618698120117,90.23558044433594,82.45274353027344,1
9167.0,384.0,0.8653846383094788,37.724998474121094,104.59209442138672,52.44316101074219,57.33209991455078,104.43844604492188,77.92855834960938,1
19740.0,562.0,0.9929577708244324,18.997602462768555,116.05438995361328,91.22999572753906,24.492143630981445,119.14351654052734,101.00586700439453,1
704.0,161.2548370361328,0.6666666865348816,23.496295928955078,174.56295776367188,114.50074005126953,35.096771240234375,47.957435607910156,49.89672088623047,1
1377.0,382.1665344238281,1.2539682388305664,39.98111343383789,175.09262084960938,163.60659790039062,54.04243469238281,42.62706756591797,59.30956268310547,1
19154.0,558.0,1.284552812576294,37.04651641845703,145.51837158203125,148.0597381591797,15.851249694824219,42.364192962646484,68.79426574707031,1
36465.0,796.0,1.7777777910232544,18.29592514038086,90.47390747070312,108.03756713867188,9.245416641235352,29.630067825317383,61.3790283203125,1
10192.0,404.0,1.0606060028076172,23.62924575805664,99.05117797851562,51.34160614013672,39.52313995361328,104.35196685791016,73.61949157714844,1
4874.5,292.7279357910156,0.5625,53.032405853271484,161.85647583007812,144.31288146972656,34.39529037475586,58.961246490478516,47.484127044677734,1
214.0,76.6274185180664,1.1428571939468384,22.66666603088379,181.12698364257812,166.83531188964844,22.935728073120117,53.646549224853516,65.30665588378906,1
229161.5,2666.49658203125,1.3333333730697632,47.8652458190918,178.9251251220703,150.16026306152344,31.900718688964844,47.184356689453125,60.14655303955078,1
1184.0,138.0,1.1515151262283325,71.07097625732422,210.37081909179688,162.281494140625,36.6622428894043,48.35798645019531,54.29922866821289,1
1544.0,360.7106628417969,0.828125,28.768573760986328,148.43190002441406,183.06809997558594,23.08016014099121,45.28483581542969,68.805908203125,1
60335.5,1159.8548583984375,0.7635782957077026,58.42523956298828,109.90869903564453,105.07929992675781,49.70695114135742,60.186771392822266,57.042625427246094,1
7336.5,329.66400146484375,0.9700000286102295,125.77030944824219,102.33628845214844,111.52896881103516,68.69734191894531,73.10083770751953,85.45531463623047,1
15733.5,1576.3056640625,1.1299434900283813,39.593162536621094,157.13192749023438,167.65231323242188,16.05055809020996,49.51118469238281,57.893402099609375,1
43396.5,1806.62451171875,1.0,13.087005615234375,107.41868591308594,122.32635498046875,15.557621002197266,53.0044059753418,45.895408630371094,1
1863.0,185.31370544433594,0.8958333134651184,54.335269927978516,176.7030029296875,186.2252960205078,33.966552734375,67.40956115722656,60.80128860473633,1
1098.0,247.39697265625,1.0,62.347999572753906,109.63240051269531,143.84759521484375,40.296634674072266,57.840267181396484,61.14182662963867,1
11507.5,431.0710754394531,1.247422695159912,35.0668830871582,183.46775817871094,163.75103759765625,11.312625885009766,57.192344665527344,66.653564453125,1
1115.5,218.66905212402344,2.1379311084747314,28.774749755859375,205.55616760253906,98.36373901367188,13.949969291687012,39.809165954589844,45.44602966308594,1
23288.0,612.0,1.1538461446762085,46.39652633666992,124.786865234375,85.4756088256836,46.34234619140625,103.47090148925781,92.47639465332031,1
2159.0,414.1665344238281,1.1692308187484741,46.066192626953125,109.12186431884766,136.42044067382812,41.9133415222168,58.88690185546875,68.09103393554688,1
1790753.5,5631.185546875,0.8798229098320007,42.987586975097656,99.29259490966797,125.8883285522461,41.61799240112305,51.87101745605469,41.687068939208984,1
916.0,232.36752319335938,1.1739130020141602,48.227455139160156,128.1626434326172,140.06924438476562,54.89497375488281,58.30776596069336,60.56056594848633,1
3747.0,354.7106628417969,1.0128204822540283,41.17559051513672,170.4044189453125,124.40717315673828,52.97749710083008,65.56634521484375,58.31916046142578,1
145528.0,4034.380126953125,1.3333333730697632,65.12983703613281,138.96466064453125,151.78250122070312,69.68580627441406,59.398193359375,54.72467803955078,1
6969.0,381.1127014160156,0.9333333373069763,26.55820083618164,154.90330505371094,174.3808135986328,16.30203628540039,43.231571197509766,53.1814079284668,1
15217.0,566.7350463867188,1.0503597259521484,71.96308898925781,115.4058837890625,122.36158752441406,55.43497085571289,43.559661865234375,60.43927764892578,1
79738.5,2670.4033203125,0.9384615421295166,31.989023208618164,179.2106170654297,141.8907928466797,18.19646453857422,41.5589714050293,50.273075103759766,1
582.5,126.04163360595703,0.42553192377090454,53.555320739746094,69.1500015258789,165.68617248535156,37.43547821044922,40.478885650634766,56.0645751953125,1
36893.5,1245.6883544921875,1.0,32.05156326293945,182.74462890625,151.58827209472656,22.358043670654297,45.43336868286133,51.09048843383789,1
31834.5,1029.32080078125,1.2021857500076294,47.38117218017578,160.17103576660156,176.06944274902344,12.801305770874023,42.369346618652344,39.90092849731445,1
55595.5,1145.39404296875,0.8327974081039429,33.65248489379883,161.28749084472656,157.5,37.70060348510742,87.672607421875,58.350955963134766,1
6009.5,560.9777221679688,1.9012346267700195,28.59908676147461,182.1325225830078,191.03094482421875,7.470148086547852,30.50345802307129,51.68960189819336,1
640896.0,10616.4169921875,0.5625,18.60123062133789,79.88911437988281,122.17984771728516,6.878818035125732,27.841869354248047,44.560211181640625,1
376.5,77.21320343017578,1.045454502105713,21.49407196044922,112.38932800292969,114.5711441040039,16.922077178955078,52.556392669677734,52.27983856201172,1
65649.0,1028.0,1.168067216873169,42.22917175292969,114.44969940185547,116.14891815185547,57.4872932434082,81.91889953613281,87.98052215576172,1
7517.0,728.4508056640625,3.0833332538604736,66.3642349243164,196.2908172607422,172.41152954101562,31.37470245361328,43.773094177246094,54.04935073852539,1
439.5,141.01219177246094,1.2333333492279053,23.934234619140625,173.34864807128906,159.24864196777344,37.66933059692383,60.774742126464844,64.68388366699219,1
12420.0,446.0,0.9396551847457886,69.01280975341797,43.43063735961914,154.154541015625,51.626129150390625,50.090538024902344,49.9736213684082,1
420.0,82.0,1.047619104385376,20.34632110595703,193.612548828125,148.0,18.16629409790039,40.05168914794922,58.74716567993164,1
217.0,71.79898834228516,0.9090909361839294,59.422725677490234,135.8272705078125,152.0977325439453,67.03813934326172,69.67259216308594,75.98251342773438,1
17010.0,522.0,1.0708661079406738,23.128646850585938,103.6463623046875,81.47747802734375,31.180822372436523,110.77101135253906,90.51753234863281,1
15147.5,1359.428466796875,1.077419400215149,34.630287170410156,162.53128051757812,164.94776916503906,18.481122970581055,65.62450408935547,57.523048400878906,1
1063.0,214.91168212890625,1.3902438879013062,29.52032470703125,177.72314453125,141.0389404296875,42.49165725708008,43.57257080078125,55.652503967285156,1
548174.0,8491.2958984375,1.7777777910232544,23.33245849609375,76.29975891113281,118.49391174316406,9.854771614074707,48.11685562133789,49.02996826171875,1
110474.5,1918.683349609375,1.7777777910232544,20.73556900024414,85.06951904296875,120.6932601928711,8.40732192993164,41.93568420410156,57.90666961669922,1
36064.0,760.0,1.0648648738861084,24.391357421875,115.7056655883789,153.9196319580078,22.1655216217041,92.90901947021484,51.512367248535156,1
12267.5,984.2325439453125,1.0740740299224854,31.010465621948242,196.47921752929688,165.65350341796875,13.768028259277344,55.920814514160156,76.2710952758789,1
1539431.5,5231.033203125,0.8947716951370239,49.04258346557617,89.45015716552734,124.49835968017578,45.745277404785156,52.10645294189453,40.762718200683594,1
27540.0,726.0,2.348623752593994,25.199684143066406,66.73444366455078,132.92721557617188,23.814550399780273,27.245851516723633,60.39208221435547,1
24559.0,744.0244140625,1.0641025304794312,42.026878356933594,123.68690490722656,142.14520263671875,34.13093566894531,48.81897735595703,67.97573852539062,1
7317.5,324.8355712890625,0.9399999976158142,130.57925415039062,116.02765655517578,104.41170501708984,65.63580322265625,78.41766357421875,82.96004486083984,1
888.5,272.6690368652344,3.7200000286102295,32.38107681274414,122.89763641357422,188.8800048828125,33.892826080322266,58.053165435791016,62.82590103149414,1
489.5,165.35533142089844,0.9666666388511658,25.352872848510742,170.07931518554688,152.9586181640625,14.786553382873535,34.62089538574219,67.47502136230469,1
978.5,134.87005615234375,0.6744186282157898,57.92622375488281,108.39936065673828,101.76984405517578,50.62788772583008,62.2184944152832,54.74877166748047,1
681.5,231.8406219482422,1.307692289352417,47.521366119384766,134.39466857910156,154.54701232910156,30.927772521972656,66.52395629882812,60.57617950439453,1
420.0,171.5979766845703,0.5,28.418888092041016,140.4872283935547,152.9005584716797,15.379426002502441,60.66306686401367,59.637996673583984,1
840.0,122.0,1.8636363744735718,15.429046630859375,178.2161865234375,93.68292999267578,3.0911788940429688,65.09774780273438,43.36494064331055,1
386.0,112.14213562011719,2.529411792755127,18.012311935424805,188.57318115234375,127.77154541015625,2.385228395462036,61.538536071777344,43.86711883544922,1
474.0,118.97056579589844,1.2307692766189575,29.024038314819336,105.35456848144531,156.65023803710938,31.76970672607422,70.36387634277344,49.974430084228516,1
64758.0,1018.0,1.0277777910232544,12.897438049316406,69.33613586425781,87.22542572021484,19.54783821105957,73.95067596435547,90.62965393066406,1
16135.0,645.587890625,0.7202072739601135,25.11928367614746,194.1839141845703,144.4318389892578,18.68375015258789,66.02936553955078,64.97965240478516,1
135750.0,1474.0,1.0358126163482666,25.55945587158203,73.15514373779297,79.68531799316406,35.12398147583008,86.20191192626953,87.92713928222656,1
7722.0,426.1076354980469,0.625,96.87617492675781,125.25996398925781,99.60127258300781,50.22109603881836,48.388607025146484,59.45766067504883,1
23733.0,676.76953125,1.1292517185211182,40.424842834472656,167.71546936035156,139.79550170898438,15.878019332885742,62.396820068359375,72.16422271728516,1
12036.0,440.0,1.1553398370742798,31.82752799987793,124.0727767944336,67.20951080322266,49.94000244140625,104.64838409423828,87.54910278320312,1
2086.0,359.1959533691406,1.4461538791656494,30.21538543701172,100.50834655761719,178.03338623046875,27.394638061523438,55.58892822265625,55.58491134643555,1
2862.0,214.0,0.9818181991577148,20.801010131835938,176.2464599609375,168.1454620361328,13.280265808105469,37.24528503417969,69.17820739746094,1
2122.0,362.5096740722656,0.9848484992980957,57.4951057434082,98.27133178710938,145.62400817871094,47.036842346191406,58.76609802246094,57.59223937988281,1
2704153.0,12022.23828125,1.0239099264144897,15.833724975585938,97.50302124023438,131.43560791015625,7.710551738739014,66.48329162597656,51.1795768737793,1
1558064.5,6286.99853515625,1.1452728509902954,47.42827224731445,116.02362823486328,145.0238800048828,44.16832733154297,60.24314498901367,35.211299896240234,1
18912.0,586.0,2.0412371158599854,15.022753715515137,68.09012603759766,53.955692291259766,32.31090545654297,91.7395248413086,64.62513732910156,1
5517.0,859.7056274414062,1.0747663974761963,28.486225128173828,185.40365600585938,159.57334899902344,16.905954360961914,58.92340850830078,69.1645278930664,1
55431.5,2170.050048828125,1.7361563444137573,21.702775955200195,143.24551391601562,151.79200744628906,15.933554649353027,56.39020538330078,61.45991897583008,1
65232.5,1499.0020751953125,1.8780487775802612,33.0800895690918,137.36021423339844,166.4306640625,33.183868408203125,38.87866973876953,59.72920608520508,1
2091.0,387.25482177734375,3.366666555404663,26.50792121887207,143.03465270996094,93.2273941040039,38.30314636230469,74.7050552368164,38.242340087890625,1
15662.0,834.5340576171875,1.0971428155899048,45.106605529785156,145.685302734375,192.62033081054688,29.158130645751953,53.766868591308594,47.873111724853516,1
8554.0,370.0,0.9684210419654846,19.818878173828125,91.56945037841797,57.52116775512695,32.90435028076172,101.42435455322266,89.32088470458984,1
3851.0,263.0538330078125,1.4482758045196533,50.68267822265625,139.0131378173828,204.16543579101562,41.091739654541016,72.18807983398438,52.835487365722656,1
1872.0,191.7989959716797,1.0,46.57797622680664,161.9461212158203,126.83648681640625,57.69121170043945,63.182029724121094,65.09806060791016,1
2754.0,210.0,0.9454545378684998,25.290559768676758,165.76083374023438,174.73391723632812,14.797768592834473,35.64888381958008,66.10494232177734,1
7669.0,367.2203369140625,0.9142857193946838,20.561904907226562,132.36219787597656,98.85059356689453,9.47314167022705,56.413475036621094,37.26484298706055,1
486.5,159.698486328125,1.9090908765792847,17.85714340209961,209.37013244628906,135.00108337402344,12.53286361694336,50.80965042114258,60.32258987426758,1
516.0,168.91168212890625,0.7560975551605225,18.556255340576172,167.1431884765625,169.32809448242188,14.790584564208984,53.59364318847656,61.57463073730469,1
527.0,110.14213562011719,0.4871794879436493,24.716598510742188,209.03643798828125,112.70580291748047,11.64745807647705,35.89390563964844,46.538246154785156,1
184884.0,1720.0,0.9816091656684875,17.07521629333496,96.14216613769531,75.46312713623047,20.78407096862793,95.01419830322266,79.57734680175781,1
11080.5,818.2325439453125,1.0610686540603638,20.7369441986084,170.0672149658203,104.21154022216797,6.370780944824219,71.69586181640625,47.989723205566406,1
111.0,59.3137092590332,0.7894737124443054,27.031578063964844,188.6982421875,138.971923828125,13.148639678955078,54.0250129699707,61.233455657958984,1
20388.0,730.1320190429688,0.9823529124259949,39.15019226074219,95.4498062133789,118.01605987548828,43.00006866455078,67.70913696289062,47.29544448852539,1
27548.0,1215.234619140625,1.6424580812454224,49.26167678833008,179.93875122070312,144.92332458496094,64.59947204589844,44.12995147705078,65.51876831054688,1
24393.0,648.2842407226562,1.2695035934448242,38.58635330200195,131.58322143554688,140.0450897216797,29.40021324157715,50.80485916137695,66.41180419921875,1
24159.5,1553.182861328125,0.913223147392273,24.0108642578125,191.56039428710938,182.073486328125,25.309402465820312,79.32313537597656,54.23931884765625,1
35404.5,1154.2325439453125,1.100000023841858,39.1411247253418,177.6378173828125,150.10562133789062,26.341060638427734,43.52164840698242,53.990055084228516,1
2002225.0,5660.0,1.0,10.736686706542969,37.3973388671875,54.34847640991211,15.808709144592285,51.24851989746094,67.31212615966797,1
53724.0,928.0,0.9176954627037048,35.29773712158203,122.79440307617188,149.78114318847656,27.512548446655273,80.54483032226562,46.42976379394531,1
88640.0,1194.0,1.1546763181686401,32.77147674560547,93.2060546875,114.65997314453125,24.257827758789062,67.00350189208984,80.48876953125,1
9492.0,561.4213256835938,1.0940171480178833,60.20332717895508,131.2946014404297,113.44317626953125,47.12744903564453,67.99729919433594,69.21752166748047,1
8077.5,557.4873657226562,0.6363636255264282,42.49443054199219,168.85604858398438,153.61195373535156,60.9478645324707,51.141815185546875,64.2967529296875,1
24114.5,634.2426147460938,0.9685534834861755,35.85314178466797,164.33615112304688,167.6683807373047,16.947546005249023,38.33150100708008,52.37446594238281,1
2373.5,526.1492919921875,1.7924528121948242,52.797218322753906,168.6323699951172,141.80099487304688,34.53154754638672,55.63677215576172,44.355960845947266,1
679661.5,4939.04296875,1.1669921875,62.80080032348633,75.78540802001953,139.50119018554688,58.642417907714844,65.73343658447266,37.7551155090332,1
553257.5,9196.013671875,0.5625,23.176992416381836,66.20320129394531,116.48413848876953,14.191951751708984,36.11939239501953,52.92035675048828,1
77235.0,1112.0,1.0514706373214722,20.632648468017578,135.3994140625,173.46070861816406,28.94253158569336,108.3864974975586,55.114044189453125,1
1238.0,174.76954650878906,1.6470588445663452,53.4774169921875,228.34454345703125,124.70536041259766,27.382091522216797,26.83725929260254,36.85170364379883,1
10314.0,583.3624877929688,1.675438642501831,22.198171615600586,241.3244171142578,178.83396911621094,6.504570960998535,20.297195434570312,66.32089233398438,1
607.0,189.05381774902344,1.5151515007019043,20.57878875732422,146.04241943359375,139.41030883789062,8.07263469696045,61.880741119384766,54.11052322387695,1
2851.5,268.8944396972656,0.8571428656578064,27.441429138183594,125.48381042480469,119.43380737304688,23.968955993652344,63.23102951049805,56.8186149597168,1
1291.5,299.095458984375,2.0652174949645996,32.68054962158203,184.8228759765625,138.66957092285156,28.692474365234375,49.35842514038086,65.66734313964844,1
1600.5,217.49746704101562,1.0208333730697632,42.67091751098633,207.4375,142.42007446289062,25.272186279296875,37.20397186279297,43.576995849609375,1
49957.5,1315.67822265625,1.0717130899429321,16.790325164794922,160.1495361328125,125.94801330566406,16.5289249420166,70.33027648925781,40.88782501220703,1
17926.0,892.901611328125,1.307692289352417,25.829700469970703,174.27781677246094,169.79443359375,30.58477783203125,89.75176239013672,59.8214225769043,1
9500.0,390.0,0.9504950642585754,65.99205780029297,42.869842529296875,157.11468505859375,50.76220703125,51.09407043457031,57.46464538574219,1
4095.0,256.0,0.9696969985961914,42.928504943847656,169.61410522460938,83.09091186523438,36.17596435546875,89.83071899414062,86.74494171142578,1
89730.0,2402.455078125,0.8883374929428101,40.670433044433594,127.18014526367188,158.28970336914062,39.94904708862305,80.37269592285156,62.292259216308594,1
659.5,185.8406219482422,0.6200000047683716,20.283870697021484,160.47935485839844,141.30386352539062,9.510778427124023,50.120697021484375,56.29790496826172,1
37201.5,1562.7320556640625,1.0,21.209915161132812,89.22392272949219,111.10380554199219,29.399620056152344,60.042476654052734,49.8643798828125,1
9032.0,428.56854248046875,1.5609755516052246,17.776676177978516,242.80210876464844,180.80477905273438,2.159788131713867,9.337434768676758,31.173892974853516,1
1997.5,188.38478088378906,1.3333333730697632,23.260629653930664,176.47703552246094,118.45110321044922,41.0390625,54.129783630371094,31.792524337768555,1
976.5,134.87005615234375,1.482758641242981,57.64154052734375,109.03288269042969,101.5918197631836,49.561824798583984,61.60495376586914,54.75826644897461,1
1449.5,223.49746704101562,1.0350877046585083,48.18584442138672,100.4284896850586,149.42372131347656,37.36720275878906,55.44012451171875,70.35591888427734,1
6519.0,591.7056274414062,1.698795199394226,58.50175094604492,160.9574432373047,189.4786834716797,35.78667449951172,59.739383697509766,33.38239288330078,1
8933.0,820.3919067382812,0.3385416567325592,68.96610260009766,197.6641082763672,158.6554412841797,33.04974365234375,64.90318298339844,43.8951530456543,1
2174.5,281.9827575683594,1.2916666269302368,14.373319625854492,201.13238525390625,147.33737182617188,16.669343948364258,31.81961441040039,38.79802322387695,1
16135.0,645.587890625,1.3884892463684082,25.11928367614746,194.183837890625,144.4318389892578,18.68375015258789,66.02943420410156,64.97965240478516,1
101324.5,2625.349365234375,1.4487632513046265,33.57640075683594,127.42794036865234,156.20872497558594,25.29075050354004,39.26643753051758,56.906856536865234,1
19018.5,703.34521484375,1.1818181276321411,35.6002197265625,117.10264587402344,126.03260803222656,41.47103500366211,82.25731658935547,41.07863235473633,1
11481.0,627.8477783203125,1.0740740299224854,34.30533981323242,188.55801391601562,170.6850128173828,40.17266845703125,44.329524993896484,58.317623138427734,1
1658.0,254.42640686035156,1.163636326789856,49.16647720336914,104.41761016845703,138.83267211914062,41.1225471496582,61.10922622680664,68.84075164794922,1
527.0,110.14213562011719,2.0526316165924072,24.452091217041016,210.5222625732422,112.93387603759766,11.207016944885254,35.50295639038086,46.80256652832031,1
31296.0,710.0,1.176829218864441,60.15468215942383,233.60716247558594,190.36935424804688,38.495140075683594,37.90205383300781,69.7740249633789,1
3457.5,505.2375793457031,0.8333333134651184,40.22895050048828,129.92640686035156,172.8166046142578,34.00057601928711,70.38919830322266,61.183082580566406,1
2375.5,525.3208618164062,0.557894766330719,52.57120132446289,169.22323608398438,141.85263061523438,34.124874114990234,55.42808151245117,44.15032958984375,1
3289.5,275.78173828125,1.6315789222717285,17.19769859313965,189.42991638183594,168.51141357421875,12.909541130065918,62.26300048828125,32.12021255493164,1
3553.0,254.4852752685547,0.5421686768531799,18.688085556030273,176.52877807617188,93.79411315917969,22.38446807861328,67.46311950683594,44.3116340637207,1
36381.0,764.0,1.109890103340149,30.46004295349121,138.98898315429688,125.6596908569336,37.440162658691406,113.01203155517578,111.26318359375,1
2223.5,210.81118774414062,0.7538461685180664,48.80973434448242,122.65682983398438,99.4784927368164,37.22678756713867,63.31661605834961,54.51526641845703,1
870.0,126.28427124023438,0.6829268336296082,44.87717819213867,132.48431396484375,87.02961730957031,37.12477493286133,70.20709228515625,47.43162155151367,1
652.5,151.15432739257812,0.8444444537162781,52.869590759277344,159.44268798828125,147.89707946777344,34.09621810913086,48.372615814208984,62.422367095947266,1
25281.0,636.0,1.0,15.327343940734863,96.70843505859375,81.49874877929688,18.27621078491211,105.69855499267578,98.48528289794922,1
81424.0,2125.60205078125,1.0,32.0665168762207,182.7344207763672,151.59457397460938,22.393917083740234,45.42937088012695,51.09931564331055,1
1359.0,203.7989959716797,2.275861978530884,48.620689392089844,176.29310607910156,149.07315063476562,31.34333610534668,50.00044250488281,59.446197509765625,1
157342.5,9545.384765625,1.3333333730697632,34.8605842590332,103.64118194580078,132.9837188720703,19.01784324645996,60.361427307128906,64.6451416015625,1
316.5,102.72792053222656,0.5454545617103577,30.483165740966797,171.88720703125,144.35690307617188,2.258665084838867,41.201473236083984,57.47097396850586,1
7722.0,426.1076354980469,0.625,96.87617492675781,125.25996398925781,99.60127258300781,50.22109603881836,48.388607025146484,59.45766067504883,1
36186.0,905.9310302734375,1.2102564573287964,30.787092208862305,176.58721923828125,166.28759765625,39.92567443847656,88.7019271850586,62.87094497680664,1
64528.0,3254.331298828125,1.226063847541809,30.71950340270996,150.1131591796875,156.13565063476562,25.236129760742188,47.97361373901367,53.64934539794922,1
8463.0,368.0,0.978723406791687,47.71565628051758,38.687095642089844,151.48971557617188,50.292484283447266,51.586124420166016,52.539520263671875,1
294162.5,5205.29052734375,0.75,19.479829788208008,27.351186752319336,161.38465881347656,17.574487686157227,48.78131103515625,86.32332611083984,1
15794.5,1625.0853271484375,1.1377551555633545,13.183513641357422,110.27603912353516,115.26116180419922,10.155574798583984,92.08169555664062,86.98145294189453,1
301447.5,2580.374755859375,1.3333333730697632,46.51966094970703,161.86431884765625,156.71270751953125,21.77500343322754,47.19263458251953,51.41340637207031,1
424.5,104.52690887451172,0.7272727489471436,28.046716690063477,182.4646453857422,102.66161346435547,29.648813247680664,54.787872314453125,54.794559478759766,1
245.5,82.38477325439453,1.2999999523162842,47.43653869628906,132.96923828125,112.00961303710938,35.305641174316406,73.60919952392578,57.87733840942383,1
2232.0,210.08326721191406,0.6615384817123413,59.3423957824707,110.49266815185547,102.97781372070312,50.44744873046875,59.54203414916992,56.229393005371094,1
2991624.0,10814.3623046875,1.010928988456726,15.271814346313477,108.97309112548828,107.31427764892578,15.548784255981445,64.10450744628906,44.53188705444336,1
19530.0,582.0,1.7641509771347046,49.82368087768555,128.68646240234375,83.09292602539062,48.254417419433594,106.83283996582031,91.04778289794922,1
919458.5,4005.840576171875,1.7777777910232544,20.008255004882812,60.529544830322266,127.57579040527344,13.489420890808105,35.65556716918945,45.61397933959961,1
9516.0,1277.862060546875,1.3291139602661133,37.956298828125,176.2465057373047,156.83499145507812,27.880542755126953,45.62466812133789,51.32217025756836,1
12319.5,604.55126953125,1.8041237592697144,36.444419860839844,227.97378540039062,134.33596801757812,25.804258346557617,25.689659118652344,48.9383544921875,1
540209.0,8513.9521484375,0.563182532787323,22.058870315551758,59.2360725402832,121.21333312988281,8.111283302307129,39.505306243896484,45.96595764160156,1
5712813.5,82901.5390625,0.9171974658966064,26.06661033630371,59.65062713623047,146.40286254882812,16.955669403076172,53.919376373291016,42.89061737060547,1
195.5,88.38477325439453,1.1578947305679321,17.452152252197266,186.1626739501953,165.87799072265625,12.499526023864746,50.18294143676758,63.6287956237793,1
58618.5,3640.28955078125,1.438596487045288,33.245399475097656,126.89828491210938,155.49705505371094,25.44367218017578,41.28107833862305,56.895774841308594,1
947.5,132.72792053222656,1.4482758045196533,39.169952392578125,151.15927124023438,140.16502380371094,6.644492149353027,38.300804138183594,36.71780014038086,1
136073.0,5359.15380859375,1.3333333730697632,21.755634307861328,161.389404296875,150.95436096191406,19.890247344970703,51.02119827270508,59.06062316894531,1
522.5,169.49746704101562,0.7804877758026123,18.807926177978516,166.35899353027344,169.68521118164062,13.594172477722168,53.23857498168945,60.87934875488281,1
439.5,141.01219177246094,1.2333333492279053,25.013513565063477,174.4873809814453,159.4936981201172,39.85628128051758,61.79450988769531,64.3211669921875,1
8256.0,364.0,1.1149425506591797,20.197772979736328,95.39364624023438,45.72852325439453,37.54728698730469,105.30213165283203,71.97212982177734,1
3683.5,259.9827575683594,0.5,35.83268356323242,105.83203125,116.95333862304688,37.12659454345703,68.40633392333984,61.12291717529297,1
2351.5,240.1837615966797,0.9811320900917053,27.61465835571289,175.6799774169922,147.42416381835938,16.52206039428711,54.90639114379883,67.52381134033203,1
2695.0,403.3381042480469,1.092307686805725,20.6656551361084,168.21690368652344,104.07757568359375,6.337716579437256,74.02332305908203,47.65483093261719,1
7310.0,342.0,0.9885057210922241,31.282812118530273,32.815826416015625,140.9647216796875,47.65941619873047,57.35960388183594,41.466224670410156,1
1372.5,210.32589721679688,1.6666666269302368,48.526851654052734,104.73148345947266,130.84584045410156,42.756492614746094,57.69081115722656,61.17243957519531,1
3999.5,432.5513000488281,1.2625000476837158,45.142822265625,213.08094787597656,166.4230194091797,42.245872497558594,45.54304885864258,75.60453033447266,1
6535.5,693.5706176757812,1.066176414489746,21.53990936279297,143.79974365234375,151.95187377929688,15.899545669555664,56.39231872558594,61.73872375488281,1
16665.0,1070.1807861328125,1.203703761100769,18.23956871032715,162.23526000976562,177.1619110107422,14.723535537719727,95.00869750976562,41.4250373840332,1
7385.0,330.2497863769531,0.9700000286102295,128.0320587158203,101.26268005371094,111.67247772216797,67.27618408203125,71.91990661621094,84.88955688476562,1
12259.5,802.8010864257812,0.6071428656578064,48.999656677246094,180.05758666992188,144.7214813232422,64.4258804321289,44.134273529052734,65.47752380371094,1
7385.0,329.0782165527344,0.9700000286102295,127.82701110839844,104.82897186279297,110.59123992919922,67.48883819580078,73.73487091064453,84.9921875,1
21462.0,634.0,2.222222328186035,37.598854064941406,56.64692306518555,71.606201171875,47.39069747924805,73.89291381835938,82.0770034790039,1
3420.0,234.0,1.0517241954803467,25.78066635131836,169.2371368408203,153.9940643310547,15.484686851501465,37.16609191894531,70.2810287475586,1
7522.0,728.4508056640625,0.3243243098258972,66.35567474365234,196.36676025390625,172.42819213867188,31.346296310424805,43.70033645629883,54.07431411743164,1
9603.0,392.0,1.0204081535339355,31.44765281677246,153.12387084960938,82.6124496459961,36.45112991333008,101.23809814453125,90.57514953613281,1
2817.5,424.4680480957031,0.807692289352417,57.69841384887695,101.21306610107422,148.4920654296875,47.084228515625,58.88264083862305,57.317020416259766,1
411.0,88.48528289794922,0.7777777910232544,52.05643844604492,124.75837707519531,154.83421325683594,51.70579147338867,47.84247970581055,47.5940055847168,1
115691.0,2677.592041015625,1.6666666269302368,27.679256439208984,185.52659606933594,150.33460998535156,12.017478942871094,40.19827651977539,60.39072799682617,1
1011.0,177.2548370361328,1.1842105388641357,66.00759887695312,111.25847625732422,114.96666717529297,45.02541732788086,65.47740936279297,56.7901496887207,1
3553.0,254.4852752685547,1.8444443941116333,18.31378936767578,176.2294464111328,93.77857971191406,21.06977081298828,67.1408920288086,44.27229690551758,1
12510.0,458.0,0.6499999761581421,36.703453063964844,79.61522674560547,48.10737991333008,52.08161163330078,95.93040466308594,68.87396240234375,1
151507.5,4675.3779296875,0.5625,19.20143699645996,80.46247863769531,123.3780517578125,7.056155204772949,29.469999313354492,45.41329574584961,1
1979.0,283.5979919433594,1.1408450603485107,44.808555603027344,212.11354064941406,227.2902069091797,31.99565315246582,46.61216354370117,36.165740966796875,1
185617.5,6530.89111328125,1.3333333730697632,33.59623336791992,128.0078887939453,155.7426300048828,25.342382431030273,39.58299255371094,57.04191589355469,1
8657.0,572.0487670898438,1.1130434274673462,59.73104476928711,130.3346405029297,112.06358337402344,47.23603439331055,69.05381774902344,68.726806640625,1
46381.0,1307.4945068359375,1.0664206743240356,34.34867477416992,188.49200439453125,170.6936798095703,40.223384857177734,44.3317985534668,58.30392074584961,1
5329.0,292.0,1.0,31.185537338256836,74.84532165527344,74.45562744140625,44.22878646850586,87.34111785888672,84.3394775390625,1
1138.0,213.94113159179688,1.625,37.60346221923828,175.5723114013672,183.27691650390625,68.26542663574219,40.88471603393555,56.962425231933594,1
2775.0,317.39697265625,1.7872340679168701,53.537994384765625,188.7251739501953,156.29786682128906,33.65072250366211,52.599239349365234,49.854774475097656,1
1024.0,178.08326721191406,0.8444444537162781,66.00175476074219,109.90116882324219,114.54386138916016,44.97898864746094,65.96944427490234,56.8033561706543,1
54400.0,2412.77783203125,0.9146005511283875,24.00115394592285,191.40794372558594,182.15748596191406,25.264785766601562,79.42843627929688,54.22792053222656,1
3420.0,234.0,0.9508196711540222,25.932165145874023,169.2574920654297,153.94346618652344,15.411940574645996,37.375465393066406,70.41958618164062,1
1543.5,275.4974670410156,0.9122806787490845,17.211875915527344,181.55465698242188,146.2462921142578,10.917413711547852,53.06462478637695,69.70655822753906,1
7774.0,437.96551513671875,0.7666666507720947,42.73505401611328,193.13333129882812,144.26113891601562,25.46662712097168,47.620174407958984,45.195526123046875,1
560.5,112.18376159667969,1.559999942779541,20.274871826171875,161.15383911132812,101.85948944091797,11.12632942199707,70.36067199707031,51.498008728027344,1
3634.5,280.3258972167969,0.8192771077156067,17.81608772277832,169.68267822265625,159.58114624023438,41.5700798034668,47.896018981933594,67.6031723022461,1
32680.0,724.0,1.1040462255477905,31.004085540771484,136.87692260742188,78.70729064941406,37.01696014404297,115.16492462158203,71.41475677490234,1
48298.5,927.6883544921875,0.9752066135406494,24.488689422607422,183.42935180664062,184.94744873046875,26.710071563720703,85.41834259033203,53.747779846191406,1
4977.0,283.313720703125,0.7804877758026123,61.60918426513672,95.1181411743164,151.21856689453125,48.5738410949707,58.283451080322266,57.2972526550293,1
4611.5,480.7523193359375,1.0111111402511597,35.88461685180664,156.7898712158203,123.42295837402344,48.15601348876953,55.01625442504883,56.03074645996094,1
9319.0,907.3868408203125,0.8615384697914124,52.101097106933594,78.53372192382812,137.36105346679688,30.493324279785156,50.20874786376953,60.75551223754883,1
3080.0,222.0,1.0178571939468384,38.252193450927734,163.3884735107422,87.51597595214844,42.28392028808594,90.30423736572266,90.18263244628906,1
6160.0,314.0,0.9629629850387573,54.52659225463867,81.76163482666016,143.7886962890625,51.75986862182617,92.8614273071289,37.33504104614258,1
36186.0,905.9310302734375,1.2102564573287964,30.787092208862305,176.58721923828125,166.28759765625,39.92567443847656,88.7019271850586,62.87094497680664,1
47280.0,874.0,1.2171716690063477,25.261619567871094,109.3897476196289,115.36126708984375,38.9752082824707,84.53500366210938,94.56289672851562,1
1792.5,360.8111877441406,0.32258063554763794,65.59497833251953,192.24838256835938,171.7899627685547,31.2377986907959,47.156124114990234,52.946617126464844,1
1813.5,188.32589721679688,0.9791666865348816,44.42021179199219,148.1254425048828,126.40779876708984,55.366085052490234,69.28914642333984,63.37252426147461,1
3444.0,251.94113159179688,1.8222222328186035,17.641191482543945,174.09132385253906,92.95121765136719,19.615758895874023,68.17361450195312,44.422874450683594,1
35915.0,1819.8519287109375,0.878892719745636,24.407228469848633,194.0294952392578,188.49464416503906,25.641889572143555,77.3909683227539,46.557918548583984,1
136.0,76.14213562011719,0.8947368264198303,18.021671295166016,180.84519958496094,153.291015625,10.56995677947998,43.21199417114258,66.1517333984375,1
19045.0,1275.896484375,0.6636363863945007,36.49710464477539,172.5067596435547,182.55601501464844,20.50005531311035,49.25969696044922,44.65618896484375,1
109966.0,6434.3642578125,1.3333333730697632,41.718841552734375,175.05279541015625,164.1427764892578,55.19175338745117,40.7957878112793,59.477359771728516,1
213.0,75.45584106445312,1.1428571939468384,21.515872955322266,179.22817993164062,167.17063903808594,19.472909927368164,51.6783561706543,63.11056137084961,1
481613.0,5751.51318359375,0.75,22.607559204101562,30.507247924804688,99.65595245361328,26.694852828979492,53.575008392333984,83.66525268554688,1
17603.5,583.80615234375,1.1357142925262451,77.36873626708984,110.44622802734375,131.27488708496094,56.35759735107422,44.74459457397461,64.98353576660156,1
3123.0,220.4852752685547,0.9322034120559692,27.04684066772461,158.99815368652344,165.1713409423828,16.200580596923828,56.351287841796875,54.27287292480469,1
46756.5,1914.06005859375,1.3565891981124878,27.687442779541016,162.43617248535156,132.7821502685547,33.670433044433594,41.30752182006836,61.80483627319336,1
1001121.0,4156.0,1.736842155456543,23.12485122680664,60.64236068725586,112.92131042480469,17.74281120300293,54.13719940185547,55.71977233886719,1
97500.0,1250.0,1.0830564498901367,30.18842124938965,109.56683349609375,110.2791748046875,47.185970306396484,86.32373809814453,98.79182434082031,1
5390.0,868.0731811523438,1.0098038911819458,32.640586853027344,179.0050506591797,183.01181030273438,23.56057357788086,38.71781539916992,47.31681442260742,1
5337.0,417.6812438964844,1.3037974834442139,21.879684448242188,166.45619201660156,205.0426483154297,36.44019317626953,54.27018737792969,41.526546478271484,1
169077.5,7583.7333984375,0.9963167309761047,41.620277404785156,170.407470703125,150.25209045410156,16.490304946899414,41.47892379760742,48.072513580322266,1
358.0,120.6274185180664,2.625,38.706844329833984,55.16518020629883,167.4017791748047,33.563621520996094,34.03028869628906,42.089324951171875,1
1487.5,157.6396026611328,1.04347825050354,24.160778045654297,111.40760803222656,128.20924377441406,26.220876693725586,58.11447525024414,51.506019592285156,1
2401.0,196.0,1.0,37.81159973144531,185.45559692382812,99.58080291748047,43.559303283691406,72.92595672607422,86.88156127929688,1
35532.0,754.0,0.9947368502616882,25.510135650634766,114.67535400390625,90.94126892089844,39.51567077636719,119.36115264892578,104.55926513671875,1
1657.5,255.8406219482422,0.859375,49.45852279663086,104.41107940673828,138.88067626953125,41.38022994995117,61.08511734008789,68.84259796142578,1
46381.0,1307.4945068359375,0.9377162456512451,34.34867477416992,188.4921112060547,170.6936798095703,40.223384857177734,44.331878662109375,58.30392074584961,1
50719.0,920.2842407226562,1.1408450603485107,48.68496322631836,222.12156677246094,200.8409881591797,36.78951644897461,44.05229187011719,68.47810363769531,1
85836.0,1174.0,1.1263537406921387,34.2722282409668,124.3940658569336,125.21946716308594,48.86077880859375,81.3262939453125,95.97571563720703,1
44329.0,1318.98486328125,1.2142857313156128,9.117387771606445,187.6228790283203,177.28672790527344,16.458330154418945,35.7197151184082,58.869510650634766,1
30646.0,706.0,1.2903225421905518,42.46145248413086,126.51748657226562,69.1299057006836,46.447113037109375,116.21580505371094,83.93151092529297,1
5347.5,485.7228698730469,0.9596773982048035,60.661495208740234,169.30197143554688,144.39279174804688,36.88542175292969,63.43938446044922,57.76908874511719,1
3268.0,238.0,0.5714285969734192,34.761512756347656,163.01683044433594,87.8099136352539,39.74533462524414,89.02067565917969,87.43394470214844,1
1040.5,176.87005615234375,1.0,11.797187805175781,215.36721801757812,211.38128662109375,2.9306888580322266,38.39748001098633,34.408782958984375,1
11318.5,1323.67822265625,1.173076868057251,30.785903930664062,150.3347625732422,154.97996520996094,25.46294403076172,48.2218132019043,53.45802307128906,1
927.5,157.21319580078125,1.7777777910232544,50.241512298583984,208.56790161132812,127.99459838867188,23.156829833984375,34.49094009399414,40.13260269165039,1
2115.0,184.0,1.04347825050354,36.54121398925781,180.55299377441406,157.1915740966797,13.499534606933594,41.75196075439453,56.70930862426758,1
2400.0,196.0,1.040816307067871,44.483394622802734,196.51181030273438,75.09363555908203,47.114601135253906,73.63579559326172,79.99327087402344,1
7048.0,643.0781860351562,1.876190423965454,13.801836967468262,156.49514770507812,200.15016174316406,5.491403102874756,34.7808952331543,54.30143356323242,1
274955.5,3916.90283203125,1.3333333730697632,37.550392150878906,169.0532684326172,157.3159942626953,41.63326644897461,48.139854431152344,66.81926727294922,1
1030113.5,3960.23486328125,0.941821277141571,47.02476501464844,99.25824737548828,127.22459411621094,47.294498443603516,53.623634338378906,40.73564910888672,1
683.0,185.2548370361328,1.6129032373428345,20.701934814453125,158.6122589111328,141.77484130859375,12.346197128295898,49.43735122680664,54.57942581176758,1
3266.0,291.7401123046875,0.9375,33.64765548706055,163.87709045410156,137.73802185058594,28.430572509765625,43.288475036621094,42.47037124633789,1
1662.0,250.42640686035156,1.163636326789856,48.484657287597656,104.08977508544922,139.47442626953125,40.88993453979492,58.69927215576172,68.37999725341797,1
55454.5,1145.5361328125,1.2007721662521362,33.587059020996094,161.845947265625,157.02464294433594,37.595577239990234,87.93585205078125,58.397579193115234,1
352.5,110.04163360595703,0.8064516186714172,16.667097091674805,153.80258178710938,195.23097229003906,15.415706634521484,27.609039306640625,50.17818069458008,1
33181.5,912.0660400390625,1.1193181276321411,24.273361206054688,130.5407257080078,164.19300842285156,21.03285026550293,48.045555114746094,53.13203430175781,1
11484.0,430.0,0.8547008633613586,47.831111907958984,65.27828979492188,73.4909439086914,54.41624450683594,87.77871704101562,97.67922973632812,1
29624.0,690.0,1.1419752836227417,30.41094398498535,137.1113739013672,108.76763153076172,41.37917709350586,118.10940551757812,105.54924011230469,1
188649.5,4594.5595703125,1.3333333730697632,22.132116317749023,59.75292205810547,121.16065979003906,8.033085823059082,39.28858184814453,46.01160430908203,1
79890.0,2720.0185546875,0.9384615421295166,31.999021530151367,180.1627655029297,141.4033660888672,18.23141098022461,42.20063400268555,50.410560607910156,1
12014.0,625.1959838867188,1.0149253606796265,29.26563835144043,170.4232940673828,151.04071044921875,31.28603172302246,87.31629180908203,63.016990661621094,1
16362.5,515.2131958007812,0.8068965673446655,55.280696868896484,178.64968872070312,169.67356872558594,30.353940963745117,52.77009582519531,46.67650604248047,1
57948.0,1171.4356689453125,0.8264984488487244,35.053314208984375,158.6070556640625,159.0899658203125,38.59598922729492,88.92098999023438,58.94587707519531,1
3553.0,254.4852752685547,1.8444443941116333,17.50147247314453,175.9842071533203,93.58018493652344,17.93705940246582,68.38502502441406,44.08478546142578,1
11408.0,450.48529052734375,0.8016529083251953,35.0668830871582,183.46766662597656,163.75103759765625,11.312625885009766,57.19236373901367,66.653564453125,1
639.5,172.52691650390625,0.8717948794364929,61.76244354248047,139.0482635498047,150.78280639648438,68.54383850097656,61.82151412963867,55.10673522949219,1
205.5,80.72792053222656,0.875,57.587303161621094,163.9662628173828,220.0238037109375,34.838748931884766,66.68524169921875,32.04225158691406,1
10556.0,414.0,1.27173912525177,36.40431213378906,83.45531463623047,57.28307342529297,48.75010299682617,99.22343444824219,83.55416870117188,1
30654.0,713.4558715820312,1.3246753215789795,44.313087463378906,147.66055297851562,163.64476013183594,23.058320999145508,65.63024139404297,60.35416793823242,1
55734.0,1717.210205078125,1.8780487775802612,33.16032791137695,136.7613525390625,166.88755798339844,33.31233215332031,38.482479095458984,59.61756896972656,1
117880.0,4270.345703125,1.4988290071487427,68.05558776855469,151.55996704101562,156.08143615722656,70.5907974243164,43.79777908325195,55.61192321777344,1
25253.5,2182.070068359375,0.9666666388511658,30.75667381286621,173.7862548828125,161.22613525390625,22.659832000732422,42.551055908203125,56.310096740722656,1
90234.0,5492.22802734375,1.0979167222976685,30.50731658935547,143.9098663330078,138.157958984375,12.016825675964355,46.63484573364258,53.814510345458984,1
85728.0,1172.0,0.9278688430786133,35.07770538330078,130.24664306640625,127.26373291015625,39.1182975769043,86.64218139648438,93.72223663330078,1
2115.0,184.0,1.04347825050354,36.62590408325195,181.8229217529297,156.44520568847656,13.726346969604492,45.90001678466797,59.7352294921875,1
1463.5,200.66905212402344,0.6379310488700867,47.23159408569336,111.91099548339844,122.12767791748047,43.01287078857422,59.708072662353516,59.054237365722656,1
42308.5,1447.0509033203125,1.3387755155563354,56.042137145996094,125.9010238647461,172.72494506835938,40.82414245605469,80.62153625488281,68.45303344726562,1
399696.0,7414.48193359375,0.6850618720054626,20.769500732421875,64.70540618896484,123.66671752929688,14.952881813049316,37.852081298828125,48.7228889465332,1
2197.5,261.01220703125,2.65625,32.37683868408203,76.20992279052734,165.44522094726562,39.2999153137207,47.85489273071289,49.33960723876953,1
124567.5,5450.46044921875,0.9383983612060547,31.99836540222168,180.15489196777344,141.4032440185547,18.228378295898438,42.196861267089844,50.41648864746094,1
1138.0,218.08326721191406,2.1379311084747314,28.481645584106445,206.4043426513672,98.34093475341797,13.848514556884766,40.39160919189453,45.53425216674805,1
895.0,165.94113159179688,1.0,40.725181579589844,169.65286254882812,123.63839721679688,53.33440017700195,66.61454010009766,57.49707794189453,1
35721.0,756.0,1.0,19.137313842773438,79.01985931396484,73.1512451171875,25.765180587768555,88.28790283203125,92.45506286621094,1
21901.0,681.7888793945312,1.0523256063461304,42.04368591308594,94.36882019042969,119.55929565429688,46.434715270996094,69.23616027832031,47.47431182861328,1
2808.0,212.0,0.9636363387107849,33.9005126953125,171.82333374023438,96.86894989013672,39.2055549621582,76.64327239990234,82.65435028076172,1
24806.0,630.0,0.9937106966972351,24.857376098632812,76.19206237792969,63.077064514160156,31.26499366760254,88.70633697509766,79.36741638183594,1
12170.0,765.2447509765625,1.6610169410705566,48.393287658691406,179.34158325195312,144.64320373535156,64.00121307373047,43.59946823120117,65.27754974365234,1
6480.0,322.0,0.9878048896789551,21.077838897705078,175.13429260253906,168.5697021484375,13.558247566223145,35.33903503417969,69.22989654541016,1
24550.0,746.0244140625,0.9397590160369873,41.93389129638672,125.16632080078125,141.66867065429688,34.03730392456055,50.6910400390625,68.3013916015625,1
785.0,170.76954650878906,0.75,48.517906188964844,125.79063415527344,114.60743713378906,37.83018493652344,70.09530639648438,63.904544830322266,1
562711.5,9311.6162109375,0.75,31.236318588256836,55.432186126708984,164.57839965820312,26.940141677856445,67.36993408203125,41.70491409301758,1
1275.5,168.46803283691406,1.1749999523162842,26.82606315612793,125.23191833496094,119.06382751464844,22.862518310546875,63.61940002441406,57.01275634765625,1
7692.5,559.7228393554688,0.9708737730979919,63.48281478881836,197.840576171875,153.825927734375,32.97412109375,52.934627532958984,45.35924530029297,1
12792.0,454.0,1.1809524297714233,13.28870964050293,141.219970703125,216.22296142578125,6.229949474334717,44.1124153137207,35.797447204589844,1
20177.5,772.0071411132812,0.7626262903213501,17.155662536621094,212.676025390625,163.17108154296875,2.4354641437530518,48.81310272216797,61.81950759887695,1
1830.5,258.8111877441406,0.7727272510528564,48.29411697387695,123.0282211303711,118.06120300292969,36.778926849365234,67.46308898925781,65.4434814453125,1
101283.0,2932.6357421875,2.4710423946380615,19.02781105041504,214.69483947753906,139.98501586914062,13.040544509887695,40.339149475097656,61.40329360961914,1
9773.5,642.0071411132812,0.9801324605941772,41.20243453979492,226.64990234375,141.8792724609375,27.314455032348633,38.039066314697266,61.222923278808594,1
664.0,137.94113159179688,1.5357142686843872,23.274085998535156,157.3812255859375,125.25,36.14900207519531,57.621891021728516,56.08623504638672,1
565.0,323.7401123046875,0.3661971688270569,26.388948440551758,161.1245880126953,158.45558166503906,18.97821617126465,56.66796875,57.66423034667969,1
39279.5,824.384765625,0.9138755798339844,42.28307342529297,165.27911376953125,163.9405517578125,24.20880889892578,72.45819091796875,70.62104797363281,1
1212.5,307.01220703125,0.364705890417099,27.763566970825195,144.18746948242188,126.32523345947266,16.825092315673828,52.61367416381836,63.29178237915039,1
16142.5,559.261962890625,1.0399999618530273,42.65705108642578,87.04936218261719,123.00760650634766,46.78059768676758,69.39859008789062,42.07146453857422,1
961.0,162.08326721191406,1.3611111640930176,24.056690216064453,181.52720642089844,104.10771179199219,20.43675994873047,53.34214401245117,55.100257873535156,1
422.0,104.28427124023438,0.75,24.078125,178.52734375,101.88150787353516,22.245590209960938,53.67544937133789,55.06800079345703,1
11962.5,1196.222412109375,0.6714975833892822,30.812776565551758,181.7107696533203,180.15744018554688,26.712711334228516,41.72026824951172,49.396793365478516,1
604.0,151.45584106445312,1.0882352590560913,43.298885345458984,160.4570770263672,213.10333251953125,75.26438903808594,36.436458587646484,19.371742248535156,1
21566.0,2023.5533447265625,0.98046875,20.409658432006836,115.28319549560547,106.96382904052734,23.50737953186035,89.12968444824219,88.92835235595703,1
5062.5,299.8061218261719,0.9270833134651184,34.5653076171875,89.17193603515625,129.50057983398438,41.273353576660156,59.867591857910156,80.57443237304688,1
16298.5,652.8599243164062,0.8827160596847534,39.36393737792969,92.47984313964844,121.78468322753906,44.295162200927734,71.74468994140625,40.882476806640625,1
2862.0,214.0,0.9818181991577148,21.178451538085938,177.18148803710938,168.8599395751953,13.667940139770508,36.588645935058594,69.88027954101562,1
170071.5,4249.47119140625,1.3822894096374512,59.02744674682617,101.90435791015625,149.39053344726562,47.518455505371094,57.96788787841797,57.01779556274414,1
295080.5,2636.62451171875,1.3333333730697632,17.224618911743164,175.6797637939453,93.72791290283203,17.802169799804688,67.26990509033203,44.31241989135742,1
7056.0,336.0,1.0,28.0321102142334,97.37411499023438,61.58906555175781,42.99681091308594,103.5361099243164,93.7385482788086,1
935.0,215.11270141601562,2.555555582046509,24.67793846130371,110.8475570678711,160.0617218017578,18.142969131469727,50.019100189208984,72.026611328125,1
29918.5,1148.991943359375,1.5696970224380493,23.16939353942871,174.5510711669922,105.07984161376953,26.642854690551758,52.72840881347656,54.67605209350586,1
15649.5,1069.5462646484375,1.2721519470214844,37.95685958862305,164.3636932373047,173.3361358642578,42.43351745605469,41.252620697021484,58.196903228759766,1
24173.0,899.2102661132812,0.734883725643158,22.708507537841797,139.11477661132812,186.3904571533203,43.05143356323242,85.663818359375,41.16331481933594,1
8372.0,366.0,0.9892473220825195,22.48048210144043,97.96669006347656,48.28459548950195,35.389198303222656,107.78379821777344,78.11335754394531,1
38815.5,1335.8792724609375,0.9094650149345398,39.486507415771484,174.6478271484375,156.49827575683594,36.793148040771484,50.72661209106445,62.386444091796875,1
15876.0,1130.465087890625,1.4594594240188599,34.41084671020508,151.40994262695312,136.1404266357422,37.97993469238281,39.46323776245117,57.86314010620117,1
573825.0,8799.3837890625,0.5625,22.09671974182129,59.464447021484375,121.17465209960938,8.259224891662598,39.52223587036133,46.06394958496094,1
1194850.5,5409.10205078125,1.1388400793075562,47.2662239074707,130.55152893066406,127.07047271728516,44.03598403930664,67.88988494873047,34.16553497314453,1
976.5,132.0416259765625,0.8717948794364929,21.9917049407959,178.22850036621094,153.91026306152344,51.43648910522461,42.01898956298828,61.39375686645508,1
12485.0,523.7401123046875,1.2118643522262573,19.797914505004883,113.9298324584961,148.5851593017578,23.73906898498535,71.87454986572266,52.649593353271484,1
1562.5,272.52691650390625,0.6891891956329346,26.66004180908203,180.86380004882812,151.83731079101562,13.054762840270996,46.231605529785156,60.312835693359375,1
11312.0,426.0,0.9026548862457275,61.78006362915039,52.8101692199707,144.25559997558594,49.69071578979492,61.23025894165039,49.20310974121094,1
500.5,112.04163360595703,1.100000023841858,51.22929382324219,176.34950256347656,126.03535461425781,34.01905059814453,45.519615173339844,65.0140609741211,1
22892.0,1815.6365966796875,0.9307359457015991,28.476089477539062,185.58938598632812,159.5757598876953,16.821279525756836,59.02470779418945,69.14824676513672,1
794.0,210.76954650878906,2.3214285373687744,20.33351707458496,156.59725952148438,139.4725341796875,10.92890453338623,50.70759582519531,49.78771209716797,1
18329.0,832.877197265625,1.5912408828735352,36.67839813232422,242.95654296875,138.57286071777344,25.045053482055664,20.28830909729004,72.4730224609375,1
1159.5,144.1837615966797,1.548387050628662,40.26747131347656,134.61424255371094,89.3978500366211,34.15769958496094,65.00887298583984,45.90757751464844,1
302570.5,2261.6396484375,1.3333333730697632,48.681705474853516,222.1357421875,200.82766723632812,36.7839469909668,44.0684928894043,68.47827911376953,1
4493.0,285.9411315917969,0.43396225571632385,40.252254486083984,105.61299896240234,120.3187026977539,40.07350158691406,67.1838607788086,61.772613525390625,1
3217.5,454.1248779296875,1.2539682388305664,46.637332916259766,162.01124572753906,214.79766845703125,72.18140411376953,35.95423126220703,32.28059387207031,1
14049.5,858.7421875,1.316901445388794,19.65116310119629,224.11520385742188,188.30018615722656,12.125284194946289,27.757034301757812,44.50156784057617,1
4950.0,282.0,1.1343283653259277,75.54280853271484,128.3381805419922,108.62313079833984,47.058589935302734,92.2973403930664,95.05084228515625,1
63815.0,1185.2203369140625,0.9702602028846741,41.308292388916016,137.18275451660156,167.0554962158203,21.65382194519043,57.22100067138672,62.70721435546875,1
548388.5,8407.396484375,0.5625,23.416358947753906,76.27770233154297,118.5595932006836,10.94332218170166,48.24123001098633,49.073917388916016,1
2668.5,496.7523193359375,1.1176470518112183,27.239164352416992,192.91717529296875,155.79335021972656,16.805044174194336,53.48104476928711,68.3475570678711,1
859233.5,5703.71923828125,1.2376725673675537,51.25487518310547,101.79502868652344,151.76963806152344,52.46942901611328,71.23759460449219,48.717384338378906,1
1764.0,198.28427124023438,0.3835616409778595,27.144325256347656,143.9359130859375,167.14138793945312,17.896780014038086,69.12393951416016,61.95315170288086,1
8091.0,360.0,0.936170220375061,19.069028854370117,62.037113189697266,44.12983703613281,37.90005874633789,90.50373077392578,71.337158203125,1
2096.5,386.6690368652344,3.366666555404663,26.88052749633789,142.31155395507812,93.35445404052734,38.582271575927734,73.85702514648438,38.120094299316406,1
1278.0,169.05381774902344,0.8510638475418091,26.054786682128906,125.11436462402344,118.93617248535156,20.07040023803711,63.332618713378906,56.74905776977539,1
1515.0,229.7401123046875,1.2765957117080688,63.45922088623047,82.5365219116211,144.9727020263672,52.78691864013672,63.30220031738281,64.6250991821289,1
362.0,113.45584106445312,1.5199999809265137,21.05368423461914,96.51789093017578,192.99684143066406,25.148866653442383,36.377742767333984,49.271331787109375,1
1516.0,221.05381774902344,0.5512820482254028,40.90757369995117,145.1419219970703,122.34674835205078,39.528526306152344,57.292781829833984,74.26013946533203,1
55454.5,1145.5361328125,0.8327974081039429,33.587059020996094,161.8458709716797,157.02464294433594,37.595577239990234,87.93595886230469,58.397579193115234,1
440.5,141.01219177246094,0.8108108043670654,24.918018341064453,173.61170959472656,159.47927856445312,39.73687744140625,61.258628845214844,64.4737777709961,1
1511.0,165.7989959716797,1.097561001777649,21.101354598999023,161.1864471435547,150.73712158203125,17.910982131958008,51.45534133911133,58.8820686340332,1
4341.5,264.7279357910156,0.837837815284729,84.7325668334961,85.84241485595703,165.6185760498047,42.28579330444336,51.886722564697266,63.72149658203125,1
6191.5,774.492431640625,1.1176470518112183,26.997936248779297,190.2917938232422,155.29824829101562,15.795302391052246,52.48750686645508,67.92311096191406,1
1516.0,229.7401123046875,1.2765957117080688,64.45425415039062,83.09007263183594,145.3195037841797,52.59344482421875,62.89020919799805,64.82019805908203,1
38720.5,899.2964477539062,1.100000023841858,23.90574073791504,169.04348754882812,190.775146484375,34.91642379760742,52.01852035522461,50.10184860229492,1
15103.0,636.4163208007812,0.9090909361839294,44.92141342163086,89.98258209228516,128.95277404785156,45.63007354736328,73.57089233398438,42.49949264526367,1
6381.5,417.864990234375,0.8867924809455872,26.771778106689453,162.8702392578125,109.33590698242188,29.179391860961914,51.61814880371094,58.824195861816406,1
1266.5,151.8406219482422,0.7083333134651184,44.1280632019043,132.5759735107422,91.47303771972656,35.425235748291016,68.08696746826172,47.61121368408203,1
7669.0,367.2203369140625,0.9142857193946838,20.561904907226562,132.36219787597656,98.85059356689453,9.47314167022705,56.413475036621094,37.26484298706055,1
299407.5,2309.864990234375,1.3333333730697632,51.551063537597656,232.29629516601562,184.27381896972656,42.602420806884766,38.995155334472656,70.43196868896484,1
3446.0,411.1370849609375,1.25,20.073408126831055,222.83753967285156,189.60997009277344,13.892977714538574,29.361597061157227,49.36510467529297,1
17623.5,538.2426147460938,0.9142857193946838,38.948158264160156,140.73074340820312,145.37567138671875,24.744237899780273,62.12281036376953,79.2185287475586,1
1246.0,151.2548370361328,0.7083333134651184,44.416053771972656,133.34681701660156,91.44546508789062,35.11302185058594,68.4301986694336,47.92808532714844,1
3431.0,245.5979766845703,0.5595238208770752,48.28267288208008,112.62208557128906,112.1694564819336,46.80341339111328,64.75664520263672,57.99006652832031,1
8375.0,384.0,1.8529411554336548,11.694794654846191,65.45576477050781,37.073997497558594,23.37177848815918,93.22312927246094,64.33580780029297,1
9492.0,561.4213256835938,1.0940171480178833,60.20332717895508,131.2946014404297,113.44317626953125,47.12744903564453,67.99729919433594,69.21752166748047,1
3596.0,240.0,1.0677965879440308,27.12429428100586,184.0519256591797,158.38633728027344,13.317651748657227,32.59239196777344,65.57707214355469,1
35985.0,938.2396850585938,1.2602040767669678,39.387176513671875,182.9438018798828,126.67613220214844,33.62514114379883,66.05830383300781,69.09325408935547,1
421.0,104.28427124023438,1.3333333730697632,25.72005271911621,182.4192657470703,102.93489837646484,26.44891929626465,53.901397705078125,55.47499465942383,1
25315.0,1410.4305419921875,1.4569892883300781,34.465538024902344,151.3199005126953,136.31857299804688,38.08815002441406,39.44865798950195,57.924076080322266,1
18006.0,899.2447509765625,0.7647058963775635,26.038593292236328,174.8428192138672,169.2886962890625,30.96818733215332,90.32592010498047,59.90293502807617,1
42308.5,1447.0509033203125,1.3387755155563354,56.042137145996094,125.9010238647461,172.72494506835938,40.82414245605469,80.62153625488281,68.45303344726562,1
1933485.0,5671.25146484375,0.9164619445800781,40.144866943359375,106.63924407958984,126.75331115722656,41.69277572631836,55.278743743896484,36.632896423339844,1
24159.5,1553.182861328125,0.913223147392273,24.0108642578125,191.5602264404297,182.073486328125,25.309402465820312,79.32315826416016,54.23931884765625,1
6573.0,469.96551513671875,1.0102040767669678,42.77705764770508,205.74200439453125,143.62388610839844,25.343610763549805,39.138973236083984,43.98662567138672,1
158.0,70.14213562011719,0.4285714328289032,15.767857551574707,165.50595092773438,127.72618865966797,6.979965686798096,52.9227294921875,62.893306732177734,1
23748.5,639.203125,1.0751445293426514,38.13484191894531,92.6817398071289,119.41363525390625,40.6884765625,67.78472900390625,44.43799591064453,1
3299.0,240.71067810058594,0.5595238208770752,47.6185417175293,110.32117462158203,111.57421112060547,46.141971588134766,66.17787170410156,57.69529724121094,1
33445.0,871.5289916992188,0.731517493724823,32.189170837402344,158.43212890625,157.99383544921875,36.07356262207031,88.63802337646484,57.82628631591797,1
1277.5,162.52691650390625,0.7708333134651184,60.5304069519043,90.05574035644531,134.40428161621094,50.49620056152344,57.325721740722656,69.79107666015625,1
24388.0,648.2842407226562,1.2695035934448242,38.63587951660156,132.66717529296875,139.55279541015625,29.47907257080078,51.8238525390625,66.63814544677734,1
11026.0,818.4751586914062,0.9424460530281067,20.715471267700195,171.06309509277344,103.71931457519531,6.276015758514404,72.21016693115234,48.07479476928711,1
1562.0,156.4852752685547,1.0,23.427125930786133,151.90065002441406,168.34979248046875,15.815776824951172,59.231998443603516,57.172908782958984,1
6278.5,526.9188232421875,0.8655462265014648,35.44961929321289,208.90707397460938,154.3189239501953,28.788555145263672,42.43324279785156,45.61445236206055,1
837.5,191.98275756835938,0.8999999761581421,37.928443908691406,164.913330078125,148.02755737304688,26.44191551208496,45.859127044677734,60.67806625366211,1
18006.0,899.2447509765625,1.307692289352417,26.038593292236328,174.8424530029297,169.2886962890625,30.96818733215332,90.326171875,59.90293502807617,1
32231.5,1662.0213623046875,1.2701421976089478,38.63903045654297,132.66217041015625,139.5615997314453,29.487924575805664,51.813236236572266,66.64728546142578,1
12259.5,802.8010864257812,1.6470588445663452,48.999656677246094,180.05728149414062,144.7214813232422,64.4258804321289,44.13410186767578,65.47752380371094,1
19835.5,999.9381713867188,0.8974359035491943,28.83258628845215,161.09884643554688,112.80316162109375,28.043262481689453,54.33173751831055,57.54426193237305,1
40370.0,862.2842407226562,0.9061033129692078,46.528717041015625,161.86497497558594,156.71142578125,21.79952621459961,47.19631576538086,51.406700134277344,1
8008.0,358.0,0.967391312122345,71.32474517822266,100.7909164428711,108.15119934082031,50.17605972290039,89.24104309082031,89.36637878417969,1
36893.5,1245.6883544921875,1.0,32.05156326293945,182.74462890625,151.58827209472656,22.358043670654297,45.43339538574219,51.09048843383789,1
1686.5,178.72792053222656,0.795918345451355,17.644689559936523,178.11146545410156,144.99005126953125,16.874265670776367,50.41243362426758,61.25575256347656,1
32614.5,1478.555419921875,1.2159624099731445,28.446027755737305,160.76133728027344,106.25761413574219,25.439958572387695,55.09239196777344,50.94818878173828,1
585.5,160.32589721679688,0.9756097793579102,16.234146118164062,169.5707244873047,145.7457275390625,13.355095863342285,58.12664794921875,60.698299407958984,1
8022.5,804.1492919921875,1.3611111640930176,46.22694778442383,184.14537048339844,171.44998168945312,25.87407684326172,66.05305480957031,67.05461120605469,1
15787.0,1438.582763671875,1.1336634159088135,36.2558708190918,175.42015075683594,172.71961975097656,24.426477432250977,82.06605529785156,66.25055694580078,1
212.0,76.6274185180664,1.1428571939468384,22.442461013793945,180.2003936767578,166.7738037109375,23.373958587646484,52.75619125366211,64.92221069335938,1
3750.5,354.1248779296875,0.9873417615890503,40.96575927734375,172.3766632080078,124.7299575805664,52.72280502319336,65.97039794921875,58.61077117919922,1
24303.5,1223.97265625,1.0,22.73906898498535,160.92015075683594,184.5189971923828,26.809728622436523,52.06635665893555,47.29013442993164,1
1323053.0,4449.35498046875,1.0062451362609863,43.70204162597656,96.76753997802734,139.83453369140625,43.4497184753418,49.53477096557617,42.38129806518555,1
332357.0,4574.6416015625,0.75,17.59697151184082,38.61237716674805,113.74763488769531,14.781011581420898,62.969024658203125,76.34033966064453,1
4862727.0,25837.244140625,1.6199276447296143,21.470300674438477,57.25054168701172,158.0410919189453,8.927835464477539,51.2504997253418,41.73779296875,1
5484.0,297.313720703125,1.068493127822876,70.9664535522461,88.08851623535156,174.3684539794922,44.525699615478516,48.097503662109375,63.359127044677734,1
1618.5,164.24264526367188,1.0487804412841797,36.3272819519043,169.1627960205078,156.1990966796875,40.55208969116211,49.77743148803711,66.740478515625,1
3906.0,250.0,0.984375,55.24504089355469,175.53074645996094,97.57911682128906,45.4661865234375,92.78173065185547,97.57599639892578,1
2832.0,546.877197265625,1.8524590730667114,70.02944946289062,169.6151123046875,151.20252990722656,38.37553024291992,67.476318359375,54.70526123046875,1
7769.5,423.0365905761719,0.625,96.87675476074219,123.8974609375,100.0933609008789,50.215919494628906,47.22987747192383,59.402706146240234,1
22869.0,660.0,0.43103447556495667,38.580604553222656,117.58262634277344,86.97422790527344,42.57298278808594,105.58700561523438,94.56500244140625,1
93.0,78.48528289794922,0.5,28.961734771728516,173.2908172607422,156.22703552246094,10.334757804870605,48.04336929321289,57.882816314697266,1
715.5,129.35533142089844,0.34545454382896423,36.281341552734375,129.9205780029297,103.6775131225586,43.8173828125,75.48384857177734,61.376041412353516,1
997.5,218.66905212402344,1.8857142925262451,63.340694427490234,88.3709945678711,171.64718627929688,50.25434494018555,54.697994232177734,64.0368423461914,1
1022.5,180.66905212402344,1.125,64.4383316040039,110.39833068847656,118.4927749633789,44.534576416015625,64.63556671142578,58.38412094116211,1
7208.5,426.3258972167969,1.1666666269302368,27.909378051757812,167.78268432617188,162.63751220703125,19.401161193847656,45.580257415771484,67.04946899414062,1
3420.0,234.0,1.0517241954803467,25.744205474853516,169.47117614746094,153.9788055419922,15.3961763381958,37.418582916259766,70.5447998046875,1
9700.0,394.0,0.9702970385551453,21.629520416259766,101.67852020263672,55.6875114440918,33.855464935302734,102.9400634765625,84.37792205810547,1
100827.0,2703.876220703125,0.6902438998222351,33.59225082397461,128.0074462890625,155.74034118652344,25.33252716064453,39.57473373413086,57.04166030883789,1
69170.0,1077.2548828125,1.3246753215789795,44.35947799682617,148.30328369140625,163.1862030029297,23.15382194519043,65.94868469238281,60.50862121582031,1
10146.5,685.0365600585938,1.5930233001708984,34.29986572265625,105.32184600830078,132.7413787841797,16.856557846069336,62.96491241455078,65.2546157836914,1
1195.0,160.62741088867188,0.5471698045730591,23.6154842376709,178.1073455810547,115.12166595458984,15.688570976257324,38.754581451416016,56.091407775878906,1
4950.0,282.0,0.8815789222717285,36.99037551879883,194.80479431152344,142.382568359375,8.09527587890625,38.44164276123047,52.5235481262207,1
17438.0,1056.2884521484375,0.9441624283790588,55.66797637939453,97.65544891357422,192.31625366210938,73.12062072753906,71.9417724609375,43.94575881958008,1
520.5,167.49746704101562,1.3225806951522827,18.566482543945312,167.63729858398438,169.13690185546875,13.542662620544434,53.2310676574707,60.989070892333984,1
17049.0,546.62744140625,0.8413792848587036,51.52153778076172,232.291015625,184.2716827392578,42.581478118896484,39.03993606567383,70.43413543701172,1
32378.5,1721.9381103515625,1.3611111640930176,46.25407791137695,184.1181182861328,171.4451904296875,25.909160614013672,66.04283142089844,67.03848266601562,1
6057.5,388.00714111328125,0.8333333134651184,18.717283248901367,178.6769561767578,106.6649169921875,4.8197455406188965,66.42678833007812,54.132999420166016,1
1091.5,250.81118774414062,1.0,62.6703987121582,111.09839630126953,144.16920471191406,40.41598892211914,57.98784637451172,61.304019927978516,1
54293.0,1062.93603515625,1.1327433586120605,48.157875061035156,137.99452209472656,150.3126678466797,35.0721321105957,71.1989517211914,62.99540328979492,1
32399.0,720.0,0.9890109896659851,22.35555648803711,87.67756652832031,167.0369110107422,32.12196350097656,96.78104400634766,64.35560607910156,1
5859.5,392.5513000488281,0.49253731966018677,61.35911178588867,152.8656768798828,125.85662841796875,55.15962219238281,74.62662506103516,63.431453704833984,1
1476.5,206.32589721679688,0.6440678238868713,50.2524528503418,112.05931854248047,125.8198013305664,45.68479537963867,60.50930404663086,61.89160919189453,1
157.5,70.04163360595703,0.8260869383811951,53.54462432861328,156.14874267578125,145.7505645751953,32.99942398071289,49.39402389526367,59.914161682128906,1
654625.5,8434.474609375,1.7777777910232544,21.364843368530273,73.81777954101562,118.00210571289062,11.78414535522461,38.453975677490234,48.514060974121094,1
157883.5,4487.5302734375,0.5625,18.422990798950195,80.26904296875,122.1650619506836,5.6971049308776855,27.67387580871582,44.3369140625,1
2945.5,266.4091491699219,1.1384615898132324,18.380664825439453,167.81517028808594,104.00395202636719,7.476922035217285,71.94906616210938,52.72641372680664,1
18006.0,899.2447509765625,1.307692289352417,26.038593292236328,174.8424530029297,169.2886962890625,30.96818733215332,90.326171875,59.90293502807617,1
202.5,61.071067810058594,1.2666666507720947,13.329824447631836,210.32630920410156,152.05613708496094,2.5962162017822266,24.188779830932617,28.48324203491211,1
589.0,226.22540283203125,1.0192307233810425,27.537734985351562,167.35667419433594,146.48947143554688,16.633907318115234,61.40678405761719,66.4520492553711,1
6560.0,324.0,1.0246913433074951,16.2974853515625,75.47999572753906,34.9251823425293,30.032772064208984,105.06209564208984,62.225833892822266,1
3457.5,505.2375793457031,1.2000000476837158,40.22895050048828,129.92630004882812,172.8166046142578,34.00057601928711,70.38915252685547,61.183082580566406,1
25861.0,944.274169921875,1.751724123954773,32.82851028442383,220.73939514160156,146.41748046875,23.71952247619629,36.64657211303711,52.48613739013672,1
918946.0,4002.76953125,1.7777777910232544,21.092422485351562,73.8843765258789,117.98938751220703,10.518611907958984,38.439186096191406,48.5394401550293,1
230777.5,4019.471435546875,1.3333333730697632,63.59021759033203,198.96621704101562,154.21969604492188,33.306251525878906,52.43040466308594,45.23939895629883,1
2754.0,210.0,1.057692289352417,25.15664291381836,164.9416046142578,173.89405822753906,14.463358879089355,35.291934967041016,65.86820220947266,1
3964.5,306.0660095214844,1.39130437374115,25.133907318115234,194.27203369140625,144.21270751953125,18.665325164794922,65.9482421875,64.93500518798828,1
2114.5,263.92388916015625,1.3050847053527832,56.12744903564453,97.41976928710938,152.16993713378906,47.22550582885742,48.6540641784668,69.00269317626953,1
1447.5,149.6396026611328,1.045454502105713,26.34189796447754,112.30138397216797,126.19120788574219,26.318618774414062,57.152870178222656,49.95724105834961,1
17049.0,546.62744140625,0.8413792848587036,51.52153778076172,232.29095458984375,184.2716827392578,42.581478118896484,39.03993225097656,70.43413543701172,1
6535.5,693.5706176757812,1.066176414489746,21.53990936279297,143.79974365234375,151.95187377929688,15.899545669555664,56.39231872558594,61.73872375488281,1
16396.5,882.1736450195312,1.2469135522842407,45.05540466308594,212.91107177734375,166.88912963867188,42.05929183959961,45.64867401123047,75.54373931884766,1
30757.5,2742.677490234375,1.2878787517547607,35.61720275878906,129.9385223388672,140.09967041015625,23.111377716064453,43.91170120239258,47.77391815185547,1
369383.0,6356.1201171875,0.8352668285369873,24.409740447998047,72.15100860595703,115.98370361328125,15.8790283203125,48.090232849121094,53.92863082885742,1
10048.0,413.4558410644531,0.961904764175415,30.820556640625,173.78651428222656,161.2337646484375,22.822195053100586,42.54043960571289,56.33197021484375,1
670.0,165.39697265625,0.7599999904632568,66.90316009521484,83.50421142578125,136.7189483642578,53.90260314941406,49.15583801269531,66.69279479980469,1
18819.0,552.0,0.8051947951316833,30.240312576293945,82.425537109375,74.58248138427734,37.82016372680664,90.72221374511719,90.63111114501953,1
11718.0,620.9949340820312,2.8656716346740723,72.98701477050781,214.21844482421875,163.96929931640625,31.14862823486328,51.75669479370117,41.60289764404297,1
595.5,100.38477325439453,0.8064516186714172,22.210323333740234,146.74322509765625,108.88128662109375,2.2985877990722656,45.79184341430664,49.094024658203125,1
2862.0,214.0,1.0185185670852661,20.949831008911133,176.06161499023438,168.16363525390625,13.430573463439941,36.998443603515625,69.11100006103516,1
2347.5,305.6396179199219,0.9277108311653137,60.63276672363281,166.74026489257812,142.99655151367188,36.96049499511719,63.06155014038086,57.08018493652344,1
1312.0,346.22540283203125,0.7368420958518982,39.38178634643555,100.18671417236328,147.52589416503906,25.651063919067383,59.37275695800781,72.14324188232422,1
1687.0,180.1421356201172,1.2564102411270142,16.458398818969727,179.0266876220703,144.54891967773438,11.094910621643066,51.61705017089844,61.173065185546875,1
722.5,214.46803283691406,2.2058823108673096,72.94196319580078,157.48941040039062,164.14784240722656,42.8983268737793,69.1964340209961,53.45840835571289,1
2374.5,467.095458984375,0.4615384638309479,30.217426300048828,144.66378784179688,132.56515502929688,12.501620292663574,50.51952362060547,55.72267532348633,1
6837.5,370.61016845703125,1.6575342416763306,27.611909866333008,140.95619201660156,218.7279510498047,36.02907180786133,51.66862106323242,34.83293914794922,1
24388.0,648.2842407226562,0.7877094745635986,38.63587951660156,132.66754150390625,139.55279541015625,29.47907257080078,51.8236083984375,66.63814544677734,1
903121.0,4156.0,0.42465752363204956,26.40240478515625,67.2861328125,133.03152465820312,26.64342498779297,27.325468063354492,60.47603225708008,1
3774.5,286.52691650390625,0.7945205569267273,16.770429611206055,179.4659881591797,145.11195373535156,11.426531791687012,50.63222122192383,61.189613342285156,1
4814.0,282.0,1.4237288236618042,38.775020599365234,167.0924072265625,139.9747772216797,7.790281772613525,41.51377868652344,40.682437896728516,1
18329.0,832.877197265625,1.5912408828735352,36.67839813232422,242.95657348632812,138.57286071777344,25.045053482055664,20.288257598876953,72.4730224609375,1
1248.0,151.2548370361328,0.7083333134651184,43.99816131591797,132.14767456054688,92.0049057006836,34.993003845214844,67.6858139038086,47.44735336303711,1
124092.0,2507.5087890625,1.2632696628570557,52.69139099121094,109.44772338867188,148.2947540283203,45.086753845214844,63.802677154541016,68.48812103271484,1
846.0,218.28427124023438,5.294117450714111,26.013071060180664,108.21568298339844,140.228759765625,12.315878868103027,37.25517654418945,48.68527603149414,1
13652.5,541.4630126953125,1.0746269226074219,68.71859741210938,116.66024017333984,117.0941162109375,55.324527740478516,44.324222564697266,57.2268180847168,1
47174.0,870.0,1.1111111640930176,29.444738388061523,117.49017333984375,157.13404846191406,22.1763916015625,81.49996948242188,52.96625518798828,1
12222.0,446.0,1.295918345451355,28.39763832092285,79.50626373291016,83.77069091796875,42.14634704589844,97.35079956054688,105.71904754638672,1
20974.0,1336.9747314453125,0.6615384817123413,29.009973526000977,158.8310089111328,134.2137908935547,32.168643951416016,41.02907943725586,59.067325592041016,1
2552.5,268.3258972167969,1.1803278923034668,54.464027404785156,228.28916931152344,212.8588409423828,38.88130187988281,45.37453079223633,38.19905471801758,1
7089.0,563.1370849609375,1.0194175243377686,22.292001724243164,167.44235229492188,229.672119140625,37.89698028564453,51.06047058105469,25.0068302154541,1
650.0,102.0,0.9629629850387573,24.13817596435547,163.63389587402344,171.93447875976562,13.36223316192627,34.412384033203125,64.049072265625,1
11408.0,450.48529052734375,1.247422695159912,35.0668830871582,183.46775817871094,163.75103759765625,11.312625885009766,57.192344665527344,66.653564453125,1
2639.0,255.05381774902344,2.777777671813965,61.31916809082031,173.116943359375,135.29444885253906,34.38799285888672,68.2716064453125,38.86767578125,1
22443.0,612.9705810546875,1.1408450603485107,48.67992401123047,222.12619018554688,200.8238983154297,36.78721237182617,44.093727111816406,68.48070526123047,1
7692.5,559.7228393554688,1.0299999713897705,63.52378463745117,199.2155303955078,153.9077606201172,33.28108215332031,52.47501754760742,45.14292907714844,1
6478.0,322.0,0.9638554453849792,36.3048210144043,161.85948181152344,69.42800903320312,44.00178146362305,95.26770782470703,77.34192657470703,1
1127.5,261.29644775390625,0.9259259104728699,69.68555450439453,152.08592224121094,154.67962646484375,71.3360824584961,45.3540153503418,55.77339172363281,1
15923.0,609.7888793945312,0.8795180916786194,40.58858871459961,93.29183959960938,126.03363037109375,42.488121032714844,74.05846405029297,42.498023986816406,1
913.5,139.5563507080078,1.0606060028076172,32.20433044433594,162.90130615234375,158.61904907226562,37.16142272949219,34.14779281616211,53.0193977355957,1
2115.0,184.0,1.04347825050354,36.60869598388672,184.1603240966797,157.23641967773438,13.812734603881836,46.03816223144531,60.21512985229492,1
8248.5,403.66400146484375,0.9482758641242981,23.02327537536621,187.17005920410156,141.21896362304688,21.042150497436523,54.87179183959961,67.67897033691406,1
573825.0,8799.3837890625,0.5625,22.09671974182129,59.464447021484375,121.17465209960938,8.259224891662598,39.52223587036133,46.06394958496094,1
595.5,164.0416259765625,1.8695652484893799,18.634984970092773,214.88270568847656,139.3407440185547,12.967768669128418,41.572505950927734,60.44150161743164,1
1556.0,234.76954650878906,1.326923131942749,51.64102554321289,109.81856536865234,146.998046875,44.879981994628906,64.58358764648438,68.40448760986328,1
40220.0,818.62744140625,1.4260355234146118,27.839746475219727,162.90362548828125,134.82371520996094,26.56218719482422,52.495697021484375,59.66945266723633,1
89785.5,3414.230712890625,1.7058823108673096,20.54891014099121,181.47674560546875,168.4546356201172,15.171469688415527,51.541236877441406,63.545684814453125,1
15902.0,1332.54833984375,0.9107142686843872,37.535518646240234,135.8027801513672,146.6976776123047,17.96050262451172,49.8952522277832,60.988555908203125,1
8009.0,408.4263916015625,1.2087912559509277,45.05234909057617,178.8357696533203,175.59141540527344,14.119379997253418,45.250511169433594,36.65675735473633,1
4970.0,282.0,0.9861111044883728,25.47104835510254,100.43035888671875,35.29812240600586,42.66865539550781,113.60791015625,71.83332061767578,1
6162.0,314.0,0.987500011920929,64.56107330322266,111.52800750732422,90.35823059082031,51.09006881713867,97.92514038085938,96.45547485351562,1
92485.0,1253.5980224609375,0.9125000238418579,48.133113861083984,132.91026306152344,157.51133728027344,36.83968734741211,59.86690902709961,74.55770111083984,1
979.0,131.94113159179688,1.2727272510528564,57.118324279785156,104.51587677001953,113.97618865966797,51.4105110168457,61.772403717041016,60.82169723510742,1
1156597.5,10859.65234375,1.1611603498458862,49.245418548583984,129.98443603515625,144.8396453857422,44.51038360595703,74.06104278564453,54.46327590942383,1
94513.0,2651.782958984375,1.0395833253860474,32.270484924316406,125.87387084960938,171.17745971679688,21.790822982788086,52.83859634399414,48.68952178955078,1
1135.5,260.4680480957031,1.0800000429153442,68.37370300292969,151.89332580566406,154.14295959472656,71.23979949951172,45.105281829833984,55.55630874633789,1
2023.5,253.98275756835938,0.7407407164573669,52.47901153564453,164.69094848632812,204.3950653076172,31.479272842407227,30.127342224121094,47.24367904663086,1
2002225.0,5660.0,1.0,10.905367851257324,29.8206729888916,55.785675048828125,14.6574125289917,45.0626220703125,67.9143295288086,1
1115.0,197.94113159179688,0.7037037014961243,38.92689895629883,151.89279174804688,110.58917999267578,30.138900756835938,61.87186050415039,64.13888549804688,1
2133.5,189.8406219482422,0.7966101765632629,24.008655548095703,137.68338012695312,110.32563781738281,14.695537567138672,56.53901290893555,53.30633544921875,1
972.0,136.76954650878906,0.7674418687820435,47.64059066772461,121.42142486572266,98.6744155883789,35.827701568603516,66.38883209228516,54.475433349609375,1
126747.0,4188.92431640625,1.2270833253860474,49.24203872680664,137.4025115966797,141.9497833251953,54.83317184448242,53.70171356201172,60.6151008605957,1
96.0,112.82843017578125,0.0535714291036129,21.505952835083008,219.05357360839844,148.0595245361328,1.6547083854675293,24.27281951904297,36.69690704345703,1
26705.0,747.3380737304688,1.0409356355667114,29.384782791137695,182.77442932128906,174.18411254882812,11.728672981262207,49.69794464111328,54.03530502319336,1
132272.5,3890.44189453125,0.987500011920929,36.39140319824219,173.3248291015625,182.0814208984375,20.67506980895996,49.22061538696289,44.803741455078125,1
640896.0,10616.4169921875,0.5625,18.60123062133789,79.88911437988281,122.17984771728516,6.878818035125732,27.841869354248047,44.560211181640625,1
452.5,92.24263763427734,1.0,46.50283432006836,158.3440399169922,124.30623626708984,60.07884216308594,66.80419158935547,63.470314025878906,1
7420.0,352.0,1.5070422887802124,21.328550338745117,99.37461853027344,39.55482482910156,36.7123908996582,108.39380645751953,68.36756896972656,1
384799.0,8145.20654296875,1.243523359298706,22.38016700744629,51.96868133544922,174.642822265625,10.029346466064453,56.47610092163086,36.15560531616211,1
553415.5,9187.5283203125,1.7777777910232544,23.472265243530273,66.30464935302734,116.52690887451172,15.500496864318848,36.46445083618164,52.960182189941406,1
20635.0,1301.4599609375,1.5087718963623047,28.95695686340332,159.29791259765625,133.66029357910156,32.216087341308594,40.956146240234375,59.057884216308594,1
4040.0,277.9411315917969,2.1956522464752197,38.24903106689453,110.9989242553711,118.15949249267578,39.388004302978516,67.37747955322266,60.907203674316406,1
1223.5,312.18377685546875,2.7419354915618896,28.01897621154785,148.05313110351562,126.041748046875,17.142854690551758,54.80967330932617,65.00980377197266,1
306.0,88.97056579589844,2.2142856121063232,27.428571701049805,207.3041534423828,96.18663787841797,11.62571907043457,37.314884185791016,42.907894134521484,1
158.0,138.1421356201172,0.37142857909202576,23.901098251342773,163.45494079589844,158.23736572265625,6.976656436920166,49.29054641723633,56.961299896240234,1
1840185.5,6598.2880859375,1.1439342498779297,53.09552001953125,128.7213134765625,136.7794952392578,48.51509094238281,74.42982482910156,35.21501159667969,1
143558.5,1892.2569580078125,1.7777777910232544,25.98040008544922,85.15121459960938,133.27825927734375,10.400391578674316,46.2661018371582,56.43586730957031,1
203143.5,3814.975830078125,0.6818830370903015,21.76274871826172,62.44939422607422,136.18740844726562,9.70676040649414,72.52603149414062,40.00196075439453,1
17380.0,1467.9208984375,1.1597633361816406,27.913145065307617,167.78909301757812,162.6362762451172,19.42576026916504,45.61942672729492,67.0167007446289,1
6605.5,354.18377685546875,1.0470588207244873,29.380964279174805,182.77224731445312,174.18890380859375,11.729965209960938,49.69187927246094,54.051513671875,1
33127.5,1052.5411376953125,1.0,31.42618179321289,179.17889404296875,151.12802124023438,22.578350067138672,51.602378845214844,50.694698333740234,1
13806.0,470.0,0.9915966391563416,32.686439514160156,126.75822448730469,55.48938751220703,49.09946823120117,107.56893920898438,72.0495834350586,1
781.5,171.35533142089844,0.75,50.19972610473633,123.94490051269531,114.1900863647461,38.909358978271484,71.3775405883789,63.82963943481445,1
302142.0,2480.3330078125,1.3333333730697632,49.1641845703125,161.7317657470703,178.48321533203125,18.987951278686523,42.572235107421875,38.72016906738281,1
2281550.5,10875.388671875,0.975107729434967,16.82417106628418,104.91886138916016,137.90545654296875,7.77970027923584,70.65857696533203,55.41936111450195,1
3675181.5,60518.22265625,0.9074960350990295,23.217201232910156,53.70195007324219,162.1599884033203,10.863224983215332,54.63658905029297,39.61186599731445,1
12788.0,462.0,1.5053763389587402,34.96274948120117,104.83940124511719,63.1965446472168,43.888572692871094,105.76622772216797,81.14334106445312,1
39458.0,798.0,1.2032966613769531,14.457398414611816,120.9339370727539,162.14466857910156,9.730005264282227,89.49595642089844,33.91732406616211,1
55377.0,1671.3909912109375,1.2906574010849,24.846776962280273,160.3726806640625,130.3917999267578,28.920042037963867,56.12554931640625,61.78178024291992,1
18329.0,832.877197265625,1.5912408828735352,36.67839813232422,242.95657348632812,138.57286071777344,25.045053482055664,20.288257598876953,72.4730224609375,1
37025.5,775.5563354492188,0.8177570104598999,24.478370666503906,132.21661376953125,144.5058135986328,15.704678535461426,53.23616409301758,56.541744232177734,1
5049.0,300.0,0.5199999809265137,23.77788543701172,137.48037719726562,162.99288940429688,13.02720832824707,53.12259292602539,70.21634674072266,1
30134.5,1144.0213623046875,0.6346153616905212,23.250629425048828,174.3356475830078,105.15680694580078,26.62586212158203,52.77964782714844,54.61561965942383,1
45570.0,854.0,1.0331753492355347,19.44462776184082,120.94628143310547,115.26187896728516,16.86151123046875,95.45819854736328,93.40021514892578,1
3553.0,254.4852752685547,1.8444443941116333,19.080320358276367,175.92825317382812,93.84391021728516,24.60503387451172,66.68727111816406,43.83013916015625,1
145001.0,4376.14013671875,1.3333333730697632,29.242799758911133,148.12991333007812,183.57156372070312,24.05562400817871,42.98868179321289,68.9042739868164,1
19154.0,558.0,1.284552812576294,36.99464797973633,144.42379760742188,148.534423828125,15.708415985107422,41.15777587890625,68.56645965576172,1
3850.5,263.6396179199219,1.4482758045196533,52.11124801635742,140.4848175048828,205.27154541015625,41.937740325927734,72.45360565185547,53.143821716308594,1
3642.5,475.5807189941406,0.8192771077156067,24.667434692382812,168.98475646972656,139.6949005126953,28.457456588745117,47.769168853759766,67.48716735839844,1
17479.0,1464.926025390625,1.24210524559021,32.09357833862305,200.67626953125,207.2636260986328,16.906171798706055,57.94477462768555,52.20962142944336,1
24114.5,634.2426147460938,0.9685534834861755,35.85314178466797,164.33615112304688,167.6683807373047,16.947546005249023,38.33142852783203,52.37446594238281,1
29466.5,674.3402099609375,0.9275362491607666,98.06098937988281,105.01884460449219,175.90562438964844,81.41517639160156,82.88743591308594,45.33026885986328,1
15670.0,593.0193481445312,0.7272727489471436,34.10893249511719,153.63006591796875,161.27569580078125,37.44988250732422,90.02208709716797,58.73500442504883,1
2373.0,250.9949493408203,0.95652174949646,24.683794021606445,160.3869171142578,129.34190368652344,28.57297134399414,56.19257736206055,61.66867446899414,1
23733.0,676.76953125,1.1292517185211182,40.424842834472656,167.71546936035156,139.79550170898438,15.878019332885742,62.39677810668945,72.16422271728516,1
890.0,207.7401123046875,1.25,20.377500534057617,182.114501953125,165.71600341796875,14.496827125549316,51.586978912353516,62.8668212890625,1
369.0,87.31370544433594,0.4545454680919647,34.32121276855469,138.8404083251953,101.20201873779297,33.735450744628906,60.03232192993164,52.918190002441406,1
1977.5,516.0660400390625,0.4615384638309479,30.150707244873047,139.726318359375,132.79434204101562,11.851019859313965,46.07768630981445,51.783817291259766,1
5004.0,295.2203369140625,0.8865979313850403,35.00767135620117,90.20198822021484,129.2312469482422,41.45254135131836,59.16053771972656,78.78318786621094,1
38815.5,1335.8792724609375,1.0995475053787231,39.486507415771484,174.6477508544922,156.49827575683594,36.793148040771484,50.7266960144043,62.386444091796875,1
17380.0,1467.9208984375,1.1597633361816406,27.913145065307617,167.78909301757812,162.6362762451172,19.42576026916504,45.61942672729492,67.0167007446289,1
3175.5,337.2964782714844,1.8867924213409424,54.08736038208008,161.50245666503906,153.5292510986328,35.1312255859375,67.23027038574219,52.66477966308594,1
8077.5,557.4873657226562,1.5714285373687744,42.49443054199219,168.85633850097656,153.61195373535156,60.9478645324707,51.14148712158203,64.2967529296875,1
158484.5,6105.69482421875,1.447963833808899,33.9222526550293,173.14080810546875,139.7279815673828,31.49348258972168,34.160831451416016,44.2072639465332,1
58240.0,976.0,1.344497561454773,19.307071685791016,112.97481536865234,93.50125122070312,25.574304580688477,86.90143585205078,79.5794906616211,1
18900.0,552.0,1.1889764070510864,21.462167739868164,112.28868103027344,149.8809051513672,19.243497848510742,99.97271728515625,54.97798156738281,1
10497.5,688.0660400390625,2.8656716346740723,72.90702819824219,216.647705078125,164.75186157226562,31.145397186279297,51.758705139160156,41.7335205078125,1
16396.5,882.1736450195312,0.801980197429657,45.05540466308594,212.9110107421875,166.88912963867188,42.05929183959961,45.648651123046875,75.54373931884766,1
1390.0,167.94113159179688,0.6545454263687134,29.882322311401367,134.71868896484375,108.4000015258789,30.4718074798584,56.96868896484375,58.54070281982422,1
16770.0,518.0,0.9923664331436157,23.7430419921875,106.23147583007812,83.41368103027344,31.397689819335938,111.00576782226562,90.70524597167969,1
1951.5,374.0660095214844,1.2000000476837158,45.16489028930664,102.04023742675781,135.03944396972656,41.19211196899414,60.85045623779297,67.28825378417969,1
682.5,231.8406219482422,0.7647058963775635,47.47360610961914,135.97837829589844,154.822021484375,31.11232566833496,67.30995178222656,60.880332946777344,1
1237.5,221.49746704101562,0.9019607901573181,39.359336853027344,102.31244659423828,144.9416046142578,40.40581512451172,71.22240447998047,65.42256164550781,1
22443.0,612.9705810546875,1.1408450603485107,48.67992401123047,222.12619018554688,200.8238983154297,36.78721237182617,44.093727111816406,68.48070526123047,1
3457.5,505.2375793457031,1.2000000476837158,40.22895050048828,129.92652893066406,172.8166046142578,34.00057601928711,70.38896179199219,61.183082580566406,1
5369.0,457.88226318359375,1.0114942789077759,32.100704193115234,172.84652709960938,139.37669372558594,28.091588973999023,34.32598876953125,43.95065689086914,1
109835.5,1631.889404296875,3.350785255432129,22.069339752197266,99.00532531738281,87.13644409179688,17.002826690673828,46.14154052734375,48.650840759277344,1
390789.5,7099.2197265625,1.495844841003418,21.630008697509766,63.21414566040039,120.65679168701172,15.720768928527832,43.112327575683594,52.3122673034668,1
17461.5,1452.5067138671875,1.1597633361816406,27.942699432373047,166.90037536621094,163.08912658691406,19.489900588989258,44.901275634765625,66.8066177368164,1
54742.5,3732.039794921875,0.9650793671607971,30.789661407470703,173.7762908935547,161.2310028076172,22.737751007080078,42.552032470703125,56.31315612792969,1
79890.0,2720.0185546875,0.9384615421295166,31.999021530151367,180.1627655029297,141.4033660888672,18.23141098022461,42.20063400268555,50.410560607910156,1
44550.0,846.0,1.1356784105300903,51.01520919799805,225.20587158203125,129.5032958984375,35.14435958862305,43.93038558959961,42.60476303100586,1
2380.5,526.492431640625,1.7924528121948242,52.583316802978516,169.279052734375,141.84925842285156,34.12849044799805,55.28804397583008,44.12539291381836,1
22244.5,805.8305053710938,1.0718562602996826,16.726524353027344,160.56802368164062,125.71040344238281,16.330554962158203,70.12352752685547,40.78881072998047,1
13261.0,741.1370849609375,1.2118643522262573,17.03176498413086,119.12136840820312,149.6096954345703,8.419215202331543,51.91765213012695,49.61197280883789,1
206.0,97.31370544433594,0.8571428656578064,83.15079498291016,90.85713958740234,189.6587371826172,79.92791748046875,49.86787414550781,34.15553283691406,1
68326.0,1046.0,1.058823585510254,48.942848205566406,51.630950927734375,92.98001098632812,58.37553787231445,56.53512954711914,104.66973114013672,1
7351.5,329.66400146484375,0.9700000286102295,126.60989379882812,100.25752258300781,112.121337890625,68.36528015136719,71.50769805908203,85.13837432861328,1
144606.0,6482.25634765625,1.3333333730697632,29.03973388671875,175.63388061523438,148.23419189453125,20.95653533935547,55.058475494384766,67.39543914794922,1
7225.0,340.0,1.0,31.693347930908203,106.56611633300781,37.3140869140625,50.931480407714844,111.1233901977539,66.22808074951172,1
42405.0,844.0,1.5542168617248535,50.12055206298828,226.1350555419922,187.09194946289062,37.21192932128906,52.97004699707031,72.50765991210938,1
1427.0,390.99493408203125,0.797468364238739,40.7321662902832,175.6759033203125,163.459716796875,54.49164581298828,42.486087799072266,59.55849075317383,1
1160.5,144.1837615966797,0.6458333134651184,41.189517974853516,134.24462890625,89.47244262695312,34.5605354309082,63.522037506103516,46.230072021484375,1
299.5,81.698486328125,0.8148148059844971,54.12794494628906,178.43601989746094,134.50672912597656,33.69606399536133,38.69939422607422,60.33582305908203,1
1450.0,164.08326721191406,0.6851851940155029,48.55255126953125,124.07307434082031,92.81731414794922,37.31620788574219,66.44102478027344,50.39231491088867,1
16396.5,882.1736450195312,0.801980197429657,45.05540466308594,212.91104125976562,166.88912963867188,42.05929183959961,45.648651123046875,75.54373931884766,1
42846.0,830.0,1.1494845151901245,44.01128005981445,170.9152069091797,173.63162231445312,42.363712310791016,108.47142791748047,65.76985168457031,1
38220.0,782.0,0.9949238300323486,30.918962478637695,141.53843688964844,119.6954574584961,35.78078079223633,112.3254623413086,99.2098159790039,1
2827.0,560.5340576171875,1.8524590730667114,70.58610534667969,170.0931396484375,151.16494750976562,38.79399490356445,68.14793395996094,55.171329498291016,1
623.5,115.698486328125,0.625,19.329999923706055,161.46800231933594,103.03700256347656,4.713077545166016,71.64983367919922,50.84845733642578,1
1658.0,254.42640686035156,1.163636326789856,49.272727966308594,104.47158813476562,138.90057373046875,41.32168197631836,60.8006706237793,68.84622955322266,1
28140.0,682.0,1.432624101638794,32.60322189331055,150.2852020263672,167.5465545654297,38.13805389404297,115.75044250488281,65.823486328125,1
6400.0,320.0,1.0,32.5389404296875,146.56515502929688,82.0570068359375,36.798118591308594,97.89085388183594,89.53192901611328,1
7626.0,350.0,1.1325300931930542,42.15739440917969,67.9251480102539,152.73007202148438,46.79897689819336,73.85637664794922,52.577823638916016,1
17345.5,560.1736450195312,0.9044585824012756,20.4311466217041,133.75132751464844,97.97842407226562,8.79676342010498,55.612064361572266,36.77534103393555,1
17623.5,538.2426147460938,1.09375,38.948158264160156,140.73097229003906,145.37567138671875,24.744237899780273,62.12286376953125,79.2185287475586,1
2652.0,243.76449584960938,0.773809552192688,50.18937683105469,110.1565933227539,174.0492706298828,54.55956268310547,62.803565979003906,64.57115173339844,1
77005.0,1869.9940185546875,1.3087071180343628,48.69846725463867,100.86129760742188,151.568603515625,37.54262924194336,55.8041877746582,70.16555786132812,1
7830.0,354.0,0.9670329689979553,31.86201286315918,115.63336944580078,51.67007827758789,41.53703689575195,113.58332824707031,80.94600677490234,1
1971.5,195.35533142089844,0.4861111044883728,47.4555549621582,132.6734161376953,181.19602966308594,32.89876937866211,57.56138229370117,46.366207122802734,1
6706.0,431.3381042480469,1.4155844449996948,62.01572799682617,159.55809020996094,185.17669677734375,36.27145767211914,66.747314453125,52.50276565551758,1
2094.5,355.4385986328125,1.0,56.412071228027344,97.02130126953125,145.5604705810547,47.16012191772461,57.5032958984375,57.01249313354492,1
2754.0,210.0,0.9454545378684998,25.193706512451172,164.8402099609375,173.8881072998047,14.54275894165039,35.50382614135742,65.85598754882812,1
187622.5,2504.3056640625,1.7777777910232544,23.21275520324707,62.902652740478516,115.81181335449219,11.67414379119873,35.954978942871094,40.51655960083008,1
5677.5,301.0710754394531,0.9743589758872986,18.559717178344727,157.4768829345703,111.30887603759766,3.69435453414917,76.39179229736328,54.20781707763672,1
17479.0,1464.926025390625,0.805084764957428,32.09357833862305,200.67625427246094,207.2636260986328,16.906171798706055,57.94475173950195,52.20962142944336,1
565.0,323.7401123046875,0.3661971688270569,26.30335807800293,160.5276336669922,158.63705444335938,17.429723739624023,57.85111999511719,58.464019775390625,1
2827.0,266.22540283203125,1.6470588445663452,53.44677734375,228.324462890625,124.92483520507812,27.390758514404297,26.851839065551758,36.94813537597656,1
33886.0,1009.3035888671875,1.2020201683044434,92.50918579101562,159.5779266357422,202.59950256347656,82.37903594970703,52.41402816772461,51.026206970214844,1
671.5,177.698486328125,0.9210526347160339,17.20075225830078,181.4007568359375,145.86090087890625,11.802108764648438,54.07490921020508,69.39685821533203,1
32614.5,1478.555419921875,1.2159624099731445,28.446027755737305,160.76133728027344,106.25761413574219,25.439958572387695,55.09236145019531,50.94818878173828,1
63075.5,1891.4427490234375,0.7729166746139526,60.60638427734375,169.92149353027344,145.9224395751953,37.036964416503906,63.105491638183594,57.80613327026367,1
48880.0,886.0,1.1291866302490234,18.745336532592773,112.6801528930664,109.21993255615234,20.622159957885742,87.21965789794922,94.07583618164062,1
471.0,116.14213562011719,0.8965517282485962,14.013262748718262,151.0649871826172,239.80503845214844,2.399123191833496,31.386014938354492,13.274312019348145,1
4040.5,278.52691650390625,2.1956522464752197,39.385276794433594,110.87688446044922,117.96685028076172,40.24461364746094,66.34172821044922,60.88128662109375,1
13447.0,464.0,1.0526316165924072,53.01754379272461,91.50869750976562,95.86856842041016,51.666717529296875,89.72772216796875,101.8097915649414,1
151.0,75.31370544433594,1.1875,18.50657844543457,184.5657958984375,141.3980255126953,12.252549171447754,49.814876556396484,56.686954498291016,1
6642.0,445.7401123046875,2.5090909004211426,28.622135162353516,113.80290222167969,141.7664031982422,20.432710647583008,59.08962631225586,71.334228515625,1
1422.5,267.1543273925781,3.0999999046325684,38.85053634643555,116.56953430175781,114.55986022949219,24.06212615966797,57.00374221801758,50.15557861328125,1
2862.0,214.0,0.9818181991577148,20.72323226928711,175.70875549316406,168.0430908203125,13.054025650024414,36.94032287597656,69.2199478149414,1
808.5,208.52691650390625,0.4307692348957062,20.187362670898438,157.44505310058594,139.4236297607422,9.443735122680664,50.94682312011719,50.249237060546875,1
25140.5,1436.1290283203125,1.4569892883300781,34.515018463134766,150.40037536621094,136.80859375,38.14531326293945,38.747779846191406,57.83393859863281,1
1826.5,207.49746704101562,0.6721311211585999,49.13914489746094,93.548583984375,143.5341796875,42.561119079589844,58.20289993286133,66.34950256347656,1
2675.0,254.50965881347656,1.2203389406204224,18.501882553100586,178.40489196777344,105.9039535522461,3.5757205486297607,65.88053131103516,53.76762390136719,1
19829.0,567.1026000976562,0.9156626462936401,13.0679292678833,129.49191284179688,209.64256286621094,24.15736961364746,76.19586181640625,38.59120559692383,1
888.0,214.56854248046875,1.25,20.172000885009766,181.927001953125,165.8470001220703,14.459371566772461,51.41742706298828,63.46986389160156,1
957.0,147.45584106445312,0.3965517282485962,41.542728424072266,96.47376251220703,138.2308807373047,21.127674102783203,55.41847610473633,67.46986389160156,1
5122.0,540.3919067382812,1.2150537967681885,41.571128845214844,155.50547790527344,132.83213806152344,45.84248352050781,67.3234634399414,57.66918182373047,1
7004.5,319.0365905761719,0.8700000047683716,133.2066650390625,149.21424865722656,87.2181625366211,60.42428970336914,89.25157928466797,82.89684295654297,1
1240.5,221.49746704101562,1.10869562625885,40.86530303955078,102.44501495361328,144.86061096191406,42.226741790771484,71.02315521240234,65.28436279296875,1
27388.0,662.0,0.9821428656578064,9.598159790039062,60.55620574951172,65.52005767822266,11.716259956359863,84.61064910888672,68.84169006347656,1
4513.5,393.2964782714844,1.6029411554336548,36.7781982421875,242.98907470703125,137.8120574951172,25.111095428466797,20.38385772705078,72.18833923339844,1
16193.5,1161.0509033203125,0.8808290362358093,24.379335403442383,193.80551147460938,188.56640625,25.582914352416992,77.5888671875,46.54985046386719,1
19154.0,558.0,1.284552812576294,37.04651641845703,145.51791381835938,148.0597381591797,15.851249694824219,42.364410400390625,68.79426574707031,1
619.0,159.45584106445312,1.8695652484893799,18.5358943939209,214.18402099609375,138.9251708984375,12.799139976501465,42.643211364746094,60.44463348388672,1
62975.0,1008.0,1.2000000476837158,22.669754028320312,141.75050354003906,146.4036102294922,20.384498596191406,103.5588607788086,104.09402465820312,1
167.0,71.79898834228516,1.7999999523162842,28.239505767822266,153.21975708007812,179.19752502441406,4.186329364776611,46.14324188232422,66.576904296875,1
4680.0,276.0,1.2950819730758667,37.0076789855957,145.5030059814453,148.0811309814453,15.742432594299316,42.29140090942383,68.81598663330078,1
999.0,247.05381774902344,1.2222222089767456,49.907474517822266,137.7947540283203,141.63475036621094,56.09765625,55.046852111816406,60.285396575927734,1
2521.0,325.5979919433594,2.909090995788574,73.24842071533203,213.45359802246094,163.78125,30.23941421508789,54.196685791015625,42.22832489013672,1
1862.0,185.31370544433594,1.116279125213623,54.359981536865234,178.88226318359375,186.35755920410156,34.18723678588867,67.93789672851562,62.46873092651367,1
36099.0,760.0,0.9895833134651184,20.075878143310547,78.73676300048828,115.05616760253906,31.182825088500977,95.4745864868164,105.18672943115234,1
16193.5,1161.0509033203125,0.8808290362358093,24.379335403442383,193.80551147460938,188.56640625,25.582914352416992,77.58879852294922,46.54985046386719,1
16200.0,1707.283447265625,1.1764706373214722,30.801992416381836,150.3391571044922,154.86891174316406,25.50213050842285,48.24655532836914,53.42305374145508,1
6232.0,316.0,1.0779221057891846,36.357688903808594,163.6983184814453,164.5224609375,21.508108139038086,65.09230041503906,57.78606414794922,1
40200.0,802.0,1.0049750804901123,22.894832611083984,105.55799865722656,88.04014587402344,35.26884078979492,118.88983154296875,105.96522521972656,1
130238.0,2077.719970703125,0.3931203782558441,13.989312171936035,7.0293803215026855,78.4438247680664,15.811692237854004,14.675850868225098,79.12049102783203,1
57043.5,1249.6051025390625,1.0,16.431777954101562,151.60226440429688,103.78825378417969,16.32754135131836,57.66154861450195,94.95691680908203,1
7140.0,338.0,1.0117647647857666,31.52530860900879,142.93023681640625,75.26361083984375,37.55017852783203,96.36629486083984,90.14279174804688,1
148933.0,2421.39111328125,1.4578313827514648,34.51579284667969,188.61721801757812,170.7880096435547,40.29596710205078,44.38092803955078,58.26049041748047,1
7523.5,729.864990234375,0.32258063554763794,65.99211120605469,195.75205993652344,172.39291381835938,31.474557876586914,44.06264877319336,54.20072555541992,1
23733.0,676.76953125,0.8855421543121338,40.424842834472656,167.71531677246094,139.79550170898438,15.878019332885742,62.39671325683594,72.16422271728516,1
1280061.5,4429.9404296875,0.9719844460487366,45.23191452026367,122.61612701416016,128.0169677734375,47.15726089477539,64.40393829345703,46.69197082519531,1
68547.5,1192.2669677734375,0.9202898740768433,33.062747955322266,200.40977478027344,182.6284942626953,17.69341468811035,57.81425094604492,68.51466369628906,1
2862.0,214.0,0.9818181991577148,20.95892333984375,174.90606689453125,168.05084228515625,13.489776611328125,36.834842681884766,69.25814819335938,1
31491.0,2718.49365234375,0.779411792755127,35.68559265136719,130.524658203125,139.58670043945312,23.139606475830078,44.29560852050781,47.85346221923828,1
6710.5,423.095458984375,1.4155844449996948,61.574527740478516,160.7428741455078,185.5670166015625,36.472740173339844,66.57173156738281,52.43478012084961,1
3118.5,223.41421508789062,1.0,37.46352767944336,186.281005859375,140.40289306640625,7.17563009262085,41.937355041503906,52.27709197998047,1
1676.5,255.49746704101562,1.163636326789856,48.94289779663086,105.10482788085938,139.11874389648438,40.967891693115234,61.301429748535156,69.10821533203125,1
289.0,135.11270141601562,1.1481481790542603,24.70131492614746,206.06690979003906,192.68458557128906,2.978081703186035,33.28843307495117,49.46686935424805,1
2754.0,210.0,0.9454545378684998,25.09405517578125,164.13986206054688,173.9912567138672,14.509747505187988,35.222511291503906,65.9402084350586,1
1213.5,148.72792053222656,0.6122449040412903,80.1653060913086,159.2891082763672,165.23333740234375,22.400480270385742,39.06074142456055,25.93404769897461,1
1560.0,158.0,1.024999976158142,25.199390411376953,144.16281127929688,179.30609130859375,16.688936233520508,39.98303985595703,65.19049835205078,1
32978.0,746.62744140625,1.0971428155899048,49.1519660949707,161.7308349609375,178.48287963867188,18.953092575073242,42.5689811706543,38.7149772644043,1
2813.0,426.7106628417969,0.807692289352417,57.61172103881836,101.75762939453125,148.74522399902344,47.492454528808594,57.84363555908203,57.1417121887207,1
4161.0,509.70562744140625,1.1975308656692505,18.264476776123047,162.23023986816406,177.1640625,14.906455993652344,95.00054168701172,41.4301643371582,1
5335.0,366.22540283203125,0.9873417615890503,28.91691017150879,175.34841918945312,147.95050048828125,20.385427474975586,55.542789459228516,67.15281677246094,1
7367.5,445.32086181640625,0.6083915829658508,66.50880432128906,162.87742614746094,112.7025146484375,41.57917404174805,61.298797607421875,60.17918395996094,1
39280.5,824.384765625,0.9138755798339844,42.267391204833984,166.05722045898438,163.49954223632812,24.219127655029297,72.71703338623047,70.74627685546875,1
1448.0,162.08326721191406,1.4324324131011963,48.497196197509766,125.3539047241211,91.1580810546875,37.76850509643555,66.28241729736328,49.01168441772461,1
5858.0,508.30865478515625,1.204301118850708,41.7153434753418,160.343505859375,133.707275390625,46.19275665283203,65.968505859375,58.4080810546875,1
7669.0,367.2203369140625,0.9142857193946838,20.561904907226562,132.36219787597656,98.85059356689453,9.47314167022705,56.413475036621094,37.26484298706055,1
1603.5,152.81118774414062,1.0222222805023193,25.774396896362305,110.64734649658203,116.30290222167969,26.58060073852539,54.42629623413086,53.85478210449219,1
3457.5,505.2375793457031,1.2000000476837158,40.22895050048828,129.92652893066406,172.8166046142578,34.00057601928711,70.38896179199219,61.183082580566406,1
501.5,108.72792053222656,0.931034505367279,24.605363845825195,136.1647491455078,192.75733947753906,16.83694839477539,40.79043197631836,46.904075622558594,1
13372.5,659.203125,1.5752211809158325,20.42502784729004,187.42572021484375,112.99348449707031,22.93150520324707,49.133323669433594,56.42664337158203,1
2072.0,381.39697265625,3.2580645084381104,26.838071823120117,132.63909912109375,93.76396942138672,37.73346710205078,73.88420867919922,38.7208137512207,1
50793.5,1862.3056640625,0.9375,31.991308212280273,180.16078186035156,141.4017791748047,18.200328826904297,42.19558334350586,50.416961669921875,1
3001367.0,28520.171875,0.909823477268219,21.874170303344727,98.37004852294922,146.5246124267578,5.885538578033447,58.56743621826172,51.812564849853516,1
142098.5,6470.02392578125,1.3333333730697632,41.205894470214844,99.74329376220703,148.29153442382812,30.50981903076172,59.729881286621094,74.88546752929688,1
4950.0,282.0,1.1343283653259277,37.034759521484375,196.67027282714844,142.6468963623047,8.11628532409668,38.312538146972656,52.76263427734375,1
92400.0,1216.0,0.9741100072860718,31.182079315185547,103.55398559570312,126.10391235351562,25.87860870361328,77.16207885742188,90.179931640625,1
98135.0,3121.1455078125,1.0208333730697632,20.86646270751953,157.19631958007812,139.88853454589844,13.264317512512207,50.561344146728516,50.425010681152344,1
1512.5,151.15432739257812,1.0697674751281738,23.1855411529541,112.90798950195312,112.29120635986328,21.72740936279297,52.46034240722656,51.33449935913086,1
595.0,165.45584106445312,0.5348837375640869,18.762386322021484,214.29222106933594,138.6986846923828,12.363354682922363,42.0412483215332,60.600101470947266,1
35816.5,2640.746337890625,0.9244604110717773,39.06662368774414,161.22019958496094,166.5904541015625,37.49821853637695,42.97217559814453,61.75251007080078,1
3110.0,251.19595336914062,0.7236841917037964,44.24306106567383,138.87942504882812,89.53301239013672,36.331947326660156,67.71578216552734,44.7701416015625,1
2754.0,210.0,0.9454545378684998,25.112937927246094,164.711181640625,173.94265747070312,14.54581069946289,35.80730056762695,65.77155303955078,1
1684.5,165.07106018066406,1.023809552192688,33.491695404052734,187.31285095214844,133.48837280273438,19.773571014404297,59.746273040771484,51.254642486572266,1
1806.0,170.0,1.0232558250427246,22.15856170654297,191.84408569335938,150.18341064453125,20.672218322753906,40.18480682373047,59.939537048339844,1
38723.5,1333.5361328125,1.0995475053787231,39.47256088256836,173.91983032226562,156.95750427246094,36.77534866333008,50.51729965209961,62.27535629272461,1
19563.5,623.0020751953125,0.8666666746139526,40.6702995300293,97.35345458984375,119.44586944580078,44.35067367553711,70.1161117553711,46.509307861328125,1
1167.5,184.9533233642578,1.0,25.151859283447266,130.93544006347656,118.53512573242188,19.170873641967773,62.3630256652832,56.61142349243164,1
8248.5,403.66400146484375,1.0545454025268555,23.02327537536621,187.17022705078125,141.21896362304688,21.042150497436523,54.87165451049805,67.67897033691406,1
2039.0,300.22540283203125,0.6499999761581421,23.820913314819336,181.53485107421875,175.74783325195312,40.917457580566406,44.747535705566406,53.58736801147461,1
3790492.0,20297.4375,1.3128859996795654,24.806400299072266,59.35994338989258,165.40994262695312,8.795605659484863,59.82706832885742,38.386375427246094,1
73151.0,2675.484375,1.3611111640930176,46.24867630004883,184.10731506347656,171.45823669433594,25.90260887145996,66.04142761230469,67.0498046875,1
102.5,73.0710678100586,0.14705882966518402,31.511764526367188,156.05294799804688,105.37647247314453,15.173598289489746,40.64889144897461,50.94529342651367,1
17627.5,531.5563354492188,1.0303030014038086,38.21657943725586,158.17156982421875,146.640380859375,24.40748405456543,55.55101776123047,79.99995422363281,1
981.5,135.35533142089844,0.7674418687820435,48.50246810913086,121.25933837890625,99.75052642822266,36.28752136230469,63.78557205200195,54.417030334472656,1
3429.0,245.5979766845703,0.5595238208770752,48.52051544189453,114.21656799316406,112.4723892211914,46.93257522583008,65.70850372314453,57.77423095703125,1
34969.5,1450.825439453125,0.8849206566810608,40.518898010253906,127.59481048583984,157.8658905029297,39.906097412109375,80.3116226196289,62.12995910644531,1
39280.5,824.384765625,0.9138755798339844,42.267391204833984,166.05743408203125,163.49954223632812,24.219127655029297,72.71687316894531,70.74627685546875,1
18379.5,695.0853271484375,1.0946745872497559,46.215576171875,101.84695434570312,133.33360290527344,46.671966552734375,83.91026306152344,42.28705596923828,1
10176.0,660.7939453125,1.5930233001708984,34.515533447265625,105.9303207397461,132.68240356445312,16.8825626373291,63.20637130737305,65.1434555053711,1
224136.5,5611.10791015625,1.3333333730697632,37.05021667480469,195.08319091796875,142.59619140625,8.151646614074707,36.559242248535156,52.46828842163086,1
3533.0,554.3086547851562,1.215189814567566,29.38212013244629,147.93670654296875,183.1769561767578,24.278667449951172,43.95081329345703,68.4246826171875,1
12650.0,450.0,0.9568965435028076,40.65462875366211,55.46940231323242,68.49806213378906,51.75045394897461,80.4844970703125,88.68702697753906,1
30576.0,700.0,1.0828402042388916,28.340059280395508,72.2386245727539,93.1761245727539,36.12980270385742,72.01161193847656,88.02716827392578,1
24477.0,1486.6417236328125,1.3617020845413208,46.25103759765625,184.11837768554688,171.44383239746094,25.902772903442383,66.04615783691406,67.04036712646484,1
68547.5,1192.2669677734375,1.0866141319274902,33.062747955322266,200.40980529785156,182.6284942626953,17.69341468811035,57.814273834228516,68.51466369628906,1
35816.5,2640.746337890625,1.081712007522583,39.06662368774414,161.22021484375,166.5904541015625,37.49821853637695,42.97224426269531,61.75251007080078,1
9310.0,386.0,1.03125,36.39867401123047,53.89341354370117,59.80429458618164,50.2484130859375,82.27816009521484,90.00894927978516,1
1292.5,299.095458984375,0.4842105209827423,32.775516510009766,185.34439086914062,138.65240478515625,28.511207580566406,49.41891860961914,65.50419616699219,1
83790.0,1162.0,1.1835205554962158,15.88498592376709,91.53453826904297,144.5363006591797,22.599641799926758,78.75433349609375,47.88427734375,1
3457.5,505.2375793457031,1.2000000476837158,40.22895050048828,129.92630004882812,172.8166046142578,34.00057601928711,70.38915252685547,61.183082580566406,1
1621.0,163.6568603515625,1.0487804412841797,36.97731018066406,170.6591033935547,157.39761352539062,40.920555114746094,50.04932403564453,67.1185073852539,1
1534.0,267.9411315917969,1.4509804248809814,26.57419204711914,179.7490692138672,152.40753173828125,12.794684410095215,40.83758544921875,57.905853271484375,1
18810.0,562.0,1.5495495796203613,48.63843536376953,224.1998291015625,186.9967041015625,37.2820930480957,58.44763946533203,72.91227722167969,1
336.0,100.48528289794922,0.5142857432365417,25.78253936767578,91.03015899658203,147.1920623779297,15.2257719039917,48.57294464111328,56.7288703918457,1
638.5,172.52691650390625,0.8717948794364929,63.291099548339844,137.6327362060547,150.65158081054688,68.92475128173828,61.19290542602539,54.51467514038086,1
918907.0,4014.083251953125,0.5625,23.165328979492188,65.45581817626953,116.4450912475586,14.656496047973633,35.601016998291016,52.99626541137695,1
42620.5,2327.5849609375,1.0,13.246658325195312,110.67556762695312,121.09565734863281,13.308167457580566,55.37507629394531,43.01725387573242,1
15053.5,1373.913818359375,1.077419400215149,34.34201431274414,162.90882873535156,164.49375915527344,18.708791732788086,66.81192016601562,57.88058090209961,1
31296.0,710.0,1.176829218864441,60.15468215942383,233.60716247558594,190.36935424804688,38.495140075683594,37.90205383300781,69.7740249633789,1
79890.0,2720.0185546875,1.065573811531067,31.999021530151367,180.16278076171875,141.4033660888672,18.23141098022461,42.20061492919922,50.410560607910156,1
2566.0,201.6568603515625,1.2127659320831299,25.19634246826172,171.9843292236328,141.08287048339844,34.46170425415039,44.77446746826172,53.5916748046875,1
3457.5,505.2375793457031,0.8333333134651184,40.22895050048828,129.9267578125,172.8166046142578,34.00057601928711,70.38885498046875,61.183082580566406,1
5016.0,284.0,1.1492537260055542,70.0480728149414,214.70574951171875,163.93797302246094,37.098533630371094,47.87434387207031,55.189239501953125,1
588504.0,13468.5185546875,0.5625,19.360876083374023,80.06503295898438,123.3958969116211,7.545291423797607,29.525569915771484,45.60856246948242,1
31803.5,1038.1492919921875,1.2021857500076294,47.37936019897461,160.83494567871094,175.5925750732422,12.812844276428223,42.92374038696289,40.208824157714844,1
634989.5,10317.1201171875,0.5625,18.616748809814453,79.5687026977539,122.60986328125,6.882515907287598,27.616241455078125,44.44880294799805,1
654647.0,14794.1064453125,0.75,98.21711730957031,123.52827453613281,184.53897094726562,33.09935760498047,40.992733001708984,55.66275405883789,1
11889.0,733.72998046875,1.6752136945724487,46.377681732177734,179.2042999267578,142.88858032226562,62.746768951416016,46.972434997558594,64.87926483154297,1
33206.5,748.1837768554688,0.907216489315033,44.473934173583984,218.76329040527344,171.44349670410156,31.198850631713867,39.91756820678711,53.822715759277344,1
5047.5,295.8061218261719,0.90625,34.67852020263672,92.01101684570312,126.59087371826172,40.88149642944336,59.101139068603516,78.73172760009766,1
1481.0,206.91168212890625,0.6440678238868713,48.047279357910156,111.53657531738281,125.55709075927734,43.380775451660156,58.891990661621094,61.613311767578125,1
3420.0,234.0,0.9508196711540222,25.817411422729492,169.46070861816406,153.97174072265625,15.426424980163574,37.13146209716797,70.47758483886719,1
664.5,187.01219177246094,1.6129032373428345,20.054838180541992,158.60000610351562,141.51742553710938,8.682437896728516,51.409175872802734,56.17234420776367,1
22159.5,629.9482421875,1.0542168617248535,35.29635238647461,97.95387268066406,114.75686645507812,39.877166748046875,64.83280181884766,45.98121643066406,1
17479.0,1464.926025390625,0.805084764957428,32.09357833862305,200.67640686035156,207.2636260986328,16.906171798706055,57.944801330566406,52.20962142944336,1
38815.5,1335.8792724609375,1.0995475053787231,39.486507415771484,174.647705078125,156.49827575683594,36.793148040771484,50.7266845703125,62.386444091796875,1
399619.0,7432.82470703125,1.4597222805023193,20.78660011291504,64.71052551269531,123.66873168945312,15.001371383666992,37.84893798828125,48.72611999511719,1
195589.0,2740.06298828125,2.8235294818878174,9.517931938171387,11.878087997436523,51.82798767089844,14.642952919006348,28.01154899597168,64.82857513427734,1
2265.5,306.8111877441406,0.658823549747467,13.944327354431152,177.71932983398438,200.7088165283203,8.648216247558594,30.67640495300293,64.8307113647461,1
13200.5,1357.286376953125,1.1336634159088135,36.2558708190918,175.4199981689453,172.71961975097656,24.426477432250977,82.06607818603516,66.25055694580078,1
16135.0,645.587890625,1.3884892463684082,25.11928367614746,194.183837890625,144.4318389892578,18.68375015258789,66.02944946289062,64.97965240478516,1
3778.0,616.5340576171875,0.9736841917037964,20.421630859375,183.13873291015625,174.8207244873047,3.748018980026245,49.55667495727539,34.350215911865234,1
965.0,136.76954650878906,1.6428571939468384,48.0799674987793,128.93865966796875,94.56832122802734,38.4569091796875,68.07801818847656,50.91912841796875,1
3550.0,254.4852752685547,1.8444443941116333,17.770816802978516,174.79705810546875,93.94055938720703,20.149240493774414,66.49855041503906,42.55482482910156,1
1050.0,211.2548370361328,1.3902438879013062,30.10269546508789,176.6067657470703,141.33204650878906,43.283084869384766,40.42585372924805,54.013858795166016,1
39802.5,834.7279052734375,1.09375,38.91919708251953,140.72393798828125,145.3865509033203,24.662057876586914,62.10839080810547,79.23236846923828,1
791.0,182.28427124023438,0.7333333492279053,52.62895584106445,84.21548461914062,170.2646484375,45.00899124145508,45.534305572509766,55.48679733276367,1
640.5,172.52691650390625,0.8717948794364929,65.4313735961914,139.1297149658203,151.09124755859375,70.03115844726562,60.69758987426758,54.72868728637695,1
892.5,213.15432739257812,1.25,20.574499130249023,182.99049377441406,166.73500061035156,14.795892715454102,52.715702056884766,63.81473159790039,1
247.5,77.89949798583984,1.0,18.92743682861328,158.1156463623047,203.2653045654297,11.625844955444336,30.608903884887695,47.73823165893555,1
3596.0,240.0,0.9365079402923584,27.118375778198242,184.16787719726562,158.53564453125,13.409607887268066,32.59830093383789,65.34030151367188,1
17049.0,546.62744140625,1.188524603843689,51.52153778076172,232.29095458984375,184.2716827392578,42.581478118896484,39.03993606567383,70.43413543701172,1
118829.0,1380.0,0.9222221970558167,37.63016891479492,103.9083480834961,123.14138793945312,38.16082763671875,76.25953674316406,92.61878204345703,1
1873.5,191.21319580078125,1.0,48.73298645019531,164.8331756591797,127.62287139892578,58.55952835083008,63.343387603759766,66.3730239868164,1
11390.0,438.0,0.6370370388031006,29.490352630615234,127.51618957519531,53.263912200927734,41.94025802612305,110.05265808105469,77.17048645019531,1
2115.0,184.0,0.9583333134651184,36.775814056396484,181.83197021484375,156.70018005371094,13.821979522705078,46.2664909362793,59.76374816894531,1
3159.5,342.4091491699219,1.034883737564087,48.249671936035156,101.4216079711914,150.42735290527344,36.89381790161133,56.87697982788086,70.34281921386719,1
74962.5,2994.2998046875,1.0309051275253296,37.682857513427734,135.56085205078125,146.78648376464844,17.99399757385254,49.821693420410156,60.78862762451172,1
17380.0,1467.9208984375,1.1597633361816406,27.913145065307617,167.78884887695312,162.6362762451172,19.42576026916504,45.619625091552734,67.0167007446289,1
2666.5,428.492431640625,2.383333444595337,49.45256423950195,72.65314483642578,137.6881103515625,40.3408317565918,42.82321548461914,58.4903564453125,1
3699.5,464.7523193359375,0.8192771077156067,24.862686157226562,170.33628845214844,139.2714385986328,29.002378463745117,51.164154052734375,69.37970733642578,1
515.0,168.91168212890625,1.3225806951522827,18.526357650756836,166.76869201660156,169.20849609375,14.191975593566895,53.9893913269043,61.71745681762695,1
1238.0,174.76954650878906,0.6071428656578064,53.4774169921875,228.34454345703125,124.70536041259766,27.382091522216797,26.83725929260254,36.85170364379883,1
366.5,78.24263763427734,0.9090909361839294,19.377273559570312,159.88182067871094,148.7954559326172,13.412796974182129,48.90584182739258,55.160667419433594,1
19045.0,1275.896484375,0.6636363863945007,36.49710464477539,172.5067596435547,182.55601501464844,20.50005531311035,49.25969696044922,44.65618896484375,1
1000.5,218.66905212402344,1.8857142925262451,62.74675369262695,88.19091033935547,171.63722229003906,50.80841064453125,54.186790466308594,64.1578598022461,1
2781.0,441.3381042480469,1.0246913433074951,61.08552551269531,169.00892639160156,145.0950469970703,36.998985290527344,62.60209655761719,57.758609771728516,1
258.0,98.48528289794922,2.5333333015441895,22.00526237487793,202.6210479736328,157.99122619628906,7.054547309875488,34.82236099243164,53.52593994140625,1
4099.0,260.91168212890625,1.1343283653259277,21.303024291992188,160.19894409179688,95.33405303955078,4.8259053230285645,40.128597259521484,29.38336181640625,1
2345.0,236.76954650878906,0.9811320900917053,27.74346923828125,177.45718383789062,147.44520568847656,17.12531280517578,55.967105865478516,67.14261627197266,1
30593.0,2066.2294921875,0.8713235259056091,45.947242736816406,166.76966857910156,167.87612915039062,51.61601638793945,42.42764663696289,72.02910614013672,1
6636.0,447.7401123046875,0.39855071902275085,28.68511199951172,112.59327697753906,141.6882781982422,21.2473087310791,59.104373931884766,71.2374038696289,1
1806.0,170.0,1.0232558250427246,22.261098861694336,193.93551635742188,150.23890686035156,21.444936752319336,43.16969680786133,61.146488189697266,1
30770.0,702.0,1.0643274784088135,12.346796035766602,100.53768920898438,62.206573486328125,11.217673301696777,100.40219116210938,62.93973159790039,1
32436.0,1725.695556640625,1.3611111640930176,46.240047454833984,183.44651794433594,171.8858642578125,25.876821517944336,65.9835205078125,66.87272644042969,1
75900.0,1102.0,1.0036232471466064,11.986763000488281,64.75340270996094,70.77444458007812,16.427005767822266,75.87135314941406,82.36980438232422,1
7150.0,350.0,0.5945945978164673,14.86486530303955,68.0937728881836,40.38165283203125,30.901885986328125,97.57077026367188,74.10104370117188,1
4900.0,280.0,1.0,51.170204162597656,118.3782958984375,79.73477172851562,46.60942077636719,98.13361358642578,90.30213928222656,1
32378.5,1721.9381103515625,0.7346938848495483,46.25407791137695,184.11802673339844,171.4451904296875,25.909160614013672,66.04289245605469,67.03848266601562,1
19154.0,558.0,1.284552812576294,37.04651641845703,145.51791381835938,148.0597381591797,15.851249694824219,42.364410400390625,68.79426574707031,1
33126.0,732.2842407226562,1.0971428155899048,49.1519660949707,161.7308349609375,178.48287963867188,18.953092575073242,42.5689811706543,38.7149772644043,1
3284.0,227.31370544433594,1.185185194015503,21.683738708496094,112.76707458496094,136.2581024169922,13.624334335327148,77.1171875,57.089141845703125,1
6274.5,903.36962890625,1.8571428060531616,70.35301208496094,169.77951049804688,150.982177734375,38.732940673828125,68.20194244384766,55.15011978149414,1
106528.0,2225.65087890625,0.8711110949516296,48.250492095947266,104.28565979003906,135.73568725585938,42.343223571777344,57.904266357421875,63.00293731689453,1
3600.0,240.0,1.0,39.31147384643555,152.25503540039062,74.71566772460938,46.65031814575195,97.5041275024414,88.36370849609375,1
19448.0,558.0,1.051094889640808,36.18400192260742,129.19631958007812,71.3968505859375,47.65353775024414,101.24498748779297,77.93668365478516,1
3381.5,596.8599243164062,1.675675630569458,39.51100540161133,101.92164611816406,168.21861267089844,21.267545700073242,39.24761199951172,38.78934860229492,1
48486.0,2479.7685546875,1.9753086566925049,29.081066131591797,156.7233123779297,158.80886840820312,13.812859535217285,49.18131637573242,59.96401596069336,1
4895.5,294.492431640625,0.8556700944900513,34.99552917480469,90.98757934570312,130.87789916992188,41.724666595458984,57.96004867553711,76.58631896972656,1
17179.5,585.889404296875,1.024844765663147,47.14003372192383,79.58810424804688,125.65499877929688,49.166015625,61.10383605957031,42.87105178833008,1
1805394.0,5601.89306640625,0.9895901083946228,44.682132720947266,112.91590118408203,117.84272766113281,44.97322082519531,62.72467041015625,36.93268585205078,1
55589.0,1717.5533447265625,0.5324675440788269,33.0800895690918,137.36033630371094,166.4306640625,33.183868408203125,38.878639221191406,59.72920608520508,1
7093.5,321.1787109375,0.9100000262260437,132.95867919921875,128.86680603027344,101.33065795898438,62.816307067871094,84.26927185058594,83.04955291748047,1
4571.5,270.2426452636719,1.0597014427185059,35.146522521972656,166.37733459472656,153.50326538085938,47.0916862487793,43.23068618774414,58.25053024291992,1
536.5,101.89949798583984,0.4864864945411682,27.60360336303711,155.3798828125,92.2957992553711,17.241064071655273,46.60164260864258,45.827178955078125,1
806.0,244.08326721191406,1.2142857313156128,40.09477233886719,129.92063903808594,172.82493591308594,33.8150749206543,70.41156005859375,61.18830871582031,1
43188.0,838.0,1.28804349899292,37.040061950683594,145.4935302734375,148.06886291503906,15.824790000915527,42.34207534790039,68.80974578857422,1
2814.5,423.2964782714844,1.2380952835083008,57.72100067138672,101.30952453613281,148.72772216796875,47.02545166015625,57.61452865600586,57.4178466796875,1
711.5,128.0416259765625,2.6315789222717285,63.32105255126953,169.84315490722656,127.57684326171875,33.6611442565918,69.02735900878906,38.41819763183594,1
19799.0,562.8284301757812,1.135338306427002,51.01169967651367,225.206787109375,129.4988250732422,35.126747131347656,43.92469787597656,42.58881378173828,1
7036.5,320.35028076171875,0.8999999761581421,134.82066345214844,131.62689208984375,100.62010955810547,61.65937042236328,85.01914978027344,82.8860855102539,1
485.5,227.6396026611328,2.4782607555389404,36.62700271606445,110.74980926513672,146.03965759277344,37.404693603515625,54.3729248046875,46.26092529296875,1
833.5,124.72792053222656,0.5227272510528564,49.60177993774414,109.87549591064453,114.90513610839844,46.977840423583984,66.31019592285156,59.603057861328125,1
16135.0,645.587890625,1.3884892463684082,25.11928367614746,194.183837890625,144.4318389892578,18.68375015258789,66.02943420410156,64.97965240478516,1
202863.5,3546.864013671875,1.4567526578903198,86.16039276123047,77.0245361328125,165.61219787597656,45.36359405517578,42.13360595703125,86.30518341064453,1
1614.0,327.96551513671875,1.2068965435028076,74.7943344116211,134.4398956298828,132.04803466796875,39.49467086791992,53.39973068237305,56.062591552734375,1
14780.0,569.3624877929688,0.7309941649436951,31.948022842407227,159.08921813964844,157.5413360595703,35.891902923583984,88.41314697265625,57.68981170654297,1
1586.5,185.698486328125,0.4920634925365448,25.35381507873535,145.98719787597656,94.99334716796875,7.433766841888428,44.288509368896484,44.4920654296875,1
117037.0,1954.7493896484375,0.4047306180000305,18.721534729003906,11.390134811401367,101.00003051757812,19.89707374572754,31.777610778808594,102.60882568359375,1
3405.5,357.7228698730469,0.9135802388191223,29.238739013671875,140.373046875,133.08642578125,18.816082000732422,56.587486267089844,62.194068908691406,1
3227.0,438.4508056640625,0.40689656138420105,51.17626953125,75.37358093261719,138.53863525390625,41.660526275634766,42.99160385131836,58.615108489990234,1
3457.5,505.2375793457031,1.2000000476837158,40.22895050048828,129.92652893066406,172.8166046142578,34.00057601928711,70.38896179199219,61.183082580566406,1
9515.5,558.8355712890625,1.0940171480178833,60.31303405761719,130.37393188476562,113.90584564208984,47.16904067993164,67.61483001708984,69.08488464355469,1
117261.5,4032.736328125,1.3333333730697632,32.093902587890625,200.6738739013672,207.26502990722656,16.909326553344727,57.94467544555664,52.21047592163086,1
25577.5,1296.516845703125,1.7777777910232544,21.01931381225586,74.79619598388672,118.05496215820312,11.257460594177246,38.95330047607422,48.19070816040039,1
101915.5,1567.1138916015625,1.0,50.350032806396484,109.5289077758789,173.76300048828125,55.682456970214844,63.32856750488281,64.55371856689453,1
395545.0,4608.24365234375,0.8275862336158752,66.46173095703125,98.15684509277344,113.39299011230469,52.51043701171875,74.06978607177734,90.54759979248047,1
1872.0,191.7989959716797,1.0,47.468807220458984,161.90972900390625,126.94518280029297,58.0231819152832,63.588966369628906,65.54654693603516,1
3118.5,223.41421508789062,1.0,37.546321868896484,186.60479736328125,140.46568298339844,7.235034942626953,42.854312896728516,52.797733306884766,1
1416.5,160.66905212402344,0.7254902124404907,43.41494369506836,135.2686767578125,90.62055969238281,36.0931510925293,68.94491577148438,44.36149215698242,1
103.0,90.6274185180664,0.5,23.62847137451172,192.6145782470703,183.8125,6.54345703125,33.31146240234375,54.98503112792969,1
31296.0,710.0,0.8497409224510193,60.15468215942383,233.60728454589844,190.36935424804688,38.495140075683594,37.902076721191406,69.7740249633789,1
9650.5,398.2426452636719,0.9134615659713745,42.29311752319336,166.0708465576172,163.51559448242188,24.27033042907715,72.69288635253906,70.74805450439453,1
1005.0,173.5979766845703,0.8409090638160706,66.12715148925781,111.78317260742188,111.58722686767578,44.84650802612305,66.10343170166016,55.85853576660156,1
4869.0,595.1614379882812,0.7751938104629517,48.33480453491211,131.09767150878906,224.63992309570312,72.02129364013672,45.27226638793945,27.6064510345459,1
168.5,67.0710678100586,0.8947368264198303,16.37461280822754,183.41485595703125,145.8947296142578,7.338703632354736,51.786128997802734,66.865478515625,1
22590.5,666.658935546875,1.1597633361816406,39.58495330810547,91.57964324951172,127.8460922241211,42.21354293823242,73.74610900878906,44.85258865356445,1
7340.0,329.0782165527344,0.9700000286102295,126.98526000976562,106.83535766601562,110.20608520507812,68.07488250732422,75.54428100585938,85.4586181640625,1
7322.5,328.492431640625,0.9700000286102295,127.87804412841797,94.44999694824219,115.0782470703125,66.91647338867188,68.77777862548828,84.69677734375,1
3771.0,348.8528137207031,0.72826087474823,38.4905891418457,236.10398864746094,159.23345947265625,21.390380859375,24.337465286254883,56.95473098754883,1
12295.0,720.1564331054688,0.8489583134651184,37.37880325317383,127.0155258178711,152.5316925048828,20.919288635253906,58.78395462036133,73.02815246582031,1
794.5,137.8994903564453,1.1515151262283325,66.69856262207031,209.2176971435547,183.23524475097656,36.43029022216797,49.60613250732422,56.58081817626953,1
12432.0,446.0,0.991150438785553,35.1328239440918,136.09678649902344,61.222660064697266,50.274803161621094,104.90913391113281,73.06221771240234,1
2797.0,438.5096740722656,1.0246913433074951,60.62858963012695,168.6757354736328,145.151123046875,36.91362380981445,63.18355941772461,57.99003601074219,1
2953.0,297.7401123046875,1.2131147384643555,45.8097038269043,173.23681640625,162.97607421875,29.051156997680664,41.914817810058594,40.50631332397461,1
919601.0,3996.0,1.7777777910232544,19.307165145874023,90.6991958618164,108.00242614746094,11.993349075317383,29.765275955200195,61.68442153930664,1
3171.5,307.9827575683594,0.8111110925674438,54.55433654785156,230.20974731445312,190.84033203125,32.29869842529297,33.109580993652344,46.70692825317383,1
59045.0,972.0,0.9837398529052734,20.635238647460938,88.048828125,100.72621154785156,33.42008972167969,92.88164520263672,77.55286407470703,1
7744.5,438.5513000488281,1.3043478727340698,42.73677444458008,192.3472900390625,144.68441772460938,25.444948196411133,47.47900390625,45.095703125,1
8556.0,370.0,0.9893617033958435,59.52082061767578,99.59185791015625,79.51464080810547,56.4818000793457,95.0218505859375,95.0155029296875,1
26320.0,2045.80322265625,0.9959677457809448,19.635839462280273,176.53453063964844,187.38487243652344,16.243541717529297,50.40121841430664,45.128604888916016,1
46381.0,1307.4945068359375,1.0664206743240356,34.34867477416992,188.49200439453125,170.6936798095703,40.223384857177734,44.3317985534668,58.30392074584961,1
3002.0,218.4852752685547,0.7936508059501648,20.169206619262695,161.71365356445312,152.85301208496094,18.72830581665039,53.38313674926758,67.7623291015625,1
23733.0,676.76953125,1.1292517185211182,40.424842834472656,167.71546936035156,139.79550170898438,15.878019332885742,62.396820068359375,72.16422271728516,1
25083.5,2178.21240234375,0.9666666388511658,30.80548858642578,172.99850463867188,161.6939697265625,22.791982650756836,41.9919548034668,56.13214111328125,1
292.5,83.55635070800781,1.149999976158142,25.571739196777344,183.636962890625,195.37173461914062,2.3156521320343018,67.41913604736328,43.93828201293945,1
369327.5,6377.19140625,1.1972222328186035,24.412181854248047,72.16278839111328,115.97798919677734,15.849273681640625,48.101646423339844,53.93489074707031,1
40370.0,862.2842407226562,0.9061033129692078,46.528717041015625,161.86497497558594,156.71142578125,21.79952621459961,47.19631576538086,51.406700134277344,1
15053.5,1373.913818359375,1.077419400215149,34.34201431274414,162.90882873535156,164.49375915527344,18.708791732788086,66.81192016601562,57.88058090209961,1
22244.5,805.8305053710938,0.9329608678817749,16.726524353027344,160.56858825683594,125.71040344238281,16.330554962158203,70.12306213378906,40.78881072998047,1
2812.5,423.2964782714844,0.807692289352417,57.849815368652344,101.8331298828125,148.80361938476562,47.21794509887695,57.58822250366211,57.32758712768555,1
4006270.5,63201.265625,0.8629579544067383,19.265045166015625,63.44161605834961,160.2698516845703,10.862608909606934,60.947052001953125,40.14915084838867,1
160558.0,2238.915771484375,0.4397660791873932,18.231943130493164,17.461353302001953,100.21924591064453,22.695030212402344,39.640472412109375,102.61567687988281,1
84100.0,1160.0,1.0,13.409478187561035,78.38458251953125,64.87840270996094,23.115032196044922,89.1602783203125,79.07017517089844,1
2426.0,443.6812438964844,1.0819672346115112,19.72379493713379,169.7096405029297,175.54794311523438,24.60089111328125,50.11241149902344,42.52275848388672,1
4199.0,280.56854248046875,0.9743589758872986,19.326417922973633,207.35223388671875,107.4647445678711,2.7558484077453613,44.607582092285156,49.09104919433594,1
15217.0,566.7350463867188,1.0503597259521484,71.96308898925781,115.4058837890625,122.36158752441406,55.43497085571289,43.559661865234375,60.43927764892578,1
1775912.0,6927.22119140625,0.8671828508377075,57.19281005859375,86.0887680053711,135.8080291748047,48.753055572509766,57.80961227416992,50.417137145996094,1
26270.0,654.0,1.3006993532180786,34.96992111206055,55.76945495605469,58.91645812988281,47.3326301574707,78.32843017578125,78.94937133789062,1
3136.0,224.0,1.0,37.502925872802734,186.54078674316406,140.57093811035156,7.153598308563232,42.34264373779297,52.69475555419922,1
100827.0,2703.876220703125,1.4487632513046265,33.59225082397461,128.0074462890625,155.74034118652344,25.33252716064453,39.57472610473633,57.04166030883789,1
10497.5,687.2376098632812,2.8656716346740723,72.96991729736328,216.63223266601562,164.9296417236328,31.123998641967773,51.90234375,41.832427978515625,1
62497.5,2584.271240234375,0.9561128616333008,31.120325088500977,115.5530776977539,112.90726470947266,38.48185348510742,91.420654296875,97.02761840820312,1
24114.5,634.2426147460938,1.0324674844741821,35.85314178466797,164.3361053466797,167.6683807373047,16.947546005249023,38.33148193359375,52.37446594238281,1
1672.5,222.0416259765625,2.5151515007019043,17.47754669189453,191.6955108642578,123.08141326904297,3.069082260131836,61.60914993286133,45.55901336669922,1
548347.0,8465.78125,1.7777777910232544,23.42435073852539,76.26874542236328,118.56076049804688,11.063009262084961,48.22842788696289,49.08114242553711,1
2488.0,366.0243835449219,2.1136362552642822,28.324047088623047,205.88929748535156,99.80009460449219,14.26806926727295,40.47681427001953,45.67571258544922,1
5352.5,652.0071411132812,1.0740740299224854,31.00973892211914,196.49362182617188,165.64024353027344,13.780993461608887,55.91657257080078,76.26136779785156,1
1458.0,151.05381774902344,1.0222222805023193,27.85797119140625,113.74589538574219,127.44396209716797,30.369338989257812,58.35254669189453,52.19658660888672,1
12342.0,446.0,0.8442623019218445,39.02968215942383,81.6823959350586,62.294921875,49.98344802856445,95.44815063476562,81.52995300292969,1
5544.0,298.0,0.9358974099159241,44.62258529663086,71.79013061523438,150.53143310546875,47.17843246459961,89.17185974121094,44.88555145263672,1
7774.0,437.96551513671875,1.3043478727340698,42.73505401611328,193.13333129882812,144.26113891601562,25.46662712097168,47.62012481689453,45.195526123046875,1
2893.5,215.8994903564453,1.0,21.731504440307617,163.1049041748047,172.64828491210938,13.737957954406738,51.86525344848633,70.63969421386719,1
572601.5,11967.9677734375,1.7777777910232544,23.023515701293945,79.7637939453125,122.79148864746094,9.619393348693848,42.8218879699707,49.18902587890625,1
21960.0,604.0,1.4715447425842285,49.169921875,134.97296142578125,90.3261489868164,46.37860107421875,102.42108154296875,92.86266326904297,1
997.5,218.66905212402344,0.5303030014038086,63.37445831298828,88.1372299194336,171.51644897460938,50.179569244384766,54.60048294067383,63.86626052856445,1
4291.5,529.1198120117188,1.1521738767623901,30.348133087158203,151.6664276123047,154.62295532226562,25.885311126708984,48.52381896972656,54.08538818359375,1
1226.0,217.2548370361328,1.10869562625885,40.50724792480469,100.73060607910156,145.2578887939453,40.69223403930664,70.6151351928711,64.8715591430664,1
112336.5,2082.707763671875,2.6778242588043213,36.516475677490234,227.88311767578125,134.00218200683594,25.83416175842285,25.72136688232422,48.76077651977539,1
100827.0,2703.876220703125,1.4487632513046265,33.59225082397461,128.00746154785156,155.74034118652344,25.33252716064453,39.57472610473633,57.04166030883789,1
1546.0,359.88226318359375,1.2075471878051758,29.641803741455078,148.40625,183.05807495117188,24.969921112060547,45.756038665771484,68.60704040527344,1
8013.0,457.5979919433594,1.2087912559509277,47.383018493652344,160.8380584716797,175.59130859375,12.818480491638184,42.96181106567383,40.261234283447266,1
6638.0,467.1370849609375,1.0102040767669678,42.815399169921875,204.91949462890625,144.13812255859375,25.362167358398438,39.01315689086914,43.94496536254883,1
93924.5,1238.384765625,1.2878228425979614,36.102413177490234,129.41261291503906,138.6356964111328,22.682069778442383,43.93531036376953,47.32578659057617,1
6120.0,316.0,0.7582417726516724,48.52587890625,48.729732513427734,142.44354248046875,49.26426696777344,69.20912170410156,40.986236572265625,1
1585.0,270.7695617675781,1.4509804248809814,26.63698959350586,182.62002563476562,152.2230987548828,13.164934158325195,45.61191177368164,60.441856384277344,1
919324.0,4017.196044921875,1.7777777910232544,23.45973777770996,58.86412048339844,122.83197784423828,13.664912223815918,43.990848541259766,46.57365798950195,1
588949.0,13757.3125,0.5625,19.3839054107666,80.15481567382812,123.38420867919922,7.227209568023682,29.337718963623047,45.5908088684082,1
100827.0,2703.876220703125,1.4487632513046265,33.59225082397461,128.0074462890625,155.74034118652344,25.33252716064453,39.57472610473633,57.04166030883789,1
6806.0,330.0,0.988095223903656,25.2795467376709,67.35757446289062,65.73536682128906,42.537940979003906,89.63606262207031,85.86768341064453,1
105950.0,1302.0,0.9969419240951538,18.238569259643555,76.55518341064453,87.95915985107422,38.151493072509766,104.97119903564453,99.2255630493164,1
47634.5,1157.7127685546875,2.010695219039917,53.28844451904297,228.3654327392578,124.82299041748047,27.407407760620117,26.78838348388672,36.81727600097656,1
910761.0,3979.1025390625,0.5625,19.26658821105957,80.10914611816406,123.38232421875,7.247291564941406,29.570392608642578,45.57880401611328,1
393980.5,5104.025390625,0.75,20.811573028564453,41.2004280090332,111.23748779296875,25.623435974121094,65.73326873779297,83.82258605957031,1
6177.0,614.6762084960938,1.5,34.71140670776367,151.2694549560547,135.92942810058594,37.59504318237305,39.22358703613281,57.18498229980469,1
48821.5,1512.13916015625,1.3333333730697632,56.19144058227539,125.58012390136719,172.9481201171875,40.83674240112305,80.6225357055664,68.41973114013672,1
9434.0,390.0,0.84112149477005,30.185462951660156,119.47216796875,85.30768585205078,36.08760452270508,97.1697006225586,99.21646118164062,1
193455.5,3197.706787109375,1.447963833808899,26.221372604370117,174.24725341796875,169.59347534179688,31.27656364440918,90.67937469482422,59.94847869873047,1
527.0,110.14213562011719,2.0526316165924072,24.850202560424805,213.85964965820312,113.55195617675781,11.906539916992188,33.96253967285156,46.916805267333984,1
112544.0,2755.695556640625,5.783132553100586,40.882347106933594,55.51734924316406,53.36598205566406,54.2032585144043,75.59434509277344,76.25444793701172,1
1059.5,304.4680480957031,0.3604651093482971,28.213804244995117,140.2625732421875,125.48987579345703,18.111764907836914,58.687381744384766,64.65133666992188,1
9814.0,646.249755859375,1.0202702283859253,41.195499420166016,227.50076293945312,141.403076171875,27.33160400390625,38.06636428833008,61.28767776489258,1
1500.5,295.6396179199219,2.5833332538604736,38.5734748840332,113.37216186523438,121.02359771728516,25.679807662963867,60.09107208251953,52.474891662597656,1
65926.0,1030.0,1.163179874420166,29.5606689453125,90.33685302734375,161.90908813476562,25.025251388549805,65.635986328125,43.419036865234375,1
598.5,135.07106018066406,3.3125,15.787735939025879,178.83843994140625,101.73467254638672,3.795757293701172,53.71990966796875,33.05347442626953,1
1000.5,218.66905212402344,0.5303030014038086,62.83549880981445,88.4610366821289,171.5614776611328,50.354190826416016,54.3143424987793,64.00344848632812,1
64882.5,1052.7279052734375,1.0,32.663421630859375,160.00804138183594,151.5076141357422,39.46843719482422,61.68421173095703,69.4561767578125,1
8446.0,478.4508056640625,0.6216216087341309,66.92648315429688,160.85134887695312,120.19924926757812,41.402587890625,58.20448684692383,62.66230392456055,1
18381.0,570.7594604492188,1.0,43.13278579711914,87.7187728881836,124.34566497802734,45.127662658691406,67.90022277832031,41.14434814453125,1
648.0,151.7401123046875,0.8444444537162781,52.401756286621094,159.578369140625,148.0514678955078,34.15878677368164,48.08798599243164,62.535152435302734,1
1223.5,312.18377685546875,2.7419354915618896,28.725996017456055,147.2041778564453,126.15901184082031,20.683319091796875,56.661712646484375,64.82478332519531,1
409460.0,6477.36474609375,0.6672845482826233,22.105857849121094,63.62803268432617,120.64994049072266,16.99081802368164,43.053611755371094,52.42871856689453,1
7159.0,434.56854248046875,0.961904764175415,33.80735397338867,164.21678161621094,175.6007537841797,34.24034118652344,56.746036529541016,51.177879333496094,1
9433.5,671.1787109375,1.2020201683044434,69.76207733154297,148.13055419921875,182.87046813964844,58.82438278198242,38.58335876464844,37.97990417480469,1
7396.0,330.2497863769531,0.9700000286102295,127.70154571533203,111.11463928222656,108.59309387207031,67.73282623291016,77.32089233398438,85.00428771972656,1
50172.5,999.9238891601562,1.1866028308868408,17.062875747680664,140.4464111328125,201.28794860839844,12.234800338745117,48.407196044921875,42.118831634521484,1
14341.5,1541.040771484375,1.1505376100540161,30.269018173217773,151.3029022216797,154.77760314941406,25.656827926635742,48.47114181518555,53.97134780883789,1
999.5,218.66905212402344,0.5303030014038086,62.7298698425293,88.74156188964844,171.6645050048828,50.8577995300293,54.833152770996094,64.19148254394531,1
224165.5,4798.3974609375,1.3389121294021606,18.715314865112305,97.63123321533203,133.9477081298828,10.346461296081543,79.5088119506836,59.76502227783203,1
29893.0,692.0,1.0714285373687744,23.08039093017578,83.39599609375,86.14854431152344,27.001209259033203,84.07405853271484,93.92118835449219,1
15965.0,541.0193481445312,0.9548386931419373,41.23448181152344,85.35375213623047,124.81900787353516,44.81279373168945,67.99504852294922,42.35585021972656,1
2205873.5,5804.58642578125,0.9994134902954102,48.0283203125,99.62883758544922,132.22564697265625,44.05223083496094,54.07200622558594,48.682857513427734,1
100141.5,3458.050048828125,1.4583333730697632,20.1849422454834,64.8525161743164,123.56539916992188,12.872007369995117,37.62891387939453,48.616790771484375,1
543.5,104.72792053222656,1.454545497894287,88.6875,81.0553970336914,135.4360809326172,46.41596984863281,41.09597396850586,37.430335998535156,1
1968.0,315.0538330078125,3.0,53.68587112426758,159.5660858154297,157.9677734375,31.91793441772461,64.1070556640625,48.852622985839844,1
9216.0,384.0,1.0,20.371877670288086,88.24104309082031,48.92528533935547,27.050819396972656,103.39019012451172,72.89035034179688,1
2303.5,306.4680480957031,1.8421052694320679,19.366249084472656,142.34669494628906,107.90726470947266,14.177860260009766,68.47021484375,52.78607940673828,1
3887.0,283.1127014160156,1.6481481790542603,18.07719612121582,244.66043090820312,185.68539428710938,1.0633649826049805,7.215599536895752,24.19000816345215,1
36186.0,905.9310302734375,1.2102564573287964,30.787092208862305,176.5872039794922,166.28759765625,39.92567443847656,88.70194244384766,62.87094497680664,1
634.0,103.31370544433594,1.0740740299224854,21.969348907470703,161.73435974121094,91.72030639648438,2.991103172302246,38.00058364868164,45.04140090942383,1
50250.0,1009.2203369140625,0.9201680421829224,42.43960189819336,124.83275604248047,157.9275665283203,18.545988082885742,49.41984939575195,60.18574523925781,1
17479.0,1464.926025390625,1.24210524559021,32.09357833862305,200.67626953125,207.2636260986328,16.906171798706055,57.944725036621094,52.20962142944336,1
1453.5,225.15432739257812,1.0350877046585083,48.78828430175781,101.42343139648438,149.5331573486328,37.54707336425781,57.31675720214844,70.4013442993164,1
7372.5,329.66400146484375,0.9700000286102295,126.73917388916016,99.54824829101562,112.18453979492188,67.9658203125,70.93746948242188,84.84062957763672,1
670.5,166.81118774414062,0.7799999713897705,64.63025665283203,83.53640747070312,135.86769104003906,53.11622619628906,50.081119537353516,66.67610168457031,1
16193.5,1161.0509033203125,1.1352940797805786,24.379335403442383,193.80551147460938,188.56640625,25.582914352416992,77.58887481689453,46.54985046386719,1
1066.5,238.66905212402344,1.209302306175232,60.348838806152344,55.012969970703125,221.34616088867188,60.04364776611328,35.79973602294922,13.334624290466309,1
265360.5,5602.8037109375,1.3333333730697632,38.75801086425781,165.88145446777344,139.9583740234375,7.805572509765625,39.5240364074707,39.998661041259766,1
543.5,150.72792053222656,1.1481481790542603,35.69295120239258,160.38111877441406,181.5818328857422,60.21453094482422,50.46345901489258,40.58311080932617,1
8931.5,502.8944396972656,1.2000000476837158,106.94300079345703,154.50917053222656,214.7123260498047,81.80033111572266,51.75044631958008,43.67302703857422,1
65025.0,1020.0,1.0,48.02606201171875,124.84239196777344,82.90078735351562,70.63487243652344,89.18968200683594,73.50177764892578,1
26644.5,1388.28125,1.009756088256836,21.559066772460938,174.83731079101562,218.15306091308594,32.44049072265625,48.34370040893555,39.337894439697266,1
17168.0,528.0,1.2735042572021484,45.972808837890625,129.6413116455078,89.83141326904297,46.5402717590332,104.20012664794922,98.02555084228516,1
309081.0,5127.5859375,1.216729998588562,22.37055015563965,80.00669860839844,153.12693786621094,13.29325008392334,70.99391174316406,56.248077392578125,1
66348.0,1265.80322265625,1.0098360776901245,48.48775863647461,122.19729614257812,96.46669006347656,37.48666763305664,65.65267181396484,52.42831039428711,1
93016.0,1220.0,0.9805825352668762,15.108419418334961,98.43231201171875,84.64924621582031,18.780902862548828,102.10253143310547,94.22505187988281,1
213.0,76.6274185180664,1.1428571939468384,20.890872955322266,182.0496063232422,167.71824645996094,18.518918991088867,53.53514099121094,64.96094512939453,1
975.5,134.87005615234375,0.6744186282157898,59.10826110839844,108.75621795654297,101.82758331298828,50.17597198486328,59.27034378051758,54.85327911376953,1
639948.0,10922.240234375,1.7777777910232544,18.5926456451416,79.88632202148438,122.18293762207031,6.862257957458496,27.81073760986328,44.55966567993164,1
532.5,150.1837615966797,1.923076868057251,35.335384368896484,146.72076416015625,130.79385375976562,28.05003547668457,53.178810119628906,64.95735168457031,1
271.0,68.14213562011719,0.695652186870575,39.15760803222656,130.0163116455078,88.6684799194336,32.62379837036133,67.24177551269531,45.84910202026367,1
402.5,81.41421508789062,0.7916666865348816,18.33991241455078,179.1491241455078,144.2258758544922,21.244726181030273,52.388641357421875,59.01939392089844,1
668.5,166.81118774414062,0.7450980544090271,66.00464630126953,82.931884765625,137.82455444335938,52.70285415649414,50.052486419677734,66.88336181640625,1
6620.5,376.8944396972656,0.8362069129943848,37.37184524536133,198.04185485839844,215.75933837890625,56.42058563232422,38.26549530029297,23.898395538330078,1
3774.0,355.88226318359375,0.9873417615890503,41.6355094909668,170.3482666015625,124.56783294677734,53.59165573120117,65.65699768066406,58.36439514160156,1
137159.5,3786.716064453125,1.212499976158142,24.44007110595703,193.78073120117188,188.57827758789062,25.743398666381836,77.60530090332031,46.54660415649414,1
6830.5,315.3797302246094,0.8399999737739563,133.4789276123047,153.65834045410156,85.64118957519531,61.331905364990234,88.93097686767578,81.14381408691406,1
444.5,199.698486328125,0.43939393758773804,29.354232788085938,156.81504821777344,158.0323944091797,14.388581275939941,50.02276611328125,59.82637023925781,1
14522.0,1055.068115234375,0.8177570104598999,15.742483139038086,154.7262420654297,170.30580139160156,14.356759071350098,54.71875762939453,67.64462280273438,1
4585.0,498.99493408203125,1.0111111402511597,37.35287094116211,159.74591064453125,123.31269836425781,49.499942779541016,57.26003646850586,56.79352569580078,1
266888.5,4050.46630859375,1.3333333730697632,26.60378646850586,154.78958129882812,174.64010620117188,16.512481689453125,42.97260284423828,53.16379165649414,1
9429.0,484.91168212890625,1.0,32.045387268066406,182.74668884277344,151.58346557617188,22.325241088867188,45.41831970214844,51.131980895996094,1
2070.0,211.5391082763672,1.0350877046585083,23.182575225830078,187.93309020996094,145.10348510742188,20.860109329223633,53.870243072509766,68.13471221923828,1
111505.5,1474.49658203125,1.1473088264465332,20.504955291748047,133.31422424316406,98.33857727050781,9.15828800201416,55.84798049926758,37.083717346191406,1
1691.5,185.07106018066406,2.555555582046509,28.44444465637207,115.1497573852539,141.1121826171875,20.714012145996094,60.34669494628906,69.54468536376953,1
103433.0,1628.1563720703125,3.091787338256836,21.861133575439453,124.385498046875,91.19183349609375,7.425881862640381,54.20363235473633,58.19114685058594,1
85567.5,3355.52001953125,2.0779221057891846,31.398574829101562,182.73573303222656,178.55784606933594,27.2139835357666,41.97101974487305,48.52784729003906,1
2373.0,307.39697265625,1.0,40.559532165527344,228.28671264648438,140.62545776367188,26.989667892456055,37.36313247680664,61.371665954589844,1
16784.0,622.901611328125,0.9655172228813171,45.20627975463867,105.24346923828125,136.96688842773438,45.32490921020508,87.24327087402344,42.59947967529297,1
79890.0,2720.0185546875,1.065573811531067,31.999021530151367,180.1627960205078,141.4033660888672,18.23141098022461,42.20062255859375,50.410560607910156,1
948.5,153.5563507080078,1.7777777910232544,50.28086471557617,212.71913146972656,128.05709838867188,23.492542266845703,32.480262756347656,40.34224319458008,1
4970.0,282.0,1.0140844583511353,47.1623649597168,169.0821533203125,81.20304870605469,41.455509185791016,95.36077117919922,88.24129486083984,1
4950.0,282.0,1.1343283653259277,37.040260314941406,194.35250854492188,142.5836639404297,8.125449180603027,37.8463020324707,52.47941207885742,1
8539.5,1274.7666015625,1.2773722410202026,26.94452476501465,146.7471466064453,154.5410614013672,32.60380935668945,48.74571228027344,54.15962600708008,1
639.5,172.52691650390625,1.1470588445663452,68.45550537109375,138.23001098632812,151.08370971679688,71.0376205444336,60.30077362060547,54.33702850341797,1
369197.5,7431.35205078125,1.013498306274414,26.61648941040039,60.11219024658203,159.90280151367188,11.367061614990234,75.81198120117188,38.95146942138672,1
291.0,136.1421356201172,0.3571428656578064,26.231746673583984,149.91587829589844,125.93174743652344,13.992524147033691,56.58658981323242,62.69394302368164,1
33181.5,912.0660400390625,1.1193181276321411,24.273361206054688,130.54078674316406,164.19300842285156,21.03285026550293,48.04557418823242,53.13203430175781,1
5016.0,284.0,1.1492537260055542,69.98507690429688,216.1279296875,163.8621826171875,37.26283645629883,47.502288818359375,55.57523727416992,1
6724.0,328.0,1.0,11.222528457641602,72.0830307006836,44.76280975341797,24.30350685119629,102.23738861083984,79.37212371826172,1
55589.0,1717.5533447265625,0.5324675440788269,33.0800895690918,137.36021423339844,166.4306640625,33.183868408203125,38.87863540649414,59.72920608520508,1
230.5,94.38477325439453,1.399999976158142,27.007143020629883,178.33570861816406,140.46249389648438,39.23218536376953,41.04924774169922,54.24921417236328,1
678.5,117.55635070800781,0.6486486196517944,24.79054069519043,112.71959686279297,152.0529327392578,2.8803153038024902,44.06303405761719,44.90867233276367,1
399.5,95.55635070800781,1.3043478727340698,71.85072326660156,112.00434875488281,180.51449584960938,73.0179443359375,54.062644958496094,43.15946578979492,1
27555.0,664.0,1.0120482444763184,35.26796340942383,75.20091247558594,68.09028625488281,47.03434371948242,82.20362091064453,78.96208953857422,1
637118.5,10946.2822265625,0.5625,18.58979034423828,79.9998550415039,122.15792083740234,6.170620441436768,27.508075714111328,44.50616455078125,1
15829.0,1535.5777587890625,1.1299434900283813,39.600677490234375,158.0143280029297,167.18283081054688,16.10083770751953,50.29772186279297,58.13190460205078,1
348.0,101.11270141601562,0.8709677457809448,74.46953582763672,130.63919067382812,143.99880981445312,75.8511734008789,67.53197479248047,60.12345886230469,1
2418.5,323.9827575683594,0.5052631497383118,26.764692306518555,126.86995697021484,178.39495849609375,9.545648574829102,42.76099395751953,63.912776947021484,1
347604.5,7649.58154296875,0.5977410674095154,25.54035758972168,64.65763854980469,167.75018310546875,16.63435935974121,76.30240631103516,53.18093490600586,1
19800.0,564.0,1.135338306427002,51.01169967651367,225.206787109375,129.4988250732422,35.126747131347656,43.92469787597656,42.58881378173828,1
8214.0,370.0,1.493333339691162,27.840356826782227,82.40249633789062,54.997379302978516,41.58552551269531,101.08538818359375,85.27871704101562,1
532.5,113.89949798583984,0.78125,81.84625244140625,150.36874389648438,166.78875732421875,68.82103729248047,33.643577575683594,46.081520080566406,1
20093.0,1320.7005615234375,2.969072103500366,68.99373626708984,198.15814208984375,158.80845642089844,33.09583282470703,64.52449035644531,43.92250442504883,1
21749.5,620.325927734375,0.9873417615890503,48.43569564819336,221.72512817382812,189.1212615966797,34.016849517822266,44.55996322631836,50.07243728637695,1
1285084.5,14857.5146484375,0.5625,22.18383026123047,59.56880187988281,121.15360260009766,7.936311721801758,39.43811798095703,46.098636627197266,1
9509.5,436.6345520019531,1.0508474111557007,23.628894805908203,182.680419921875,151.9788818359375,21.472057342529297,59.041996002197266,69.55917358398438,1
1724.0,212.36753845214844,0.779411792755127,22.033296585083008,183.03884887695312,128.00083923339844,23.67088508605957,54.41464614868164,66.1591567993164,1
3001.0,471.9066467285156,0.48591548204421997,32.92610549926758,185.4383544921875,139.04429626464844,28.74662971496582,49.10288619995117,65.66436004638672,1
24388.0,648.2842407226562,1.2695035934448242,38.63587951660156,132.6670684814453,139.55279541015625,29.47907257080078,51.82379150390625,66.63814544677734,1
221.0,81.31370544433594,0.5185185074806213,13.060846328735352,173.8835906982422,162.72750854492188,4.531956195831299,59.738956451416016,41.27578353881836,1
1098.0,202.08326721191406,4.136363506317139,21.166833877563477,149.57492065429688,167.880126953125,7.2492475509643555,38.57172393798828,61.617000579833984,1
17484.0,530.0,1.1360000371932983,19.649858474731445,63.4625358581543,84.41239166259766,31.129478454589844,81.4741439819336,96.38912200927734,1
3782.0,246.0,0.9841269850730896,29.773168563842773,160.38710021972656,73.15950012207031,39.733375549316406,99.41764068603516,84.714111328125,1
19045.0,1275.896484375,0.6636363863945007,36.49710464477539,172.50682067871094,182.55601501464844,20.50005531311035,49.259788513183594,44.65618896484375,1
1056849.5,5423.0087890625,1.1068965196609497,59.363494873046875,82.17378997802734,132.12796020507812,50.54249954223633,55.1896858215332,46.03348159790039,1
1621.0,163.6568603515625,1.0487804412841797,34.99773025512695,168.29608154296875,156.16563415527344,38.69386291503906,49.07028579711914,66.13717651367188,1
7691.5,367.8061218261719,0.9142857193946838,20.571229934692383,131.53334045410156,99.3325424194336,9.60611629486084,55.95115661621094,37.17654800415039,1
10355.5,631.0365600585938,0.7032257914543152,27.331518173217773,210.6542205810547,106.77661895751953,18.85780143737793,50.99422073364258,56.62919616699219,1
306081.0,2236.0,1.3333333730697632,51.01455307006836,225.20509338378906,129.50022888183594,35.132171630859375,43.93849182128906,42.588600158691406,1
5877.0,394.7939453125,2.0303030014038086,61.534034729003906,153.7684326171875,125.38670349121094,55.254051208496094,75.02488708496094,63.56061935424805,1
1013.5,158.32589721679688,1.3589743375778198,22.442670822143555,220.76536560058594,168.7048797607422,33.418617248535156,38.69389724731445,69.80831909179688,1
31491.0,2718.49365234375,1.2830188274383545,35.68559265136719,130.5246124267578,139.58670043945312,23.139606475830078,44.29561996459961,47.85346221923828,1
10735.0,416.0,0.8421052694320679,23.78764533996582,110.14692687988281,78.1374282836914,32.189125061035156,96.67020416259766,93.98381042480469,1
570584.0,8566.2705078125,0.5625,22.139511108398438,59.30277633666992,121.62779235839844,8.287049293518066,39.35182189941406,46.01343536376953,1
94.0,40.48528289794922,1.399999976158142,24.564285278320312,213.16429138183594,129.5,12.466073989868164,23.587711334228516,32.046730041503906,1
3597.5,344.3258972167969,1.1707316637039185,54.198299407958984,228.61648559570312,226.7707061767578,36.62689971923828,41.669010162353516,37.072731018066406,1
1008.0,176.42640686035156,0.8636363744735718,64.72248840332031,112.45394897460938,113.738037109375,44.86278533935547,65.45447540283203,56.742828369140625,1
2900.0,216.0,0.8644067645072937,32.18610763549805,190.38650512695312,93.45130920410156,39.58876419067383,69.01485443115234,81.75237274169922,1
1052.5,195.49746704101562,1.1627906560897827,16.763721466064453,168.99395751953125,146.024658203125,18.007259368896484,51.21630859375,67.05414581298828,1
112405.0,1528.3717041015625,1.2615803480148315,22.972305297851562,187.7080535888672,140.35948181152344,21.150333404541016,54.23778533935547,67.5841064453125,1
444.5,199.698486328125,2.275861978530884,28.44775390625,158.15882873535156,158.23825073242188,12.537910461425781,49.430274963378906,59.69099807739258,1
330.0,115.31370544433594,1.2173912525177002,29.80124282836914,172.99534606933594,173.12733459472656,54.5368766784668,30.234821319580078,44.061180114746094,1
7078.0,319.62237548828125,0.8700000047683716,132.53585815429688,150.32252502441406,85.54275512695312,60.91041564941406,88.37786102294922,81.90850830078125,1
15649.5,1069.5462646484375,0.7860696315765381,37.95685958862305,164.3639678955078,173.3361358642578,42.43351745605469,41.25250244140625,58.196903228759766,1
626.5,191.01219177246094,0.5319148898124695,54.925106048583984,97.726806640625,112.43148803710938,54.132080078125,64.886962890625,58.000118255615234,1
17662.0,538.8284301757812,1.0303030014038086,38.21657943725586,158.17156982421875,146.640380859375,24.40748405456543,55.55101776123047,79.99995422363281,1
25553.0,1141.4700927734375,1.3403141498565674,56.02378463745117,125.92535400390625,172.7091827392578,40.81539535522461,80.62313079833984,68.45964050292969,1
5503.5,362.8944396972656,1.0843373537063599,16.67228889465332,160.3305206298828,125.61901092529297,15.991629600524902,70.4254150390625,40.64249038696289,1
165206.5,2532.93310546875,3.0,14.664359092712402,14.22071647644043,53.39060974121094,17.480390548706055,30.396480560302734,58.88993453979492,1
40773.0,904.440673828125,0.8087649345397949,39.43828582763672,180.5594024658203,131.233642578125,33.593196868896484,66.87100982666016,70.48963165283203,1
3631.5,247.5563507080078,1.442307710647583,26.72051239013672,171.99923706054688,154.709228515625,13.12134075164795,54.070621490478516,62.01740264892578,1
13372.5,659.203125,1.5752211809158325,20.42502784729004,187.42556762695312,112.99348449707031,22.93150520324707,49.133541107177734,56.42664337158203,1
9193.0,454.4263916015625,1.0947368144989014,39.16133499145508,178.58299255371094,149.63258361816406,26.39361572265625,44.19728469848633,54.25002670288086,1
63756.0,1010.0,0.9960629940032959,29.47390365600586,114.66226959228516,93.46100616455078,40.34906005859375,119.74858093261719,107.00423431396484,1
794.5,192.0416259765625,1.696969747543335,80.06385040283203,99.47456359863281,189.89772033691406,67.84534454345703,65.70235443115234,41.20316696166992,1
227.0,80.14213562011719,1.0952380895614624,25.047618865966797,136.9275360107422,146.67080688476562,36.99174118041992,59.260738372802734,54.648826599121094,1
2143.0,353.39697265625,1.1492537260055542,31.450668334960938,191.83193969726562,148.68714904785156,13.449821472167969,47.138710021972656,41.0302734375,1
12312.0,444.0,1.0550458431243896,43.49932098388672,65.77095794677734,126.28910827636719,55.72068405151367,68.88764190673828,104.18507385253906,1
138013.0,5101.5615234375,1.3333333730697632,21.194456100463867,175.82102966308594,168.87367248535156,13.711767196655273,34.110416412353516,69.67769622802734,1
11286.0,426.0,1.149999976158142,69.8458251953125,217.5082550048828,164.1967010498047,37.32477569580078,46.986358642578125,55.86509704589844,1
7774.0,437.96551513671875,1.3043478727340698,42.73505401611328,193.13333129882812,144.26113891601562,25.46662712097168,47.62012481689453,45.195526123046875,1
13647.5,1829.8448486328125,1.4769231081008911,54.43782043457031,71.74911499023438,137.60035705566406,34.26762390136719,51.92531967163086,59.50362014770508,1
1757602.5,5818.13134765625,0.9884432554244995,44.39918899536133,106.71776580810547,123.94768524169922,41.14705276489258,58.93437576293945,51.678287506103516,1
40528.5,955.7228393554688,1.2075471878051758,19.804521560668945,113.93695068359375,148.5886993408203,23.7340030670166,71.89366912841797,52.639991760253906,1
5400.5,336.8111877441406,0.9882352948188782,22.078571319580078,142.94705200195312,110.8612060546875,27.480924606323242,43.43018341064453,47.4681396484375,1
622.5,115.698486328125,1.600000023841858,19.80900001525879,160.43499755859375,102.73300170898438,5.100050926208496,69.37933349609375,50.91243362426758,1
6900.0,316.7939453125,0.8500000238418579,133.65870666503906,151.81094360351562,85.47176361083984,60.53351593017578,89.07125854492188,81.62987518310547,1
12319.5,604.55126953125,1.8041237592697144,36.444419860839844,227.97378540039062,134.33596801757812,25.804258346557617,25.689659118652344,48.9383544921875,1
208.0,82.82843017578125,1.1875,34.41447448730469,155.6875,186.8717041015625,52.0074577331543,49.7775764465332,38.18014907836914,1
227.0,108.14213562011719,1.2799999713897705,32.1037483215332,178.4862518310547,173.69375610351562,56.98577117919922,42.569969177246094,62.576534271240234,1
67310.0,1038.0,1.0431373119354248,28.632272720336914,120.2410888671875,166.02626037597656,44.59617233276367,109.77796936035156,60.206634521484375,1
521.5,166.32589721679688,1.3225806951522827,19.468921661376953,168.49252319335938,170.44610595703125,16.780447006225586,54.00884246826172,61.75407409667969,1
895.5,195.49746704101562,1.600000023841858,35.505611419677734,180.73214721679688,133.93673706054688,49.78923034667969,40.743125915527344,67.51499938964844,1
4069.0,514.16650390625,1.2000000476837158,40.22895050048828,129.92652893066406,172.8166046142578,34.00057601928711,70.38896179199219,61.183082580566406,1
2652.0,243.76449584960938,0.773809552192688,50.18937683105469,110.15641021728516,174.0492706298828,54.55956268310547,62.803314208984375,64.57115173339844,1
7110.0,321.7644958496094,0.9100000262260437,132.98757934570312,128.72219848632812,101.41065979003906,62.95378875732422,83.8410415649414,82.76025390625,1
1280.0,317.88226318359375,1.0740740299224854,30.86590003967285,196.51084899902344,165.64622497558594,13.16121768951416,55.94110870361328,76.2884521484375,1
192.0,96.6274185180664,2.4000000953674316,24.69259262084961,125.34074401855469,196.99073791503906,4.450336933135986,50.428226470947266,26.648290634155273,1
1334153.0,28702.388671875,1.3156578540802002,33.87373352050781,51.2962646484375,156.4478759765625,23.244367599487305,60.165828704833984,38.962684631347656,1
593.0,173.45584106445312,0.5535714030265808,18.679147720336914,144.610595703125,151.7615203857422,4.7971696853637695,30.934158325195312,52.09757614135742,1
1539.5,253.5807342529297,0.7631579041481018,66.224365234375,84.32804107666016,137.1746826171875,53.26858901977539,50.99793243408203,66.8714828491211,1
577.5,97.0710678100586,0.8571428656578064,19.8199405670166,154.14137268066406,107.14732360839844,2.549863576889038,25.99346160888672,29.936948776245117,1
338.5,76.38477325439453,0.7200000286102295,39.63333511352539,136.4600067138672,86.2933349609375,31.519676208496094,74.14139556884766,41.85682678222656,1
431.0,143.45584106445312,0.4791666567325592,35.821556091308594,96.24637603759766,136.08786010742188,41.138153076171875,63.23417282104492,74.28749084472656,1
665.5,163.98275756835938,0.7599999904632568,66.9394760131836,82.42473602294922,137.27894592285156,53.67074203491211,48.409568786621094,65.92646789550781,1
867.0,200.08326721191406,1.2564102411270142,19.774986267089844,182.26426696777344,165.44322204589844,13.697128295898438,49.91704177856445,62.399574279785156,1
19058.0,807.3280029296875,1.2048193216323853,24.85780143737793,186.161865234375,160.5799102783203,17.67209815979004,71.89566040039062,67.82484436035156,1
880.0,129.11270141601562,1.4642857313156128,44.175086975097656,137.1219482421875,86.76741790771484,35.703773498535156,69.44715118408203,47.9388313293457,1
954496.5,5767.6015625,1.2453358173370361,51.72949981689453,108.88024139404297,141.03782653808594,52.76731872558594,76.97271728515625,47.778839111328125,1
1475.5,207.15432739257812,1.5526316165924072,48.58296203613281,111.20428466796875,125.38760375976562,43.97724151611328,58.98190689086914,61.52341842651367,1
2098.0,266.5096740722656,0.7792207598686218,54.68376541137695,98.13809204101562,152.27142333984375,45.26103591918945,50.675479888916016,69.30001068115234,1
264.5,112.87005615234375,2.2941176891326904,40.10105514526367,135.754150390625,182.313720703125,22.960594177246094,52.52230453491211,33.58509826660156,1
371.5,117.84062194824219,0.6410256624221802,28.863590240478516,172.98153686523438,151.86871337890625,26.95977783203125,51.6185188293457,70.7869873046875,1
15902.0,1332.54833984375,0.9107142686843872,37.535518646240234,135.802734375,146.6976776123047,17.96050262451172,49.89532470703125,60.988555908203125,1
19234.0,1344.52392578125,0.6636363863945007,36.51413345336914,171.8696746826172,183.0422821044922,20.521411895751953,48.87253952026367,44.44868469238281,1
75618.5,4618.27978515625,0.9972375631332397,41.6201171875,170.41065979003906,150.24920654296875,16.487876892089844,41.47361755371094,48.06378173828125,1
12191.0,970.607177734375,1.0285714864730835,26.677396774291992,149.4418487548828,150.33885192871094,26.506311416625977,56.28337860107422,55.60162353515625,1
77863.0,1688.1219482421875,3.2487308979034424,18.83495330810547,84.15702819824219,85.43617248535156,12.302103042602539,50.641845703125,54.91803741455078,1
94733.5,2631.373779296875,1.0812499523162842,51.5217399597168,74.83264923095703,138.85252380371094,41.65449523925781,42.731788635253906,58.60597610473633,1
919601.0,3996.0,1.7777777910232544,19.43522071838379,90.8785400390625,108.04568481445312,13.377954483032227,30.244274139404297,61.6826171875,1
1159.5,144.1837615966797,0.6458333134651184,40.50739288330078,134.6149139404297,89.40457153320312,34.205970764160156,64.82737731933594,46.125328063964844,1
1415.5,258.3258972167969,0.35789474844932556,24.502477645874023,123.0408706665039,198.37802124023438,5.640122890472412,34.5997200012207,60.60199737548828,1
1001121.0,4156.0,1.736842155456543,18.934810638427734,89.52566528320312,99.2868881225586,15.970596313476562,44.323123931884766,66.0032730102539,1
21938.0,650.0731811523438,0.6205357313156128,53.892921447753906,107.28722381591797,202.76438903808594,69.17078399658203,67.0501708984375,37.02471160888672,1
2307.5,307.2964782714844,1.8596491813659668,19.159053802490234,142.5201873779297,108.15359497070312,11.885822296142578,69.29126739501953,52.77182388305664,1
611.5,178.87005615234375,0.5400000214576721,28.354074478149414,104.934814453125,118.83110809326172,34.655818939208984,52.84012222290039,70.56706237792969,1
674.0,232.42640686035156,0.7647058963775635,47.26244354248047,131.97837829589844,154.92257690429688,30.916053771972656,65.36998748779297,59.64399337768555,1
15702.0,1053.2691650390625,0.9234449863433838,32.23484802246094,125.96348571777344,171.18896484375,21.790185928344727,52.83995819091797,48.70876693725586,1
10144.0,674.7939453125,0.6277372241020203,34.780174255371094,106.22831726074219,133.06790161132812,18.72037124633789,63.102638244628906,65.2364273071289,1
566.0,323.7401123046875,2.730769157409668,25.90682601928711,162.07366943359375,158.6641387939453,17.290550231933594,56.44355773925781,57.83938217163086,1
1546.0,359.88226318359375,1.2075471878051758,29.607311248779297,148.4663848876953,183.086669921875,24.84900665283203,45.83776092529297,68.64933013916016,1
3449043.0,37274.921875,0.7775309681892395,25.674636840820312,76.24410247802734,153.53001403808594,20.67182159423828,64.59889221191406,46.59037780761719,1
5385.0,297.4558410644531,0.8192771077156067,24.587881088256836,167.31910705566406,138.59178161621094,28.497943878173828,51.36960983276367,69.31014251708984,1
903121.0,4156.0,2.3548386096954346,26.367698669433594,67.1539535522461,133.3148193359375,26.475818634033203,27.315587997436523,60.45069122314453,1
26280.0,652.0,0.8121547102928162,55.554290771484375,229.63258361816406,183.28158569335938,32.9512825012207,35.13805389404297,47.63138198852539,1
9814.0,646.249755859375,0.9801324605941772,41.195499420166016,227.5008087158203,141.403076171875,27.33160400390625,38.066368103027344,61.28767776489258,1
12296.0,444.0,1.0934579372406006,45.060306549072266,143.1017608642578,68.47767639160156,49.12746047973633,115.03652954101562,85.47682189941406,1
4440.0,268.0,1.2295081615447998,29.108415603637695,141.5495147705078,65.92327880859375,37.23652267456055,98.7145767211914,77.88211822509766,1
977.5,134.87005615234375,0.6744186282157898,58.03849411010742,108.93103790283203,101.45068359375,49.41049575805664,61.454933166503906,54.708126068115234,1
11408.0,450.48529052734375,0.8016529083251953,35.0668830871582,183.46766662597656,163.75103759765625,11.312625885009766,57.192405700683594,66.653564453125,1
7134.0,338.0,0.9431818127632141,28.0180721282959,90.33817291259766,53.351863861083984,42.20991516113281,110.20468139648438,87.91773223876953,1
5222.0,296.7350769042969,0.9569892287254333,36.59731674194336,110.85755920410156,116.08566284179688,46.0659294128418,66.91116333007812,80.62261199951172,1
1733674.0,5142.4228515625,1.0067476034164429,45.83115768432617,119.75291442871094,129.3782196044922,45.18788528442383,65.32007598876953,47.42525100708008,1
30590.0,2189.7685546875,1.0641025304794312,41.96534729003906,125.1631851196289,141.67523193359375,34.086734771728516,50.66777038574219,68.31600189208984,1
31217.0,1832.11181640625,1.242290735244751,23.75138282775879,157.6402587890625,144.05592346191406,26.088773727416992,47.70005416870117,55.471675872802734,1
3476.0,349.39697265625,1.1666666269302368,28.567419052124023,158.8903045654297,181.60350036621094,27.393274307250977,54.00665283203125,69.56510162353516,1
102459.5,2697.8935546875,1.5,21.299346923828125,63.46338653564453,120.55873107910156,14.592211723327637,42.88481140136719,52.31936264038086,1
19933.0,671.3624877929688,0.8875739574432373,28.359764099121094,133.40496826171875,107.80414581298828,34.16032028198242,47.67617416381836,49.848270416259766,1
1133.5,217.01219177246094,2.1379311084747314,28.682981491088867,211.30812072753906,98.95050048828125,14.108654022216797,37.01954650878906,45.66931915283203,1
670.0,177.11270141601562,0.9210526347160339,17.779699325561523,181.2706756591797,145.92706298828125,15.498106956481934,52.923072814941406,69.58521270751953,1
1429.5,224.32589721679688,0.9661017060279846,47.6862907409668,100.69491577148438,149.5245361328125,36.83892822265625,57.08941650390625,70.78562927246094,1
24843.0,636.4852905273438,1.2695035934448242,38.63587951660156,132.6670684814453,139.55279541015625,29.47907257080078,51.82379150390625,66.63814544677734,1
5383.0,317.480224609375,1.0481927394866943,17.048192977905273,179.62013244628906,94.84420776367188,7.231288909912109,66.8180160522461,38.461212158203125,1
5016.0,284.0,1.1492537260055542,69.87303924560547,216.28280639648438,163.85287475585938,37.29130172729492,47.734527587890625,55.591583251953125,1
208.5,71.89949798583984,0.37931033968925476,31.078369140625,226.3103485107422,127.0376205444336,5.2698469161987305,27.059106826782227,50.964908599853516,1
37562.0,1678.11181640625,1.201646089553833,18.2285213470459,162.23487854003906,177.165771484375,14.685935020446777,95.00709533691406,41.42972946166992,1
23379.5,1145.1929931640625,1.523809552192688,19.74588394165039,224.2379150390625,185.86793518066406,12.21458911895752,27.440593719482422,43.12613296508789,1
1116.0,223.5979766845703,0.8999999761581421,17.211111068725586,172.90089416503906,150.45199584960938,20.595001220703125,48.503173828125,67.63609313964844,1
7905.0,763.9066162109375,1.2047244310379028,40.2132682800293,129.9175567626953,172.82192993164062,33.96504592895508,70.39889526367188,61.19126510620117,1
261.5,69.21320343017578,1.5625,35.43000030517578,92.84750366210938,136.72000122070312,33.21678924560547,50.27056121826172,47.33821487426758,1
15649.5,1069.5462646484375,0.7860696315765381,37.95685958862305,164.3638458251953,173.3361358642578,42.43351745605469,41.252750396728516,58.196903228759766,1
33485.0,732.0,0.9784946441650391,20.609033584594727,74.47547912597656,76.95952606201172,26.478269577026367,83.51863098144531,92.66908264160156,1
51529.0,908.0,1.0,32.55201721191406,56.168861389160156,65.75749969482422,40.05705642700195,78.07424926757812,81.06900787353516,1
11434.0,1722.798095703125,1.4393939971923828,54.984649658203125,74.65107727050781,136.42544555664062,34.965118408203125,58.63803482055664,63.45827102661133,1
415944.0,12484.3076171875,0.75,86.00853729248047,131.48194885253906,160.76394653320312,43.93778610229492,53.006805419921875,58.05295181274414,1
5016.0,284.0,0.8701298832893372,69.90055847167969,216.17677307128906,163.7621612548828,37.27698516845703,47.57930374145508,55.632293701171875,1
4586011.0,59528.265625,0.9090620875358582,21.892362594604492,59.808475494384766,153.61831665039062,9.087700843811035,50.56111526489258,41.02840042114258,1
272.5,107.21320343017578,0.6388888955116272,33.39130401611328,187.4589385986328,126.21981048583984,30.174036026000977,52.22858810424805,64.31780242919922,1
206428.5,3075.4873046875,1.8934911489486694,16.29770851135254,13.524009704589844,91.14086151123047,17.8862247467041,25.77657699584961,80.38391876220703,1
36960.0,772.0,0.8388625383377075,39.57836151123047,163.5963592529297,167.3840789794922,37.494598388671875,108.08749389648438,47.35425567626953,1
31803.5,1038.1492919921875,0.831818163394928,47.37936019897461,160.83517456054688,175.5925750732422,12.812844276428223,42.923805236816406,40.208824157714844,1
7719.0,357.1127014160156,1.1022727489471436,46.79920196533203,209.72117614746094,170.36070251464844,29.317298889160156,50.81132507324219,48.89189147949219,1
10648.0,418.0,0.7295082211494446,46.36065673828125,82.96426391601562,63.03619384765625,55.09600830078125,96.89097595214844,91.2432861328125,1
186.0,110.97056579589844,0.1568627506494522,24.02941131591797,174.16421508789062,199.53921508789062,0.8454710245132446,30.33812713623047,12.48934555053711,1
24987.5,1247.0264892578125,1.0663264989852905,20.73188591003418,170.74710083007812,103.76911163330078,6.515611171722412,72.41173553466797,48.02568817138672,1
19045.0,1275.896484375,1.5068492889404297,36.49710464477539,172.5067596435547,182.55601501464844,20.50005531311035,49.25972366333008,44.65618896484375,1
35985.0,938.2396850585938,0.7935222387313843,39.387176513671875,182.94375610351562,126.67613220214844,33.62514114379883,66.05855560302734,69.09325408935547,1
4039.0,277.9411315917969,0.4554455578327179,39.74580383300781,112.58028411865234,118.31360626220703,40.28956985473633,67.03633117675781,60.99244689941406,1
10098.0,402.0,0.9708737730979919,67.17660522460938,43.39630889892578,153.57659912109375,51.45975875854492,53.32851028442383,52.408809661865234,1
35985.0,938.2396850585938,0.7935222387313843,39.387176513671875,182.94386291503906,126.67613220214844,33.62514114379883,66.05838775634766,69.09325408935547,1
18810.0,562.0,1.5495495796203613,48.63843536376953,224.1998291015625,186.9967041015625,37.2820930480957,58.44763946533203,72.91227722167969,1
2632.5,407.4385986328125,1.0,16.530134201049805,171.28533935546875,155.8106689453125,17.305131912231445,48.28962326049805,67.64958190917969,1
5313.0,297.5634765625,0.9569892287254333,37.397125244140625,112.25468444824219,116.12842559814453,47.139434814453125,66.75895690917969,79.39523315429688,1
623.5,115.698486328125,0.625,20.389999389648438,160.375,102.47100067138672,10.010889053344727,69.36382293701172,50.75788879394531,1
2626.0,414.30865478515625,1.8627450466156006,57.232818603515625,100.10670471191406,114.87677764892578,55.111392974853516,60.74418258666992,58.28343963623047,1
110.5,73.0710678100586,0.1818181872367859,28.3383846282959,161.13131713867188,149.48989868164062,23.363651275634766,63.73899459838867,67.0512924194336,1
19327.5,751.1442260742188,1.934426188468933,13.318595886230469,184.6261749267578,140.04656982421875,23.138824462890625,49.60350036621094,52.99156951904297,1
76160.5,1758.6875,1.922806978225708,31.023799896240234,148.86013793945312,122.7798080444336,16.989830017089844,53.37798309326172,62.321224212646484,1
22202.0,860.0386352539062,1.59333336353302,84.90675354003906,168.516845703125,140.15640258789062,72.53876495361328,66.89083099365234,71.1070327758789,1
2006.5,429.4385986328125,0.6805555820465088,23.44699478149414,153.99490356445312,140.2755126953125,10.493249893188477,47.60969543457031,49.458404541015625,1
225261.0,2076.0,2.3548386096954346,26.49785614013672,67.07380676269531,132.97129821777344,26.69379997253418,27.29205894470215,60.518436431884766,1
783.5,170.1837615966797,1.3333333730697632,50.1267204284668,123.81129455566406,114.57506561279297,39.173545837402344,69.6083984375,63.419189453125,1
26407.0,1070.877197265625,1.453900694847107,33.65680694580078,128.01971435546875,155.74761962890625,25.48185920715332,39.60026931762695,57.06203079223633,1
21816.0,3050.00830078125,1.286432147026062,36.105506896972656,129.41455078125,138.6363983154297,22.696273803710938,43.94584655761719,47.33274841308594,1
375.0,97.31370544433594,1.0384615659713745,40.05555725097656,144.77349853515625,165.3817596435547,12.984915733337402,44.526554107666016,69.81864929199219,1
6535.5,693.5706176757812,0.9379310607910156,21.53990936279297,143.79974365234375,151.95187377929688,15.899545669555664,56.39231872558594,61.73872375488281,1
139204.5,2631.668212890625,1.4349775314331055,49.99359130859375,104.72840881347656,139.83567810058594,41.57799530029297,60.64912414550781,68.92054748535156,1
1385.0,170.62741088867188,0.5178571343421936,30.52155113220215,147.8553009033203,89.6915054321289,25.3494930267334,50.076229095458984,41.577117919921875,1
2952.5,266.0660095214844,0.8783783912658691,18.56403350830078,167.13409423828125,104.30915069580078,5.6884236335754395,71.32433319091797,52.19456100463867,1
5268.0,679.9066162109375,1.1827956438064575,31.809091567993164,157.8923797607422,181.46168518066406,15.244184494018555,50.65547561645508,53.48163986206055,1
8277.0,364.0,1.0444444417953491,49.80649948120117,108.69290924072266,90.91371154785156,48.66863250732422,87.71961212158203,83.82953643798828,1
12295.0,720.1564331054688,0.8489583134651184,37.37880325317383,127.01546478271484,152.5316925048828,20.919288635253906,58.78398132324219,73.02815246582031,1
5869.0,508.30865478515625,0.8303571343421936,42.12797546386719,160.3421630859375,133.75210571289062,46.72740173339844,65.83486938476562,58.606876373291016,1
18277.5,540.7279052734375,1.0839694738388062,20.656757354736328,168.20428466796875,104.07445526123047,6.234812259674072,74.05074310302734,47.64707565307617,1
171975.5,2314.129150390625,0.4416761100292206,9.974422454833984,24.792184829711914,75.41900634765625,11.348158836364746,54.37812805175781,76.60062408447266,1
36240.5,1292.080322265625,1.1032863855361938,39.39766311645508,174.67611694335938,156.28530883789062,36.76451873779297,50.75834655761719,62.29855728149414,1
32978.0,746.62744140625,1.0971428155899048,49.1519660949707,161.7308349609375,178.48287963867188,18.953092575073242,42.5689811706543,38.7149772644043,1
467.5,97.89949798583984,2.117647171020508,50.33660125732422,127.74673461914062,179.6127471923828,33.35427474975586,56.27070236206055,45.33905029296875,1
9764.5,594.8599243164062,1.0362318754196167,26.389631271362305,156.81675720214844,130.06735229492188,28.999422073364258,57.14047622680664,60.8802604675293,1
11449.0,428.0,1.0,38.46510696411133,123.92643737792969,81.71424865722656,42.726200103759766,99.0639419555664,91.68453979492188,1
2115.0,184.0,1.04347825050354,36.76041793823242,181.528076171875,156.6349639892578,13.782179832458496,45.623023986816406,59.52088928222656,1
29583.0,684.2842407226562,1.0409356355667114,29.384782791137695,182.77442932128906,174.18411254882812,11.728672981262207,49.6979866027832,54.03530502319336,1
182092.5,4490.33447265625,1.3333333730697632,23.049896240234375,76.4928207397461,118.46244049072266,8.506660461425781,47.976409912109375,49.020206451416016,1
399618.0,7432.82470703125,1.4597222805023193,20.720415115356445,64.68816375732422,123.66531372070312,14.702229499816895,37.839935302734375,48.72418212890625,1
6320.0,318.0,1.0125000476837158,15.209877014160156,69.08148193359375,42.96296310424805,31.635589599609375,97.5569839477539,77.05736541748047,1
178220.0,1698.0,1.233595848083496,21.767086029052734,82.94276428222656,100.910888671875,25.949413299560547,68.93904876708984,87.41344451904297,1
9814.0,646.249755859375,0.9801324605941772,41.195499420166016,227.5008087158203,141.403076171875,27.33160400390625,38.066368103027344,61.28767776489258,1
18053.5,554.384765625,1.1085271835327148,47.513038635253906,121.11080169677734,156.21282958984375,35.742366790771484,52.67913818359375,56.07090759277344,1
1075.0,168.28427124023438,0.9210526347160339,18.45413589477539,174.93984985351562,144.70677185058594,16.975252151489258,56.75358581542969,69.62344360351562,1
44993.0,1419.6123046875,0.89552241563797,40.60881423950195,127.04570770263672,158.47222900390625,39.892112731933594,80.45391082763672,62.424224853515625,1
6786.5,318.2081604003906,0.8399999737739563,134.40643310546875,152.42381286621094,87.07369232177734,61.128257751464844,89.4075698852539,81.66165161132812,1
13376.5,997.34521484375,1.2086330652236938,41.71659851074219,160.4462127685547,133.8555145263672,46.221832275390625,66.17411041259766,58.498592376708984,1
4321.0,518.0244140625,2.9538462162017822,51.370113372802734,171.15457153320312,158.11618041992188,33.12900161743164,60.86983871459961,39.674007415771484,1
964.0,137.11270141601562,0.6086956262588501,47.95341491699219,126.54658508300781,95.62810516357422,38.80634689331055,65.42752838134766,50.3067512512207,1
32378.5,1721.9381103515625,1.3611111640930176,46.25407791137695,184.1181182861328,171.4451904296875,25.909160614013672,66.04283142089844,67.03848266601562,1
4988.0,293.5634765625,0.8854166865348816,35.11323547363281,90.43296813964844,128.08934020996094,41.865272521972656,58.78902816772461,77.98429870605469,1
49062.0,886.0,0.9955157041549683,17.677555084228516,81.05545043945312,82.7623291015625,21.54644012451172,86.4677505493164,91.60081481933594,1
74620.0,1094.0,1.1034482717514038,20.034908294677734,80.57979583740234,74.6004409790039,38.888519287109375,85.93133544921875,84.09970092773438,1
682.5,231.8406219482422,0.7647058963775635,46.79537582397461,134.17495727539062,154.3795928955078,30.81064796447754,65.48896789550781,60.84551239013672,1
573535.5,8735.4833984375,1.7777777910232544,22.08555793762207,59.46590805053711,121.18269348144531,8.284626007080078,39.536285400390625,46.06741714477539,1
16422.0,1183.837646484375,1.045454502105713,34.40340805053711,160.72674560546875,202.86444091796875,23.002716064453125,54.88102722167969,36.30154800415039,1
21059.0,662.7594604492188,1.1506024599075317,43.95243835449219,91.73623657226562,126.25251007080078,45.971553802490234,71.77156829833984,45.33347702026367,1
39924.5,1596.90869140625,0.8847583532333374,40.561073303222656,127.52947235107422,157.93368530273438,39.92334747314453,80.32098388671875,62.156227111816406,1
2140.0,302.56854248046875,0.9661017060279846,31.76746940612793,173.8959197998047,139.40440368652344,28.056419372558594,35.773338317871094,44.332393646240234,1
21614.0,607.72998046875,1.1575757265090942,45.2000617980957,84.20980834960938,122.30553436279297,44.217777252197266,65.904296875,43.89499282836914,1
11573.5,1057.913818359375,1.1597633361816406,18.205711364746094,159.78155517578125,200.43228149414062,22.769515991210938,51.41801452636719,67.00471496582031,1
83.0,39.3137092590332,1.1818181276321411,28.9510498046875,184.81817626953125,86.43356323242188,32.23066711425781,47.438682556152344,49.10934829711914,1
7024.5,335.4142150878906,1.0,37.4560546875,186.1912841796875,140.39598083496094,7.0839972496032715,41.3327522277832,52.34280776977539,1
2777.5,319.9827575683594,0.5595238208770752,53.49442672729492,188.20668029785156,156.2738037109375,33.57643127441406,52.93696212768555,49.87831115722656,1
307.5,75.55635070800781,1.529411792755127,27.518098831176758,101.52941131591797,117.03167724609375,25.216455459594727,50.68994903564453,50.58238983154297,1
2351.5,240.1837615966797,0.9811320900917053,28.292089462280273,175.13534545898438,147.500732421875,18.816545486450195,55.94447326660156,66.9845199584961,1
143543.5,1794.801025390625,0.9702233076095581,41.30141067504883,137.19007873535156,167.06651306152344,21.633586883544922,57.230918884277344,62.71402359008789,1
11449.0,428.0,1.0,30.888031005859375,87.701904296875,50.911094665527344,44.47315979003906,97.31239318847656,70.75790405273438,1
971.5,256.8111877441406,0.7962962985038757,42.23729705810547,148.94229125976562,132.83160400390625,52.184749603271484,54.34700393676758,53.56232833862305,1
10140.5,683.3796997070312,0.6277372241020203,34.30554962158203,105.4184341430664,132.71983337402344,16.996780395507812,63.1264762878418,65.25485229492188,1
966.0,136.76954650878906,1.6428571939468384,47.35481262207031,128.9891357421875,94.74689483642578,37.955116271972656,67.42720794677734,50.71343231201172,1
5016.0,284.0,1.1492537260055542,69.96588134765625,216.13006591796875,163.95697021484375,37.33976745605469,47.58832931518555,55.81679916381836,1
90871.0,2613.224609375,1.1888889074325562,23.670555114746094,72.2070541381836,115.66248321533203,12.578210830688477,48.11886215209961,53.904808044433594,1
7317.5,675.4041137695312,2.4886362552642822,51.29768753051758,74.97981262207031,138.87884521484375,41.59249496459961,42.40345001220703,58.620704650878906,1
132849.0,3254.88134765625,2.3548386096954346,22.710229873657227,75.90605926513672,155.46949768066406,12.60339069366455,23.332273483276367,54.80891036987305,1
4496.0,268.48529052734375,0.7922077775001526,90.54630279541016,78.79177856445312,184.88333129882812,41.43370056152344,49.10490798950195,62.84037780761719,1
5616.0,414.22540283203125,2.2931034564971924,47.967201232910156,178.20339965820312,149.8882598876953,31.79342269897461,47.54258346557617,60.05534744262695,1
7274.0,324.2497863769531,0.9399999976158142,128.78904724121094,111.76063537597656,106.19202423095703,66.93801879882812,76.27944946289062,83.63514709472656,1
1446984.5,5039.32763671875,0.9324804544448853,45.723716735839844,105.42485809326172,125.6874008178711,43.460594177246094,59.24509811401367,46.211483001708984,1
2653.0,406.65179443359375,0.5368421077728271,56.615684509277344,98.09370422363281,115.16078186035156,54.66867446899414,59.77022171020508,57.765525817871094,1
7963.5,425.6396179199219,1.0299999713897705,66.71038818359375,202.6695098876953,152.49610900878906,32.490760803222656,50.588836669921875,36.799922943115234,1
3851.0,263.0538330078125,1.4482758045196533,50.669952392578125,138.98953247070312,204.46449279785156,41.13296890258789,71.95875549316406,53.05809783935547,1
302829.5,2369.29638671875,1.3333333730697632,35.0667724609375,183.45858764648438,163.750732421875,11.316742897033691,57.197731018066406,66.65535736083984,1
11853.0,511.3381042480469,1.0322580337524414,60.609375,130.37525939941406,116.70469665527344,47.36565399169922,67.65878295898438,69.80240631103516,1
62930.5,1017.2131958007812,1.3611111640930176,46.25407791137695,184.1181182861328,171.4451904296875,25.909160614013672,66.04283142089844,67.03848266601562,1
17623.5,538.2426147460938,1.09375,38.948158264160156,140.73114013671875,145.37567138671875,24.744237899780273,62.12271499633789,79.2185287475586,1
4092.0,534.9949340820312,1.4307692050933838,24.848304748535156,167.16773986816406,58.559967041015625,36.447059631347656,91.82838439941406,55.885520935058594,1
15053.5,1373.913818359375,1.077419400215149,34.34201431274414,162.90882873535156,164.49375915527344,18.708791732788086,66.81192016601562,57.88058090209961,1
118374.0,1378.0,0.9035812616348267,33.17524337768555,99.23068237304688,113.18494415283203,38.83467483520508,92.45719909667969,103.67561340332031,1
241894.5,4933.40234375,1.1126408576965332,21.325185775756836,39.820762634277344,106.09516906738281,13.62497329711914,62.17758560180664,61.51693344116211,1
52624.0,922.0,1.215311050415039,63.47185516357422,66.96526336669922,120.58484649658203,59.141422271728516,55.850555419921875,104.30377197265625,1
2344.0,195.31370544433594,0.9803921580314636,53.36235427856445,186.67333984375,168.7113800048828,26.06464958190918,50.59697341918945,55.50979995727539,1
4810.0,278.0,1.1363636255264282,51.01050567626953,225.19837951660156,129.50363159179688,35.127197265625,43.960079193115234,42.602195739746094,1
600.5,198.52691650390625,0.15909090638160706,23.891233444213867,181.79220581054688,193.72808837890625,1.002199411392212,29.358797073364258,15.936050415039062,1
536.5,97.89949798583984,1.2173912525177002,53.53416061401367,115.45962524414062,94.55279541015625,48.39681625366211,60.86268997192383,41.31509017944336,1
14579.0,765.8477783203125,0.7543859481811523,26.202545166015625,139.90350341796875,171.02784729003906,12.9443941116333,61.57112121582031,73.86345672607422,1
86420.0,1176.0,0.9732441306114197,33.33234405517578,110.69490814208984,159.5145263671875,25.381303787231445,74.65989685058594,58.400367736816406,1
25315.0,1410.4305419921875,0.6863468885421753,34.465538024902344,151.31961059570312,136.31857299804688,38.08815002441406,39.44889450073242,57.924076080322266,1
88800.0,1192.0,0.9867109656333923,14.771188735961914,73.25396728515625,81.88018798828125,30.56688690185547,79.38617706298828,90.03125,1
44.5,33.89949417114258,0.75,10.425926208496094,190.2870330810547,202.3981475830078,2.5173609256744385,34.60332107543945,45.72136688232422,1
12103.5,966.3645629882812,1.0285714864730835,26.704540252685547,148.7583465576172,150.822509765625,26.515226364135742,55.74636459350586,55.519588470458984,1
100827.0,2703.876220703125,0.6902438998222351,33.59225082397461,128.0074920654297,155.74034118652344,25.33252716064453,39.574710845947266,57.04166030883789,1
33181.5,912.0660400390625,1.1193181276321411,24.273361206054688,130.54078674316406,164.19300842285156,21.03285026550293,48.04557418823242,53.13203430175781,1
12319.5,604.55126953125,1.8041237592697144,36.444419860839844,227.97378540039062,134.33596801757812,25.804258346557617,25.689659118652344,48.9383544921875,1
1239.5,281.78173828125,0.9583333134651184,27.572010040283203,166.80343627929688,175.86141967773438,19.970613479614258,48.11276626586914,53.115718841552734,1
2605.5,364.8111877441406,0.8571428656578064,53.775238037109375,175.2771453857422,223.0173797607422,29.862102508544922,44.267120361328125,17.659584045410156,1
300.0,125.79898834228516,1.0,96.42708587646484,116.00868225097656,184.86631774902344,78.23405456542969,55.938690185546875,32.1644172668457,1
2143.0,303.7401123046875,1.0535714626312256,30.718826293945312,174.2596893310547,139.54176330566406,26.44309425354004,35.854881286621094,44.66612243652344,1
207342.0,3736.798095703125,1.3793103694915771,66.23627471923828,197.3737335205078,172.9780731201172,31.637407302856445,42.582698822021484,54.56483459472656,1
21591.0,865.9310302734375,1.0909091234207153,60.25479507446289,131.27066040039062,113.62073516845703,47.17182922363281,67.94401550292969,69.22876739501953,1
30389.0,2412.13623046875,1.0801687240600586,39.034183502197266,161.21548461914062,166.59317016601562,37.45668411254883,42.957603454589844,61.75457000732422,1
38172.0,1608.2296142578125,1.452488660812378,26.84877586364746,165.4217529296875,152.45706176757812,51.711307525634766,40.1408576965332,64.35916900634766,1
585.0,172.08326721191406,0.8999999761581421,17.931943893432617,163.8958282470703,144.05416870117188,12.684398651123047,65.69436645507812,66.28376007080078,1
5049.0,300.0,1.923076868057251,24.052692413330078,136.0738525390625,162.75057983398438,13.918662071228027,53.04005813598633,70.2204360961914,1
1238.0,174.76954650878906,0.6071428656578064,53.4774169921875,228.34454345703125,124.70536041259766,27.382091522216797,26.83725929260254,36.85170364379883,1
2777.0,463.2792053222656,0.5051546096801758,26.608247756958008,123.82874298095703,180.47569274902344,7.573200702667236,55.351158142089844,68.92276763916016,1
3771.0,348.8528137207031,1.3731343746185303,38.4905891418457,236.1038360595703,159.23345947265625,21.390380859375,24.33746910095215,56.95473098754883,1
1066.5,161.49746704101562,1.6875,53.655094146728516,221.34779357910156,118.75289154052734,28.157033920288086,47.85136795043945,33.88627624511719,1
5394.5,815.4873657226562,0.5563380122184753,52.60973358154297,169.8120880126953,142.16348266601562,34.738433837890625,55.34856414794922,43.959510803222656,1
135.5,59.89949417114258,2.0,14.739669799804688,123.55371856689453,148.1570281982422,3.125871181488037,25.27728843688965,40.31415939331055,1
15114.0,634.274169921875,1.024999976158142,45.931175231933594,108.49077606201172,126.63025665283203,48.7368049621582,85.05945587158203,44.7534065246582,1
1578.0,271.9411315917969,1.4509804248809814,26.643613815307617,181.12374877929688,152.080810546875,13.156749725341797,46.18680191040039,60.34850311279297,1
8276.5,402.00714111328125,0.95652174949646,23.15699577331543,186.70513916015625,140.93707275390625,21.479663848876953,53.68716049194336,67.31688690185547,1
3019.5,316.35028076171875,0.84375,37.42116928100586,127.00424194335938,152.47659301757812,21.016122817993164,58.71735763549805,73.08456420898438,1
12750.0,803.72998046875,0.6565656661987305,50.386558532714844,157.99560546875,248.7740020751953,78.00921630859375,33.316158294677734,8.140711784362793,1
978.5,259.9827575683594,0.7962962985038757,44.24160385131836,148.92721557617188,132.91558837890625,53.54261016845703,55.00156021118164,53.24470901489258,1
7783.0,694.5340576171875,1.9340659379959106,37.404720306396484,225.41189575195312,129.53253173828125,26.293895721435547,30.997549057006836,46.3521728515625,1
2697.5,559.7472534179688,1.8387097120285034,70.56706237792969,164.94015502929688,150.2242431640625,38.735538482666016,68.9443588256836,54.26124572753906,1
1338.5,193.15432739257812,1.878787875175476,28.13783073425293,195.7922821044922,104.48631286621094,15.078146934509277,51.8572883605957,46.771541595458984,1
7055.5,728.0315551757812,0.4935064911842346,50.26435470581055,154.8218536376953,148.4571075439453,33.61800003051758,61.55387496948242,45.96389389038086,1
664.0,162.62741088867188,0.9111111164093018,11.901354789733887,162.00704956054688,187.00975036621094,15.543000221252441,50.65054702758789,40.42229461669922,1
3107.0,240.97056579589844,0.9333333373069763,26.38303565979004,154.53184509277344,173.8910675048828,16.097951889038086,43.78158187866211,53.40240478515625,1
280122.5,2504.62451171875,1.3333333730697632,41.3144645690918,137.1842041015625,167.05838012695312,21.666250228881836,57.22046661376953,62.7086067199707,1
2891.0,476.30865478515625,0.9746835231781006,47.06181335449219,139.65773010253906,213.13250732421875,63.920738220214844,38.94953918457031,43.05274200439453,1
1036.0,250.71067810058594,0.8181818127632141,49.69211959838867,137.0460662841797,141.07070922851562,55.80949401855469,55.511260986328125,60.47999572753906,1
25730.0,642.0,1.0705127716064453,10.213841438293457,64.42607116699219,69.71215057373047,11.820380210876465,85.8249740600586,68.92202758789062,1
3596.0,240.0,1.0677965879440308,27.090932846069336,184.61044311523438,158.51089477539062,13.34343147277832,33.480995178222656,65.76763916015625,1
93791.5,1970.52099609375,1.3890339136123657,55.48946762084961,98.57154846191406,154.36073303222656,45.93376922607422,51.16593551635742,69.45547485351562,1
553395.0,9291.0263671875,0.5625,23.4643497467041,66.29547882080078,116.52680206298828,15.454660415649414,36.44492721557617,52.95009231567383,1
304953.5,2357.6396484375,1.3333333730697632,38.908348083496094,140.74911499023438,145.37734985351562,24.654151916503906,62.116886138916016,79.21991729736328,1
16118.5,1002.658935546875,1.5694444179534912,20.942171096801758,62.566158294677734,121.90692901611328,13.839959144592285,42.66371536254883,51.39669418334961,1
283.5,128.52691650390625,0.4878048896789551,11.59024429321289,188.13658142089844,197.73902893066406,4.118122100830078,36.932281494140625,55.58430480957031,1
409979.0,17221.60546875,0.75,98.67266082763672,125.97290802001953,157.56927490234375,33.370216369628906,46.0787467956543,49.55537414550781,1
15829.0,1535.5777587890625,0.8849999904632568,39.600677490234375,158.01437377929688,167.18283081054688,16.10083770751953,50.29768753051758,58.13190460205078,1
22279.5,798.1736450195312,1.0718562602996826,16.648447036743164,159.88592529296875,126.19583129882812,16.054981231689453,69.84729766845703,40.769432067871094,1
11962.5,1196.222412109375,0.6714975833892822,30.812776565551758,181.71090698242188,180.15744018554688,26.712711334228516,41.72030258178711,49.396793365478516,1
6535.5,693.5706176757812,1.066176414489746,21.53990936279297,143.79974365234375,151.95187377929688,15.899545669555664,56.39231872558594,61.73872375488281,1
3596.0,240.0,0.9365079402923584,27.12833023071289,184.2461700439453,158.4401397705078,13.326166152954102,32.309722900390625,65.24624633789062,1
7055.0,730.6173095703125,2.026315689086914,50.35329818725586,154.2108612060547,148.49197387695312,33.684417724609375,62.12560272216797,45.93248748779297,1
524.0,132.62741088867188,0.7368420958518982,24.119359970092773,115.87217712402344,177.56202697753906,11.420608520507812,51.290000915527344,42.10687255859375,1
12054.0,442.0,1.2525252103805542,24.146953582763672,93.7889404296875,56.848567962646484,29.771467208862305,98.49490356445312,72.7353286743164,1
4024.5,276.52691650390625,0.4554455578327179,39.59384536743164,112.00021362304688,118.11795043945312,40.114688873291016,66.71539306640625,60.83097457885742,1
2239.0,198.97056579589844,0.8888888955116272,20.210262298583984,148.6763153076172,112.8753890991211,2.295527696609497,33.97677230834961,39.51129150390625,1
596.5,105.0710678100586,1.0740740299224854,30.203065872192383,172.83396911621094,138.28863525390625,26.95236587524414,29.723424911499023,41.50432205200195,1
4844.5,438.69342041015625,1.4871795177459717,20.215185165405273,145.10389709472656,158.52552795410156,29.41368865966797,58.155887603759766,42.692726135253906,1
24864.5,776.2913818359375,1.452380895614624,20.264392852783203,169.3444366455078,123.65547180175781,12.452784538269043,51.2505989074707,73.509521484375,1
62039.5,1734.912841796875,1.3680782318115234,40.20931625366211,171.67530822753906,152.57200622558594,60.14387130737305,51.03348922729492,64.90038299560547,1
1472.0,206.91168212890625,1.5526316165924072,50.08073043823242,111.67841339111328,125.79928588867188,45.15723419189453,60.25206756591797,61.881629943847656,1
11026.0,818.4751586914062,1.0610686540603638,20.715471267700195,171.06298828125,103.71931457519531,6.276015758514404,72.21017456054688,48.07479476928711,1
942.5,154.38478088378906,0.5625,50.05169677734375,209.4143524169922,127.78009033203125,23.11490821838379,34.469642639160156,40.32784652709961,1
19295.5,689.889404296875,1.0740740299224854,33.63030242919922,116.5703125,127.28661346435547,38.202518463134766,82.91545104980469,42.34576416015625,1
82494.5,1495.9970703125,0.7373737096786499,18.622501373291016,199.36123657226562,156.8729705810547,13.507808685302734,61.83161544799805,60.816219329833984,1
1158.5,144.1837615966797,0.6458333134651184,41.086021423339844,133.02890014648438,90.29301452636719,34.17171859741211,63.1096076965332,46.44746780395508,1
2723.0,485.88226318359375,0.36220473051071167,28.280553817749023,146.1424102783203,126.02122497558594,17.875951766967773,53.4053955078125,64.9235610961914,1
32681.0,2188.479248046875,1.3953487873077393,37.583675384521484,163.93634033203125,160.90298461914062,17.220802307128906,51.304100036621094,60.41639709472656,1
30593.0,2066.2294921875,0.8713235259056091,45.947242736816406,166.76971435546875,167.87612915039062,51.61601638793945,42.427589416503906,72.02910614013672,1
15156.0,832.19091796875,2.0808823108673096,33.1009407043457,75.74662017822266,183.74095153808594,11.280017852783203,24.204416275024414,55.64661407470703,1
15217.0,566.7350463867188,1.0503597259521484,71.96308898925781,115.4056396484375,122.36158752441406,55.43497085571289,43.559669494628906,60.43927764892578,1
588503.0,13468.5185546875,0.5625,19.34825897216797,80.08250427246094,123.3998794555664,7.520936965942383,29.514312744140625,45.60618209838867,1
19084.5,705.8305053710938,1.125,37.91055679321289,108.66007232666016,129.48489379882812,41.385990142822266,82.47003936767578,41.67770767211914,1
2653.5,410.8944396972656,0.5368421077728271,56.9979362487793,98.96284484863281,114.3686294555664,54.47319030761719,60.590824127197266,58.63616943359375,1
56100.0,958.0,1.3463414907455444,26.61079978942871,107.04098510742188,99.10948944091797,42.81625747680664,83.52335357666016,83.47225952148438,1
7298.0,342.0,1.0843373537063599,31.561847686767578,151.05796813964844,77.96452331542969,36.65210723876953,97.46491241455078,85.5666732788086,1
18810.0,562.0,0.645348846912384,48.63843536376953,224.2000274658203,186.9967041015625,37.2820930480957,58.44739532470703,72.91227722167969,1
228.0,82.48528289794922,3.5,16.29428482055664,175.66856384277344,131.0885772705078,15.492365837097168,44.298648834228516,35.364158630371094,1
74715.0,1549.813232421875,3.9024391174316406,22.01167106628418,56.458717346191406,144.92330932617188,9.135249137878418,33.532859802246094,37.56697463989258,1
18365.0,657.9898681640625,1.71074378490448,19.024593353271484,159.36683654785156,123.13386535644531,39.55286407470703,50.6024055480957,53.22106170654297,1
2789.5,439.095458984375,0.9759036302566528,60.52223587036133,168.7892303466797,145.25152587890625,36.84706497192383,62.96022415161133,58.009803771972656,1
321.0,104.97056579589844,0.9599999785423279,54.25833511352539,185.27000427246094,212.84832763671875,28.473114013671875,41.83252716064453,24.58363914489746,1
606.5,155.01219177246094,0.5,36.2327995300293,128.48399353027344,134.43040466308594,34.826969146728516,63.14521789550781,48.315467834472656,1
7866.0,568.5584106445312,1.561904788017273,42.47456359863281,169.1436767578125,153.7618408203125,61.131988525390625,51.11245346069336,64.43506622314453,1
39924.5,1596.90869140625,1.1302521228790283,40.561073303222656,127.5295181274414,157.93368530273438,39.92334747314453,80.32097625732422,62.156227111816406,1
9219.5,581.8305053710938,0.970802903175354,24.82223892211914,160.7521514892578,129.32896423339844,29.128780364990234,56.10361862182617,61.73271942138672,1
89996.0,1200.0,1.0133779048919678,38.67622375488281,93.65917205810547,161.94775390625,42.33955001831055,86.08647155761719,61.554656982421875,1
34740.0,746.0,0.9329897165298462,46.230934143066406,72.75126647949219,118.73492431640625,55.4913330078125,75.78520965576172,108.58364868164062,1
58464.0,968.0,0.9209486246109009,32.4475212097168,112.8790283203125,109.28514099121094,28.076705932617188,84.15972137451172,83.82052612304688,1
720.5,184.1837615966797,1.162162184715271,26.02577018737793,190.63104248046875,181.0955352783203,2.767997980117798,62.97350311279297,49.973567962646484,1
164704.5,2493.657958984375,1.4589743614196777,16.82683563232422,159.9810333251953,126.00933837890625,16.61294937133789,70.48406982421875,40.924781799316406,1
49862.0,894.0,0.9188033938407898,30.183223724365234,148.4685821533203,115.37064361572266,33.04447937011719,107.32176971435547,91.39494323730469,1
45084.0,850.0,1.082926869392395,36.28886032104492,119.40575408935547,165.271484375,27.05548095703125,79.94837951660156,39.98759841918945,1
74987.5,1821.643798828125,1.2123287916183472,30.75950050354004,176.6098175048828,166.28700256347656,39.89960861206055,88.68790435791016,62.86765670776367,1
1324762.5,5782.630859375,1.2176759243011475,56.154842376708984,98.02774047851562,158.22242736816406,49.55771255493164,60.150108337402344,35.24644088745117,1
3589.5,249.07106018066406,1.8444443941116333,16.121553421020508,173.14511108398438,93.1922378540039,13.73283863067627,68.88660430908203,44.05253219604492,1
365.5,112.38477325439453,0.9333333373069763,17.753570556640625,140.27023315429688,221.8249969482422,5.999403476715088,49.78649139404297,28.876115798950195,1
7522.0,728.4508056640625,0.3243243098258972,66.35567474365234,196.36676025390625,172.42819213867188,31.346296310424805,43.70033645629883,54.07431411743164,1
3610.5,272.95330810546875,0.729411780834198,31.694875717163086,159.80018615722656,156.8584442138672,35.75471878051758,88.3369369506836,57.43754196166992,1
7480.0,346.0,1.034883737564087,61.20237731933594,41.18696212768555,147.07447814941406,51.55169677734375,54.42793273925781,49.714447021484375,1
14208.5,944.1736450195312,1.1944444179534912,23.4954776763916,72.78096771240234,115.76752471923828,13.854933738708496,49.133750915527344,53.297691345214844,1
6241.0,316.0,1.0,30.825780868530273,153.7470245361328,74.59750366210938,40.472354888916016,95.81307220458984,87.12858581542969,1
68580.0,1048.0,1.0627450942993164,20.465450286865234,133.380859375,114.68533325195312,19.165027618408203,97.30079650878906,92.65349578857422,1
166.0,81.31370544433594,1.0,23.260000228881836,156.93499755859375,164.6699981689453,16.983592987060547,48.64494705200195,54.21933364868164,1
7240.0,391.1127014160156,2.5090909004211426,29.44637680053711,110.36587524414062,141.36138916015625,22.528026580810547,58.870025634765625,71.38359832763672,1
1510.5,151.15432739257812,0.9347826242446899,23.31648063659668,114.50505828857422,112.25480651855469,20.378271102905273,53.05281066894531,51.285308837890625,1
1871.0,191.7989959716797,1.0,46.51937484741211,162.07041931152344,127.00519561767578,57.7213249206543,62.63130187988281,65.206787109375,1
15649.5,1069.5462646484375,1.2721519470214844,37.95685958862305,164.3636932373047,173.3361358642578,42.43351745605469,41.252620697021484,58.196903228759766,1
5383.0,317.480224609375,1.0481927394866943,17.048192977905273,179.62013244628906,94.84420776367188,7.231288909912109,66.8180160522461,38.461212158203125,1
225.0,75.31370544433594,0.48148149251937866,24.903133392333984,188.73219299316406,135.24217224121094,23.65665626525879,34.90536117553711,62.86426544189453,1
296108.5,5189.72509765625,0.7924050688743591,24.93501853942871,51.2943115234375,138.91493225097656,12.282353401184082,68.21240997314453,34.83961868286133,1
24526.5,889.889404296875,1.0390243530273438,32.72479248046875,158.93910217285156,172.80471801757812,60.411617279052734,60.725772857666016,71.21466827392578,1
17597.5,669.261962890625,1.294964075088501,42.67677688598633,193.0697021484375,144.93345642089844,25.427997589111328,47.62782669067383,45.52810287475586,1
2625.5,411.7228698730469,0.5368421077728271,57.216304779052734,100.0245590209961,114.87223815917969,55.10109329223633,60.88667297363281,58.30582046508789,1
5208.5,287.8995056152344,0.9342105388641357,79.42698669433594,81.0492935180664,161.98609924316406,45.38422775268555,58.760746002197266,60.543270111083984,1
4883.5,596.6101684570312,3.3777778148651123,23.242544174194336,141.98873901367188,93.67251586914062,32.09235382080078,75.22193908691406,38.52021026611328,1
3975.0,539.1959838867188,1.2658227682113647,37.958988189697266,164.3560791015625,173.33316040039062,42.43668746948242,41.27435302734375,58.21563720703125,1
5456.0,553.1370849609375,1.0947368144989014,37.706172943115234,181.9132537841797,153.0106201171875,19.419240951538086,42.2992057800293,55.01734161376953,1
1508.5,236.1837615966797,0.577464759349823,33.93851089477539,179.2421875,149.95396423339844,50.33171844482422,38.55685043334961,61.22399139404297,1
2279.0,226.97056579589844,3.142857074737549,23.839284896850586,149.3944854736328,133.00892639160156,12.932146072387695,55.446537017822266,53.49998474121094,1
4590.0,278.0,1.5636364221572876,50.82050704956055,225.96363830566406,187.03297424316406,37.15510177612305,51.985774993896484,72.47074890136719,1
44972.0,1205.6123046875,1.4769231081008911,10.520459175109863,195.70774841308594,132.14768981933594,24.573631286621094,42.13679122924805,49.299015045166016,1
967.0,136.76954650878906,0.6086956262588501,47.380435943603516,129.0970458984375,94.7150650024414,37.943111419677734,67.45440673828125,50.682350158691406,1
124458.5,2863.550537109375,1.8794788122177124,33.08563232421875,137.3599395751953,166.43467712402344,33.19807815551758,38.891971588134766,59.73368453979492,1
97542.5,3142.628662109375,1.3333333730697632,33.75413131713867,186.3183135986328,139.14434814453125,29.946809768676758,48.16742706298828,65.86187744140625,1
7104.0,320.5929260253906,0.9100000262260437,131.95242309570312,125.7828598022461,101.75450897216797,63.97579574584961,82.79624938964844,82.91142272949219,1
992.5,193.01219177246094,1.8157894611358643,16.059877395629883,224.1643829345703,224.751708984375,2.7929844856262207,38.70713806152344,42.538848876953125,1
4246.0,515.7645263671875,1.2278480529785156,31.65196418762207,161.41732788085938,198.9878692626953,13.39561939239502,53.905921936035156,35.427825927734375,1
50596.5,1070.6934814453125,1.2067511081695557,19.738279342651367,113.38924407958984,149.06263732910156,23.546842575073242,71.44345092773438,52.53098678588867,1
17623.5,538.2426147460938,1.09375,38.948158264160156,140.73097229003906,145.37567138671875,24.744237899780273,62.12286376953125,79.2185287475586,1
760.0,133.2548370361328,0.8139534592628479,21.74020004272461,185.27574157714844,124.69435119628906,22.26373863220215,55.38896942138672,66.26175689697266,1
3596.0,240.0,0.9365079402923584,26.988969802856445,182.61070251464844,158.9015350341797,13.20255184173584,25.420063018798828,63.685272216796875,1
172301.0,2141.979736328125,1.7777777910232544,21.47533416748047,68.6092529296875,129.20323181152344,8.215034484863281,38.4306640625,53.648887634277344,1
41448.5,1273.6295166015625,1.5873786211013794,36.649505615234375,242.93240356445312,138.8504638671875,25.022140502929688,20.3000545501709,72.56907653808594,1
3179.0,263.1127014160156,1.1818181276321411,30.667692184448242,138.2942657470703,186.09957885742188,25.976003646850586,52.61619567871094,69.45242309570312,1
1168.5,183.78173828125,1.0,25.691631317138672,130.9545440673828,118.48502349853516,19.33342933654785,62.4666862487793,56.34938049316406,1
153987.5,3302.153564453125,1.6901408433914185,18.00240135192871,13.714691162109375,95.3350830078125,14.464957237243652,27.8907527923584,61.151084899902344,1
11858.0,940.9259643554688,1.515625,28.99867057800293,159.00717163085938,133.85325622558594,32.16426086425781,41.02535629272461,58.99982833862305,1
2596.5,205.07106018066406,1.355555534362793,48.73588180541992,130.31985473632812,142.62550354003906,52.849945068359375,55.38505935668945,59.66310119628906,1
5134.0,295.5634765625,0.9569892287254333,36.08251953125,109.07852935791016,116.38745880126953,44.87800216674805,66.88664245605469,81.67320251464844,1
108177.0,1316.0,0.9526627063751221,22.067514419555664,126.82145690917969,93.18601989746094,29.31617546081543,121.20932006835938,101.43372344970703,1
423659.0,5646.64599609375,0.75,17.04380226135254,19.705123901367188,109.23619079589844,19.09344482421875,41.033382415771484,73.15998077392578,1
4593.5,494.4091491699219,1.0111111402511597,37.53137969970703,158.5186767578125,123.19999694824219,49.90884780883789,57.18040466308594,56.651756286621094,1
19896.0,651.8477783203125,1.2587412595748901,14.469075202941895,169.60679626464844,116.18578338623047,4.220552921295166,66.8291015625,33.268157958984375,1
651.5,151.15432739257812,0.8444444537162781,52.622806549072266,163.0625762939453,148.93626403808594,34.46493148803711,47.13695526123047,62.51789093017578,1
1806.0,170.0,0.9772727489471436,41.08139419555664,175.46670532226562,93.35570526123047,41.58147048950195,82.41311645507812,91.9315185546875,1
1233031.5,13089.76171875,1.7777777910232544,23.276281356811523,76.2215347290039,118.53673553466797,9.869633674621582,48.12415313720703,49.087669372558594,1
499.5,213.35533142089844,0.46666666865348816,29.897354125976562,143.21481323242188,131.40106201171875,10.786383628845215,46.417240142822266,51.68984603881836,1
186.0,74.14213562011719,1.0499999523162842,59.4523811340332,140.43333435058594,185.65475463867188,68.45481872558594,50.14728546142578,62.95756149291992,1
34404.0,742.0,0.9735449552536011,25.244421005249023,115.71009063720703,155.93075561523438,21.680496215820312,81.61534881591797,47.531715393066406,1
7245.5,324.00714111328125,0.9300000071525574,132.38816833496094,121.92279815673828,103.18053436279297,63.72328186035156,81.0488052368164,83.01048278808594,1
329.5,128.72792053222656,0.2857142984867096,35.9271125793457,131.41107177734375,130.45626831054688,22.6557559967041,54.63283157348633,72.18582153320312,1
442.5,176.52691650390625,0.5087719559669495,31.379310607910156,169.33938598632812,157.13430786132812,14.34083366394043,52.84798049926758,58.16484832763672,1
13212.5,662.4335327148438,0.9230769276618958,16.40705108642578,227.25302124023438,177.43972778320312,2.7835776805877686,28.969465255737305,30.377330780029297,1
4149.5,473.32086181640625,0.875,24.353546142578125,194.44395446777344,188.34152221679688,25.517547607421875,77.00003814697266,46.58430862426758,1
4950.0,282.0,1.1343283653259277,37.0045166015625,194.61862182617188,142.36056518554688,8.078207969665527,38.44612121582031,52.51747131347656,1
444.0,200.28427124023438,2.275861978530884,29.389759063720703,157.7936248779297,158.01724243164062,14.28657341003418,50.06637954711914,59.69589614868164,1
3466.0,504.65179443359375,1.2000000476837158,40.008766174316406,129.32041931152344,173.28143310546875,33.66156005859375,69.89840698242188,60.97547149658203,1
24024.0,670.0,2.209523916244507,49.80919647216797,145.51901245117188,81.87516784667969,46.17383575439453,109.67386627197266,83.77811431884766,1
2159.0,414.1665344238281,1.1692308187484741,46.66842269897461,108.34534454345703,136.1354217529297,42.74681854248047,58.72750473022461,67.8359375,1
6314.0,318.0,0.9397590160369873,23.239110946655273,104.68443298339844,71.18396759033203,35.08477783203125,98.91824340820312,77.12406921386719,1
1625.0,214.71067810058594,2.558823585510254,20.332656860351562,227.33265686035156,202.21771240234375,1.6910320520401,26.456520080566406,35.556884765625,1
9492.0,561.4213256835938,0.9140625,60.20332717895508,131.2949981689453,113.44317626953125,47.12744903564453,67.99677276611328,69.21752166748047,1
890.0,116.97056579589844,0.939393937587738,27.246334075927734,156.44476318359375,176.31378173828125,19.024137496948242,56.64931106567383,53.91304397583008,1
10420.5,508.2081604003906,1.134920597076416,35.10572814941406,162.1090545654297,150.99261474609375,30.895675659179688,71.48516845703125,75.74528503417969,1
1640.0,236.76954650878906,0.9333333373069763,17.03631019592285,148.3970184326172,212.12261962890625,6.0602521896362305,47.80318069458008,36.48002243041992,1
123192.0,2058.85693359375,1.6788990497589111,42.843223571777344,204.87001037597656,144.3119354248047,25.40184783935547,40.08015441894531,44.2245979309082,1
296662.0,3600.077392578125,1.261497974395752,72.57352447509766,82.31602478027344,96.9879379272461,52.631507873535156,68.24129486083984,79.74726867675781,1
11026.0,818.4751586914062,1.0610686540603638,20.715471267700195,171.06326293945312,103.71931457519531,6.276015758514404,72.20955657958984,48.07479476928711,1
59107.0,982.8284301757812,0.8118081092834473,55.55449676513672,229.62062072753906,183.28802490234375,32.953514099121094,35.13912582397461,47.64517593383789,1
7691.5,559.7228393554688,1.0299999713897705,63.615535736083984,197.74465942382812,153.91018676757812,33.0534553527832,52.69755554199219,45.36817932128906,1
982.0,286.8528137207031,0.49367088079452515,29.019798278808594,137.95001220703125,135.5563201904297,12.165255546569824,55.444496154785156,56.43744659423828,1
193673.5,3006.99609375,1.5384615659713745,30.76556396484375,176.6385040283203,166.29017639160156,39.893775939941406,88.69401550292969,62.875511169433594,1
11128.0,422.0,1.0285714864730835,49.7105827331543,89.64083099365234,84.11701965332031,50.174957275390625,91.09712219238281,90.64778900146484,1
677.0,233.2548370361328,0.7647058963775635,47.42433547973633,133.9195556640625,154.50729370117188,30.974891662597656,66.07363891601562,60.561805725097656,1
306.0,122.97056579589844,1.4800000190734863,12.029189109802246,160.7373046875,200.9654083251953,6.325769901275635,47.8707160949707,44.39397048950195,1
2393.0,468.5096740722656,0.4615384638309479,30.138147354125977,144.33123779296875,132.21951293945312,12.403990745544434,52.05281066894531,54.95884323120117,1
1013.0,216.91168212890625,0.5303030014038086,62.15887451171875,85.20216369628906,171.94544982910156,50.444786071777344,50.63751220703125,60.655372619628906,1
515.0,168.91168212890625,1.3225806951522827,18.828481674194336,166.78993225097656,168.97482299804688,14.996999740600586,53.2489128112793,61.45830154418945,1
1418.5,387.92388916015625,1.2539682388305664,40.5244140625,175.55113220214844,163.56419372558594,54.449466705322266,42.444297790527344,59.441810607910156,1
190.5,60.24264144897461,1.2000000476837158,24.94074058532715,110.46295928955078,120.70370483398438,9.81590747833252,39.1428108215332,44.28034973144531,1
662.0,186.42640686035156,1.6129032373428345,19.96193504333496,160.35806274414062,141.44837951660156,7.735413074493408,49.94584274291992,56.64113998413086,1
117809.0,3206.625732421875,1.39130437374115,73.02498626708984,135.3273162841797,129.23095703125,39.5355224609375,52.87648010253906,55.499027252197266,1
7054.5,729.203125,0.4935064911842346,50.36654281616211,154.1444854736328,148.4435272216797,33.64008712768555,62.01730728149414,45.85098648071289,1
4783.0,415.9066467285156,1.288888931274414,55.81561279296875,99.08525085449219,152.80172729492188,46.45426559448242,51.230167388916016,69.35342407226562,1
23632.0,1059.019287109375,2.880000114440918,72.87378692626953,217.0670166015625,164.9564971923828,31.298187255859375,51.57386779785156,41.71604537963867,1
443.0,90.82843017578125,0.875,55.54960250854492,169.47024536132812,181.72222900390625,32.66984939575195,66.70691680908203,61.200767517089844,1
2629.0,413.1370849609375,0.5368421077728271,57.6474723815918,100.66336059570312,114.97027587890625,54.54097366333008,61.099853515625,58.65254211425781,1
214.0,76.6274185180664,1.1428571939468384,22.66666603088379,181.12698364257812,166.83531188964844,22.935728073120117,53.646549224853516,65.30665588378906,1
2420.5,390.5513000488281,0.5604395866394043,53.76535415649414,98.69963073730469,111.89807891845703,53.773277282714844,62.2324333190918,58.057621002197266,1
4033.5,270.87005615234375,0.49473685026168823,33.6367301940918,178.569091796875,140.71824645996094,29.736207962036133,54.14524459838867,66.76488494873047,1
70457.0,1131.5390625,1.077519416809082,38.91520309448242,160.59544372558594,166.93313598632812,37.504119873046875,44.04335403442383,61.87705612182617,1
17444.0,563.4457397460938,1.0764330625534058,45.58617401123047,82.96276092529297,127.04827880859375,45.150508880615234,70.77488708496094,42.03018569946289,1
42639.0,832.0,1.27173912525177,32.37990188598633,108.21543884277344,153.66796875,27.940303802490234,86.67346954345703,53.98557662963867,1
1931.5,256.18377685546875,0.78125,103.67655944824219,150.42999267578125,194.15187072753906,85.37995147705078,39.91790008544922,32.21249771118164,1
786.0,203.7401123046875,2.6666667461395264,24.130659103393555,130.22479248046875,191.81430053710938,4.895240783691406,51.56758117675781,31.462711334228516,1
1896.0,183.7989959716797,0.8979591727256775,54.89239501953125,168.15956115722656,186.59925842285156,34.44472885131836,72.1698226928711,61.4331169128418,1
14291.5,1257.477294921875,1.1578947305679321,27.308021545410156,164.1514892578125,161.88540649414062,19.639352798461914,51.31401062011719,66.47795104980469,1
49.0,36.48528289794922,1.2000000476837158,20.058332443237305,182.49166870117188,166.61666870117188,15.717451095581055,52.19147491455078,64.1020278930664,1
1806.0,170.0,1.0232558250427246,21.190275192260742,194.21670532226562,150.69662475585938,16.40897560119629,44.51502227783203,61.25822830200195,1
160400.0,1602.0,0.9975124597549438,33.74027633666992,138.14720153808594,121.80287170410156,22.051061630249023,76.49517059326172,73.05889129638672,1
6560.0,324.0,0.9759036302566528,35.0264778137207,36.6317138671875,137.01516723632812,48.49179458618164,62.93253707885742,41.08625411987305,1
964.0,136.76954650878906,0.6086956262588501,48.22903823852539,131.6948699951172,94.9767074584961,39.09477996826172,67.10408020019531,51.19697189331055,1
35816.5,2640.746337890625,1.081712007522583,39.06662368774414,161.2203369140625,166.5904541015625,37.49821853637695,42.97232437133789,61.75251007080078,1
150126.5,2710.52099609375,1.5384615659713745,42.15911102294922,101.99790954589844,144.86923217773438,42.88291549682617,72.5430908203125,65.6782455444336,1
2302.0,305.88226318359375,0.5428571701049805,19.347702026367188,142.2862091064453,107.89239501953125,13.61976432800293,68.29953002929688,52.96516418457031,1
59455.0,976.0,0.9291338324546814,23.260026931762695,77.7225570678711,85.51171112060547,27.80852699279785,88.11946868896484,92.51822662353516,1
39968.0,1579.979736328125,0.8847583532333374,40.3863525390625,126.97321319580078,158.3895263671875,39.727474212646484,80.0558090209961,62.071449279785156,1
888762.5,4877.96484375,1.0655893087387085,54.61109161376953,116.42156982421875,105.52619934082031,47.98893356323242,72.68834686279297,45.94092559814453,1
1467.0,219.5979766845703,1.116279125213623,58.01792526245117,187.49273681640625,191.1967010498047,34.05497741699219,51.68324661254883,17.63346290588379,1
74250.0,1090.0,0.9818840622901917,20.7850284576416,94.82215881347656,79.44145202636719,27.399051666259766,94.80533599853516,84.48323059082031,1
2200.5,266.18377685546875,2.65625,36.547428131103516,78.13419342041016,164.9477996826172,44.12942123413086,49.88132095336914,51.878238677978516,1
18407.0,1441.34228515625,0.9103139042854309,27.57173728942871,140.11172485351562,154.4149169921875,38.09196853637695,54.44993209838867,64.62802124023438,1
589920.5,10914.5966796875,0.75,78.68881225585938,130.4288330078125,124.46644592285156,49.41366958618164,73.96472930908203,73.24342346191406,1
19800.0,564.0,1.135338306427002,51.01169967651367,225.206787109375,129.4988250732422,35.126747131347656,43.92469787597656,42.58881378173828,1
10035.5,615.0365600585938,1.3275861740112305,9.40713119506836,197.35826110839844,175.9323272705078,19.471765518188477,28.81222915649414,55.78136444091797,1
2949.0,265.8233642578125,1.1384615898132324,18.087318420410156,167.7415771484375,103.88690185546875,3.66829776763916,71.84049224853516,52.728431701660156,1
4814.0,282.0,1.4237288236618042,38.727806091308594,166.4055633544922,139.8331298828125,7.728935241699219,41.214439392089844,40.90639877319336,1
252623.5,4229.16259765625,1.3333333730697632,72.84783935546875,217.7138214111328,165.14468383789062,31.40089225769043,51.06364822387695,41.65497970581055,1
1436965.5,6257.79248046875,1.0817843675613403,56.72571563720703,113.31317138671875,103.44146728515625,49.231571197509766,73.31446838378906,44.850887298583984,1
1223.5,312.18377685546875,0.364705890417099,27.831499099731445,146.52220153808594,126.23680877685547,17.23509979248047,55.459930419921875,64.79180908203125,1
482.0,102.28427124023438,1.115384578704834,58.12466812133789,107.2745361328125,108.15650177001953,49.24924850463867,60.19588088989258,46.90310287475586,1
268.0,98.28427124023438,1.1111111640930176,48.122222900390625,152.9308624267578,208.4394989013672,29.112911224365234,34.866554260253906,46.44587326049805,1
389.0,117.31370544433594,1.185185194015503,44.11111068725586,104.1678237915039,137.0543975830078,37.0054931640625,63.85853576660156,68.7103271484375,1
3788.0,334.1665344238281,0.5377358198165894,29.536245346069336,155.18304443359375,117.05329132080078,23.432411193847656,61.81448745727539,61.545780181884766,1
2102.5,387.8406066894531,0.2970297038555145,25.43399429321289,142.3663330078125,93.2719497680664,36.14863967895508,73.99854278564453,38.36311721801758,1
92720.0,1218.0,0.9967319965362549,17.99909019470215,87.0904769897461,85.69172668457031,24.97370719909668,105.04206085205078,98.1382064819336,1
8924.0,821.2203369140625,0.3385416567325592,69.0766830444336,197.17532348632812,158.66795349121094,32.95199966430664,64.73834228515625,44.044307708740234,1
284.5,73.21320343017578,1.263157844543457,36.33771896362305,98.15351104736328,134.3991241455078,44.13972854614258,58.79658126831055,44.8201904296875,1
3851.0,263.0538330078125,0.6904761791229248,51.575740814208984,138.96099853515625,204.17282104492188,41.953285217285156,72.3401107788086,52.817108154296875,1
15829.0,1535.5777587890625,1.1299434900283813,39.600677490234375,158.0143280029297,167.18283081054688,16.10083770751953,50.29772186279297,58.13190460205078,1
1862.0,185.31370544433594,0.8958333134651184,54.187015533447266,179.06541442871094,186.01744079589844,33.90376281738281,67.54216003417969,62.156097412109375,1
1500033.0,12241.97265625,1.1854724884033203,49.210628509521484,137.44325256347656,126.199951171875,44.578269958496094,78.65123748779297,49.44710159301758,1
1278.0,169.05381774902344,0.8510638475418091,27.059574127197266,125.61436462402344,119.05638122558594,23.246566772460938,63.416107177734375,56.6888313293457,1
628.0,115.94112396240234,1.5384615659713745,20.051923751831055,160.38365173339844,107.15576934814453,4.571146488189697,68.63682556152344,54.02080154418945,1
14406.0,578.8182983398438,0.7437499761581421,32.096900939941406,101.10877227783203,112.01722717285156,40.235801696777344,69.6746826171875,41.88383483886719,1
63464.0,1104.3675537109375,1.0,14.729949951171875,105.02757263183594,121.09095764160156,16.455373764038086,56.0658073425293,42.60897445678711,1
3176.5,337.2964782714844,1.8867924213409424,53.68830108642578,160.7248992919922,153.3735809326172,34.37893295288086,67.08995056152344,52.84612274169922,1
28214.0,1298.357421875,0.9944751262664795,41.62657928466797,170.40951538085938,150.24607849121094,16.488832473754883,41.490474700927734,48.0933952331543,1
541323.5,9261.5771484375,0.563182532787323,23.119489669799805,65.67066192626953,116.53718566894531,14.457636833190918,36.18143081665039,52.817413330078125,1
1095.0,223.5979766845703,1.1363636255264282,16.669546127319336,173.8695526123047,149.1463623046875,17.415258407592773,48.66466522216797,67.50514221191406,1
26705.0,747.3380737304688,0.9606741666793823,29.384782791137695,182.77452087402344,174.18411254882812,11.728672981262207,49.69807052612305,54.03530502319336,1
46221.0,860.0,0.9816513657569885,51.00019454956055,80.23855590820312,115.70933532714844,50.80224609375,74.15921783447266,99.12380981445312,1
1350.5,257.4974670410156,1.8823529481887817,18.688879013061523,213.7136993408203,138.7219696044922,12.734101295471191,41.04283142089844,60.696624755859375,1
6972.0,334.0,0.9882352948188782,66.8068618774414,95.8743667602539,104.89159393310547,55.09605026245117,94.13170623779297,109.07208251953125,1
6418.0,458.99493408203125,1.7638888359069824,32.850830078125,221.4667510986328,145.7069091796875,23.742536544799805,36.599082946777344,52.4182243347168,1
2074.5,356.26702880859375,1.0,56.48473358154297,99.4691162109375,145.0139617919922,46.785884857177734,60.456520080566406,57.81450653076172,1
64624.5,1140.43359375,0.9702602028846741,41.308292388916016,137.18264770507812,167.0554962158203,21.65382194519043,57.221065521240234,62.70721435546875,1
22244.5,805.8305053710938,1.0718562602996826,16.726524353027344,160.5678253173828,125.71040344238281,16.330554962158203,70.12360382080078,40.78881072998047,1
52360.0,916.0,0.9246861934661865,31.944414138793945,125.50091552734375,154.8294677734375,27.80414390563965,95.32145690917969,63.36613845825195,1
1475.0,207.7401123046875,0.6440678238868713,48.966548919677734,113.15432739257812,125.9058837890625,44.389305114746094,59.25001907348633,61.91419982910156,1
91168.0,1208.0,1.0404040813446045,14.347455024719238,73.78839111328125,96.49053955078125,22.79438591003418,99.41426086425781,102.66572570800781,1
1193268.5,7399.60595703125,1.0569230318069458,65.80614471435547,100.54447937011719,132.73793029785156,54.02375411987305,76.40994262695312,37.02952575683594,1
7293.0,327.9066467285156,0.9700000286102295,127.08917236328125,93.67164611816406,115.48381805419922,67.55262756347656,68.63380432128906,84.961181640625,1
7058.5,729.203125,2.026315689086914,50.045711517333984,155.2481231689453,148.7447052001953,33.6822624206543,62.104618072509766,45.79005813598633,1
1102.5,246.81118774414062,1.0,62.63199996948242,109.80760192871094,143.85960388183594,40.524658203125,57.090274810791016,61.040897369384766,1
7395.0,344.0,1.0232558250427246,30.919925689697266,117.33430480957031,46.88266372680664,41.55914306640625,111.79727935791016,76.96162414550781,1
3127.0,236.1421356201172,0.9333333373069763,26.58333396911621,154.19970703125,173.75535583496094,16.189876556396484,42.78341293334961,53.10512161254883,1
7695.5,558.55126953125,1.0299999713897705,63.641845703125,196.5697021484375,154.25592041015625,33.02043914794922,52.349422454833984,44.5859375,1
724.0,176.62741088867188,1.923076868057251,21.516923904418945,134.27845764160156,161.75076293945312,15.262236595153809,45.34426498413086,65.50324249267578,1
1119.0,252.36752319335938,0.9433962106704712,68.22905731201172,148.03018188476562,153.89358520507812,72.32735443115234,47.843021392822266,56.5897331237793,1
977.5,135.698486328125,0.6744186282157898,60.621490478515625,107.9534912109375,101.67682647705078,52.537269592285156,61.28720474243164,54.42722702026367,1
12779.0,672.8427124023438,1.629921317100525,30.769256591796875,148.04359436035156,122.99977111816406,16.77235984802246,52.53034973144531,62.441078186035156,1
1015.5,254.12489318847656,1.2222222089767456,50.667476654052734,138.86949157714844,141.52081298828125,56.59092712402344,56.13994216918945,60.4057502746582,1
70872.5,1785.594970703125,1.2043795585632324,47.37858963012695,160.83175659179688,175.5943145751953,12.814011573791504,42.92387390136719,40.220645904541016,1
1168.5,185.78173828125,1.0,25.342975616455078,131.31405639648438,118.77582550048828,20.639019012451172,62.82477951049805,56.718814849853516,1
1245.5,237.8406219482422,0.523809552192688,31.81673812866211,162.3501739501953,125.04376983642578,9.573270797729492,51.56068801879883,62.640445709228516,1
6278.5,526.9188232421875,0.8655462265014648,35.44961929321289,208.90707397460938,154.3189239501953,28.788555145263672,42.43324279785156,45.61445236206055,1
18053.5,554.384765625,0.9020978808403015,47.513038635253906,121.11048126220703,156.21282958984375,35.742366790771484,52.67888641357422,56.07090759277344,1
896.0,214.56854248046875,1.25,20.336999893188477,182.53399658203125,166.18350219726562,14.673630714416504,52.260597229003906,62.97458267211914,1
45171.0,2172.656005859375,1.0,14.155426025390625,107.68466186523438,122.07365417480469,13.880216598510742,54.76323318481445,42.7899284362793,1
152742.0,1891.3280029296875,1.13192617893219,48.196556091308594,137.99520874023438,150.32342529296875,35.11810302734375,71.19773864746094,62.99357986450195,1
5614.5,414.4680480957031,2.2931034564971924,47.94244384765625,178.57984924316406,149.97860717773438,31.77864646911621,47.11977005004883,59.99034118652344,1
32504.0,754.4263916015625,1.1597633361816406,27.913145065307617,167.78884887695312,162.6362762451172,19.42576026916504,45.619625091552734,67.0167007446289,1
5877.0,394.7939453125,0.49253731966018677,61.534034729003906,153.76853942871094,125.38670349121094,55.254051208496094,75.02462005615234,63.56061935424805,1
7173.0,322.5929260253906,0.9200000166893005,131.81988525390625,125.16456604003906,102.38152313232422,63.98451232910156,82.67048645019531,82.96184539794922,1
5016.0,284.0,1.1492537260055542,69.5347900390625,219.53363037109375,164.7245635986328,37.47889709472656,46.325157165527344,55.972412109375,1
3247.5,437.864990234375,2.457627058029175,50.95792007446289,74.62290954589844,139.002685546875,41.19330978393555,42.04825210571289,58.18724822998047,1
1738.5,170.72792053222656,0.8913043737411499,22.427358627319336,153.44644165039062,151.5561981201172,22.6343936920166,59.281558990478516,59.45977020263672,1
1653.0,208.62741088867188,1.3333333730697632,67.67073822021484,118.21073913574219,176.2603759765625,70.62247467041016,58.201454162597656,48.320350646972656,1
6128.0,388.5096740722656,1.4022988080978394,16.59751319885254,172.40060424804688,133.13302612304688,7.045737266540527,45.033267974853516,70.32841491699219,1
242.5,66.72792053222656,0.6086956262588501,50.826087951660156,116.36646270751953,93.84471893310547,41.7269401550293,71.91810607910156,47.73972702026367,1
79968.0,1132.0,0.9254237413406372,37.59523010253906,139.59445190429688,162.04989624023438,39.31182861328125,82.10197448730469,61.612220764160156,1
5853.0,508.30865478515625,1.204301118850708,41.70353317260742,161.24232482910156,134.0045166015625,46.151248931884766,66.3094253540039,58.69106674194336,1
1585.0,270.7695617675781,1.4509804248809814,26.59221076965332,182.16851806640625,152.0487518310547,12.999382972717285,45.39140319824219,60.04043960571289,1
1098.0,250.56854248046875,1.0,62.357200622558594,110.47000122070312,143.9980010986328,39.71516418457031,56.24677276611328,61.40579605102539,1
2594.0,515.8233642578125,0.8947368264198303,27.012189865112305,191.026123046875,155.2372283935547,17.072362899780273,52.34526062011719,67.97772216796875,1
135224.5,4575.462890625,0.75,23.28419303894043,49.58024978637695,147.7234344482422,15.466679573059082,68.72180938720703,63.733680725097656,1
24159.5,1553.182861328125,0.913223147392273,24.0108642578125,191.5602264404297,182.073486328125,25.309402465820312,79.32315826416016,54.23931884765625,1
5224.5,450.95330810546875,1.4769231081008911,53.00736999511719,71.62692260742188,136.2624969482422,31.210969924926758,55.46977996826172,59.725486755371094,1
50657.0,1072.4508056640625,1.2067511081695557,19.772918701171875,113.9381103515625,148.58364868164062,23.640541076660156,71.88640594482422,52.63833999633789,1
865.5,119.0710678100586,1.100000023841858,29.672727584838867,162.82626342773438,151.33837890625,23.767305374145508,44.65836715698242,40.68049621582031,1
307488.0,3342.656005859375,2.0,9.756119728088379,18.843833923339844,51.40730285644531,15.666913986206055,36.0631217956543,69.34467315673828,1
32661.0,724.0,1.116279125213623,33.909671783447266,154.7296142578125,178.7279815673828,37.99396514892578,108.54761505126953,66.2388687133789,1
5490.0,299.5634765625,0.9569892287254333,38.203575134277344,112.552978515625,119.78458404541016,49.11034393310547,65.76557922363281,77.3785400390625,1
4410.0,266.0,1.109375,47.41175079345703,121.11685943603516,156.22821044921875,35.61758041381836,52.671634674072266,56.088497161865234,1
16396.5,882.1736450195312,1.2469135522842407,45.05540466308594,212.91122436523438,166.88912963867188,42.05929183959961,45.64854049682617,75.54373931884766,1
3165.5,340.1248779296875,1.8867924213409424,54.25226593017578,160.35093688964844,153.40509033203125,34.96969985961914,66.98725891113281,52.80826950073242,1
31491.0,2718.49365234375,1.2830188274383545,35.68559265136719,130.5246124267578,139.58670043945312,23.139606475830078,44.29561996459961,47.85346221923828,1
179775.0,1696.0,0.9953051805496216,54.23314666748047,90.566162109375,191.541748046875,47.84548568725586,90.35771942138672,63.50743865966797,1
23741.5,676.1837768554688,1.1292517185211182,40.42775344848633,166.74412536621094,140.2586669921875,15.889727592468262,61.9483642578125,72.00496673583984,1
10080.0,402.0,1.0927834510803223,47.42530822753906,100.00807189941406,136.0216827392578,40.60326385498047,94.81849670410156,37.70577621459961,1
1555.5,236.1837615966797,1.3461538553237915,52.31703186035156,108.33269500732422,147.67225646972656,45.30327606201172,65.08475494384766,68.02886199951172,1
5329.0,382.1665344238281,0.6880733966827393,46.74275207519531,120.92293548583984,122.23229217529297,38.09324645996094,64.36279296875,59.39828109741211,1
10904.0,420.0,0.811965823173523,54.44183349609375,48.130184173583984,143.71209716796875,51.972801208496094,56.93076705932617,41.767005920410156,1
122500.0,1400.0,1.0,17.30402374267578,65.82500457763672,75.63860321044922,25.262462615966797,76.60393524169922,85.09408569335938,1
6804.0,330.0,0.9647058844566345,45.91133499145508,71.279052734375,147.67617797851562,44.57480239868164,77.64288330078125,47.583702087402344,1
16135.0,645.587890625,1.3884892463684082,25.11928367614746,194.183837890625,144.4318389892578,18.68375015258789,66.02944946289062,64.97965240478516,1
389008.0,8436.662109375,0.9165714383125305,22.35759925842285,67.28492736816406,146.72291564941406,8.739763259887695,77.13035583496094,46.05732345581055,1
12838.0,677.3280029296875,0.6105769276618958,30.882495880126953,149.06832885742188,122.67561340332031,16.897558212280273,53.457393646240234,62.47390365600586,1
233.5,101.21320343017578,1.736842155456543,25.373205184936523,175.1068572998047,196.8883514404297,58.551666259765625,34.72521209716797,45.070709228515625,1
17636.0,536.8284301757812,1.09375,38.927677154541016,139.73147583007812,145.841064453125,24.569992065429688,61.1402702331543,79.0587387084961,1
967.0,136.76954650878906,0.6086956262588501,47.773292541503906,128.4324493408203,95.07608795166016,38.58967208862305,67.15074157714844,50.816200256347656,1
6709.0,421.6812438964844,1.4155844449996948,61.71392822265625,159.6744842529297,185.01870727539062,36.097984313964844,66.42070770263672,52.437442779541016,1
1436843.0,4716.349609375,0.9677419066429138,44.99057388305664,131.01333618164062,112.92292022705078,46.738555908203125,69.0108413696289,43.50957107543945,1
2033581.0,6236.0,2.3548386096954346,26.452713012695312,67.29769134521484,133.06155395507812,26.70734214782715,27.42286491394043,60.49893569946289,1
31491.0,2718.49365234375,1.2830188274383545,35.68559265136719,130.5247344970703,139.58670043945312,23.139606475830078,44.29560852050781,47.85346221923828,1
2423.0,323.39697265625,0.5052631497383118,26.786184310913086,131.10438537597656,178.00942993164062,10.314362525939941,50.0919303894043,68.81572723388672,1
3243.5,325.5218505859375,1.59375,30.804227828979492,149.4558868408203,122.19148254394531,17.030149459838867,53.64440155029297,62.64047622680664,1
7298.0,342.0,1.0843373537063599,52.22489929199219,34.11445617675781,138.16519165039062,55.9592399597168,54.830753326416016,42.670082092285156,1
55278.0,942.0,0.8920000195503235,29.38263702392578,122.06796264648438,175.33148193359375,22.90367317199707,81.4827651977539,45.855228424072266,1
54619.0,2489.886474609375,1.0745341777801514,28.4827938079834,185.59934997558594,159.5857391357422,16.835037231445312,58.99673080444336,69.15131378173828,1
1487.5,157.6396026611328,1.04347825050354,24.774456024169922,111.90579986572266,128.28079223632812,27.242733001708984,58.59246063232422,51.52702713012695,1
1674.5,255.49746704101562,1.163636326789856,48.280399322509766,105.08125305175781,139.02528381347656,41.17609786987305,60.27266311645508,68.74024963378906,1
57678.0,1127.9066162109375,0.96875,41.31443786621094,137.18504333496094,167.05296325683594,21.674076080322266,57.21527099609375,62.70512390136719,1
76143.0,1115.1126708984375,1.2319999933242798,37.78731155395508,138.14710998535156,148.38914489746094,21.78769302368164,45.129600524902344,51.02265548706055,1
16665.0,1070.1807861328125,1.203703761100769,18.23956871032715,162.23548889160156,177.1619110107422,14.723535537719727,95.00836181640625,41.4250373840332,1
411.0,112.48528289794922,1.04347825050354,40.32246398925781,198.9818878173828,150.9384002685547,10.569868087768555,35.56983947753906,40.40474319458008,1
3437.5,227.5807342529297,1.0606060028076172,22.882251739501953,110.97554016113281,115.69307708740234,20.47541046142578,54.922054290771484,53.29237365722656,1
2436.5,227.01219177246094,1.384615421295166,24.143428802490234,235.79647827148438,112.0128173828125,2.3021020889282227,20.402788162231445,40.38744354248047,1
12191.0,970.607177734375,1.0285714864730835,26.677396774291992,149.44187927246094,150.33885192871094,26.506311416625977,56.2833251953125,55.60162353515625,1
18006.0,899.2447509765625,0.7647058963775635,26.038593292236328,174.842529296875,169.2886962890625,30.96818733215332,90.32612609863281,59.90293502807617,1
6408.0,322.0,0.8111110925674438,55.558902740478516,229.60472106933594,183.31430053710938,32.94960021972656,35.14018249511719,47.647891998291016,1
15725.5,574.1248779296875,0.9701492786407471,41.313720703125,137.17359924316406,167.07101440429688,21.6638126373291,57.20332717895508,62.72309112548828,1
5497.0,491.3381042480469,0.5070422291755676,26.462539672851562,130.25840759277344,178.156005859375,7.73034143447876,48.117279052734375,68.39360046386719,1
1630.5,381.4385986328125,0.6323529481887817,32.3084831237793,83.43638610839844,134.6552734375,27.364238739013672,55.43288040161133,62.253135681152344,1
2253.0,205.7401123046875,0.78125,58.57093811035156,103.51750183105469,117.11062622070312,52.09019088745117,60.82596206665039,62.63350296020508,1
2350.5,235.35533142089844,1.0192307233810425,27.7757625579834,177.1048583984375,147.51414489746094,17.075193405151367,55.6661491394043,67.23387908935547,1
2810.0,423.88226318359375,1.2380952835083008,57.75620651245117,101.30708312988281,148.59075927734375,47.125396728515625,58.73247528076172,57.31576156616211,1
1445.0,222.08326721191406,1.0535714626312256,47.330204010009766,100.91797637939453,148.92433166503906,36.678462982177734,57.248775482177734,70.33724212646484,1
7396.0,344.0,1.0,34.24296569824219,155.717529296875,78.4892349243164,37.80478286743164,94.78462219238281,90.1901626586914,1
2099.5,344.7523193359375,1.8301886320114136,32.46780776977539,178.5580596923828,133.67613220214844,41.23777389526367,38.70375442504883,63.45457077026367,1
22062.0,852.1807861328125,1.59333336353302,85.21060180664062,167.57972717285156,140.64013671875,72.54933166503906,66.46855926513672,71.05025482177734,1
1113963.5,6082.07421875,0.8822034001350403,21.381242752075195,50.2752685546875,78.82678985595703,7.6301164627075195,29.053466796875,27.97657012939453,1
6944.5,317.5218505859375,0.8799999952316284,137.36204528808594,134.38067626953125,98.2085189819336,59.28680419921875,85.30085754394531,82.26351165771484,1
336.5,145.35533142089844,1.8260869979858398,33.22567367553711,178.22152709960938,171.98861694335938,20.403305053710938,37.695858001708984,50.00773239135742,1
10620.5,498.61016845703125,1.0158730745315552,28.482515335083008,174.64390563964844,123.03057098388672,26.610822677612305,67.62612915039062,69.60306549072266,1
18829.5,1547.8792724609375,0.6770833134651184,54.45252227783203,76.4491195678711,137.08120727539062,34.45048522949219,58.2030029296875,63.811092376708984,1
965.0,256.22540283203125,0.7962962985038757,41.9526252746582,149.38372802734375,133.15762329101562,51.94199752807617,54.481849670410156,53.347415924072266,1
4814.0,282.0,1.4237288236618042,38.79963684082031,166.3042755126953,139.86380004882812,7.779057025909424,40.49135971069336,40.2678108215332,1
18852.5,1543.5361328125,1.4769231081008911,55.130489349365234,76.330810546875,136.97779846191406,34.22495651245117,58.38997268676758,64.0013656616211,1
24550.0,746.0244140625,1.0641025304794312,41.93389129638672,125.1662826538086,141.66867065429688,34.03730392456055,50.69118118286133,68.3013916015625,1
4950.0,282.0,0.8815789222717285,37.09996032714844,194.88531494140625,142.43125915527344,8.132013320922852,38.64323806762695,52.38664627075195,1
1319963.5,11493.75,1.1695295572280884,49.151893615722656,111.36380004882812,147.9319610595703,44.47174835205078,62.74519729614258,49.39993667602539,1
1372.0,218.91168212890625,0.6000000238418579,48.33657455444336,105.3351821899414,131.0245361328125,42.690650939941406,57.9107666015625,61.52753829956055,1
6324.5,445.6396179199219,2.2931034564971924,48.084781646728516,175.41729736328125,149.1222381591797,31.743427276611328,47.387020111083984,59.925113677978516,1
32614.5,1478.555419921875,1.2159624099731445,28.446027755737305,160.76133728027344,106.25761413574219,25.439958572387695,55.09236145019531,50.94818878173828,1
2422.0,323.39697265625,1.9791666269302368,26.7973690032959,131.20022583007812,177.99452209472656,10.352205276489258,50.2012825012207,68.85725402832031,1
10404.0,408.0,1.0,48.239891052246094,150.33905029296875,81.03874206542969,48.21022033691406,110.79834747314453,86.75492095947266,1
10459.5,794.7766723632812,1.0074074268341064,37.69444274902344,158.6157989501953,123.21753692626953,50.00204849243164,56.71140670776367,56.61174774169922,1
1001121.0,4156.0,0.5757575631141663,21.71023178100586,61.215091705322266,111.3426284790039,13.169486999511719,50.79827880859375,55.10497283935547,1
8319.5,376.7279357910156,1.1136363744735718,24.26032066345215,130.5616912841797,164.2044219970703,21.003093719482422,48.0541877746582,53.152408599853516,1
8248.5,403.66400146484375,1.0545454025268555,23.02327537536621,187.17013549804688,141.21896362304688,21.042150497436523,54.87176513671875,67.67897033691406,1
7480.0,346.0,0.966292142868042,35.348052978515625,141.1759796142578,75.49490356445312,37.25926971435547,94.41836547851562,78.31210327148438,1
52432.0,916.0,0.9742489457130432,17.464181900024414,123.14974212646484,131.1537322998047,25.954694747924805,110.86650848388672,97.2154769897461,1
8446.0,478.4508056640625,1.60869562625885,66.92648315429688,160.850830078125,120.19924926757812,41.402587890625,58.204715728759766,62.66230392456055,1
1806.0,170.0,1.0232558250427246,21.98467254638672,194.16702270507812,149.99472045898438,20.424388885498047,42.20512008666992,60.671897888183594,1
2214.5,201.98275756835938,0.6363636255264282,45.50216293334961,132.88888549804688,91.25613403320312,37.50586700439453,67.2031478881836,49.028785705566406,1
8742.0,374.0,0.9894737005233765,58.48017883300781,99.65543365478516,98.95430755615234,52.729652404785156,95.55572509765625,104.46868133544922,1
46271.5,1306.5655517578125,1.0664206743240356,34.380062103271484,187.84356689453125,171.14273071289062,40.25448226928711,44.26432800292969,58.25213623046875,1
15252.0,494.0,1.0080645084381104,33.224517822265625,127.56755065917969,65.72541809082031,49.11259841918945,97.84996032714844,72.89110565185547,1
154363.5,1793.9482421875,1.0866141319274902,33.0633659362793,200.39060974121094,182.6456298828125,17.69223976135254,57.7989616394043,68.52649688720703,1
112029.0,1340.0,0.9200000166893005,39.9073486328125,110.19632720947266,152.46795654296875,38.124755859375,73.99005889892578,68.79146575927734,1
40370.0,862.2842407226562,0.9061033129692078,46.528717041015625,161.86497497558594,156.71142578125,21.79952621459961,47.19631576538086,51.406700134277344,1
4591.5,496.7523193359375,1.0111111402511597,36.476802825927734,158.93919372558594,123.03760528564453,48.68349838256836,56.83613967895508,56.61737060546875,1
450741.5,4569.00048828125,1.7777777910232544,22.672771453857422,86.40851593017578,120.1572494506836,17.114206314086914,50.64616775512695,70.28935241699219,1
903121.0,4156.0,2.3548386096954346,26.42170524597168,67.29997253417969,133.03501892089844,26.675556182861328,27.327857971191406,60.48067092895508,1
7188.5,400.8111877441406,0.8859649300575256,63.95466232299805,188.37701416015625,230.37632751464844,36.46596145629883,48.490665435791016,37.39955520629883,1
3124.0,236.1421356201172,1.0714285373687744,26.584226608276367,154.47262573242188,173.67469787597656,16.127765655517578,43.00986862182617,53.313880920410156,1
523.0,108.97056579589844,2.0526316165924072,25.00809669494629,210.87583923339844,113.29014587402344,11.707867622375488,35.99971008300781,47.19941711425781,1
3175.5,337.2964782714844,0.5299999713897705,54.13113021850586,161.3013153076172,153.5379180908203,35.18551254272461,67.15265655517578,52.65712356567383,1
14094.0,498.0,1.8522727489471436,55.93251419067383,101.23919677734375,140.74826049804688,46.099700927734375,87.70568084716797,44.662193298339844,1
926.5,200.52691650390625,2.7586207389831543,19.169828414916992,143.62112426757812,126.86896514892578,3.7187252044677734,62.61264419555664,56.61172103881836,1
110437.0,2274.195068359375,1.8823529481887817,45.09644317626953,212.89305114746094,166.96478271484375,42.09023666381836,45.66498947143555,75.53772735595703,1
5352.5,652.0071411132812,0.931034505367279,31.00973892211914,196.4935302734375,165.64024353027344,13.780993461608887,55.916908264160156,76.26136779785156,1
8077.5,557.4873657226562,1.5714285373687744,42.49443054199219,168.85633850097656,153.61195373535156,60.9478645324707,51.14148712158203,64.2967529296875,1
673.5,177.698486328125,1.085714340209961,17.204511642456055,181.42706298828125,145.943603515625,11.69545841217041,53.087581634521484,69.41419219970703,1
63240.0,1006.0,0.97265625,23.82225799560547,117.18292236328125,91.05840301513672,31.832460403442383,112.94727325439453,93.84342193603516,1
6630.5,322.7279357910156,0.930232584476471,88.16482543945312,73.7399673461914,175.46730041503906,41.01458740234375,49.48372268676758,60.979007720947266,1
9393.0,643.0781860351562,0.6582278609275818,25.574914932250977,183.90591430664062,162.7112274169922,35.890010833740234,41.60426330566406,55.65609359741211,1
4211.5,299.8406066894531,1.0,47.98529815673828,161.23818969726562,127.21759796142578,58.599082946777344,62.21263885498047,65.83361053466797,1
68547.5,1192.2669677734375,0.9202898740768433,33.062747955322266,200.40997314453125,182.6284942626953,17.69341468811035,57.814048767089844,68.51466369628906,1
2137.0,300.91168212890625,0.9491525292396545,32.51876449584961,174.5027313232422,139.7893524169922,30.27057647705078,35.75246810913086,44.943729400634766,1
566.0,323.7401123046875,0.3661971688270569,26.089923858642578,161.8407440185547,158.4485321044922,17.409618377685547,56.489295959472656,57.91798782348633,1
88168.0,1616.1463623046875,0.8525469303131104,95.24085998535156,125.17113494873047,101.4298324584961,50.888755798339844,48.109920501708984,59.86214828491211,1
188230.0,5242.7275390625,0.6925675868988037,20.28925132751465,78.52984619140625,112.9155502319336,9.887170791625977,76.85531616210938,38.59395980834961,1
1105857.5,6534.04248046875,1.3132010698318481,57.03839874267578,99.38719940185547,141.36610412597656,57.07771301269531,75.52531433105469,44.61213302612305,1
17872.5,1508.0701904296875,0.9103139042854309,27.665620803833008,139.3585968017578,154.88954162597656,38.254638671875,53.9232063293457,64.52340698242188,1
1608.5,328.8944396972656,1.2068965435028076,74.80862426757812,131.89015197753906,131.305908203125,39.097713470458984,53.41188049316406,55.86780548095703,1
5287.0,771.5634765625,0.7368420958518982,40.82487487792969,101.11800384521484,147.9273223876953,29.827335357666016,62.0164680480957,75.06183624267578,1
8640.0,372.0,1.0659340620040894,22.78407096862793,58.23870086669922,47.20924377441406,40.76167678833008,90.7188949584961,74.35274505615234,1
18810.0,562.0,1.5495495796203613,48.63843536376953,224.1998291015625,186.9967041015625,37.2820930480957,58.44763946533203,72.91227722167969,1
3016.5,303.1543273925781,0.7528089880943298,47.045448303222656,148.46319580078125,187.29129028320312,28.345685958862305,51.01983642578125,50.32719802856445,1
155802.0,2311.616455078125,1.2122538089752197,18.171184539794922,168.31869506835938,104.83487701416016,4.294193267822266,72.07411193847656,53.07492446899414,1
90526.5,3169.74560546875,1.115646243095398,70.23855590820312,170.0532684326172,151.16294860839844,38.882041931152344,68.41761016845703,55.07209014892578,1
1114969.0,5167.99658203125,0.8025659322738647,47.3505973815918,131.74029541015625,126.52656555175781,50.18217086791992,86.17813110351562,54.19976806640625,1
2175.5,300.6690368652344,1.0350877046585083,32.457923889160156,173.3987579345703,139.58251953125,29.632946014404297,35.554359436035156,44.54619216918945,1
4060.0,260.82843017578125,1.03125,21.147491455078125,192.7774658203125,150.39488220214844,16.70174217224121,43.54610824584961,60.942970275878906,1
408.0,151.5979766845703,1.2068965435028076,74.55862426757812,126.52117919921875,130.32907104492188,38.558231353759766,53.43613052368164,55.25906753540039,1
17960.0,693.5289916992188,1.1437499523162842,42.087738037109375,110.54695892333984,132.14852905273438,45.66816711425781,86.53004455566406,44.474185943603516,1
13104.0,458.0,1.0442477464675903,43.35630798339844,76.81056213378906,75.48500061035156,50.63964080810547,90.9659194946289,94.95269012451172,1
23733.0,676.76953125,1.1292517185211182,40.424842834472656,167.71546936035156,139.79550170898438,15.878019332885742,62.39677810668945,72.16422271728516,1
55388.0,942.0,0.9306122660636902,27.47688865661621,115.75728607177734,81.8001937866211,34.8848762512207,114.12332153320312,89.75411987304688,1
55589.0,1717.5533447265625,1.8780487775802612,33.0800895690918,137.36021423339844,166.4306640625,33.183868408203125,38.87866973876953,59.72920608520508,1
15702.0,1053.2691650390625,0.9234449863433838,32.23484802246094,125.96348571777344,171.18896484375,21.790185928344727,52.83995819091797,48.70876693725586,1
3502.5,362.1248779296875,1.3461538553237915,52.653114318847656,108.5081787109375,147.97802734375,45.33604049682617,64.13566589355469,68.20662689208984,1
5411.5,297.8061218261719,0.9569892287254333,38.48918533325195,112.23100280761719,118.72876739501953,48.94737243652344,65.69161987304688,78.11111450195312,1
910413.0,3727.198486328125,0.949367105960846,46.14630889892578,116.76441192626953,127.67192077636719,46.97407531738281,63.046630859375,45.996917724609375,1
106029.0,1308.0,1.201342225074768,49.33559799194336,98.47977447509766,169.57119750976562,43.684425354003906,85.64387512207031,64.84769439697266,1
7727.0,394.4263916015625,1.3333333730697632,29.680377960205078,170.59693908691406,121.73331451416016,45.90969467163086,61.44778823852539,44.755767822265625,1
5224.0,331.3381042480469,1.0574712753295898,42.36894226074219,126.62643432617188,160.21676635742188,57.07090377807617,64.7806396484375,58.393165588378906,1
1862.0,185.31370544433594,0.8958333134651184,53.9515495300293,184.17489624023438,188.15939331054688,34.9092903137207,68.51061248779297,62.77786636352539,1
6724.0,328.0,1.0,24.579620361328125,104.95746612548828,48.44316864013672,35.52713394165039,102.77086639404297,72.35462951660156,1
6987.5,318.2081604003906,0.8600000143051147,134.4787139892578,151.04104614257812,85.54965209960938,59.702842712402344,88.76590728759766,81.7965087890625,1
16193.5,1161.0509033203125,0.8808290362358093,24.379335403442383,193.80551147460938,188.56640625,25.582914352416992,77.5888671875,46.54985046386719,1
10248.0,412.0,1.4470587968826294,17.25710105895996,111.09143829345703,33.82410430908203,33.7148323059082,111.63258361816406,51.47348403930664,1
8742.0,374.0,0.9894737005233765,18.615005493164062,91.5544204711914,56.68264389038086,33.71662139892578,101.81183624267578,88.23503112792969,1
114442.5,1518.6143798828125,1.2637680768966675,17.047388076782227,180.17405700683594,94.96353912353516,7.193684101104736,66.28339385986328,38.72941207885742,1
1354352.5,23218.08984375,0.5625,19.286361694335938,80.12889099121094,123.43696594238281,7.309079170227051,29.391918182373047,45.59752655029297,1
840.0,205.94113159179688,0.7368420958518982,30.946533203125,111.89765930175781,165.56808471679688,19.624984741210938,58.295318603515625,83.77022552490234,1
84915.0,1176.0,1.3046875,34.35300064086914,136.74484252929688,127.33269500732422,30.123117446899414,98.57715606689453,94.62971496582031,1
18329.0,832.877197265625,0.6284403800964355,36.67839813232422,242.95654296875,138.57286071777344,25.045053482055664,20.28830909729004,72.4730224609375,1
6588.0,352.0,2.236363649368286,39.026607513427734,46.12298583984375,149.8110809326172,48.531429290771484,63.040714263916016,46.09991455078125,1
269.5,99.55635070800781,0.6551724076271057,35.04900360107422,159.97096252441406,114.8384780883789,24.304096221923828,61.6834831237793,61.6517448425293,1
1172.0,202.76954650878906,2.2121212482452393,55.57534408569336,167.21336364746094,124.53673553466797,37.1610221862793,63.62818908691406,41.05252456665039,1
267816.0,6047.8359375,1.2355211973190308,21.601463317871094,32.46437454223633,123.82510375976562,16.094850540161133,56.836124420166016,80.77893829345703,1
641.5,118.72792053222656,0.4318181872367859,29.198564529418945,137.01077270507812,92.9473648071289,21.361242294311523,37.74107360839844,46.02422332763672,1
8374.0,370.0,1.337499976158142,23.825817108154297,97.16214752197266,36.362850189208984,42.860267639160156,105.33979797363281,51.86031723022461,1
11962.5,1196.222412109375,1.4892085790634155,30.812776565551758,181.71090698242188,180.15744018554688,26.712711334228516,41.72032928466797,49.396793365478516,1
965.0,136.76954650878906,0.6086956262588501,47.797359466552734,130.0201873779297,94.82841491699219,38.19029235839844,68.48616027832031,50.93986892700195,1
38280.5,2219.6337890625,1.1620553731918335,27.891977310180664,167.77684020996094,162.64215087890625,19.364591598510742,45.619041442871094,67.02668762207031,1
1806.0,170.0,1.0232558250427246,21.05179786682129,194.22515869140625,150.00634765625,17.378768920898438,42.998538970947266,61.17848205566406,1
35816.5,2640.746337890625,1.081712007522583,39.06662368774414,161.22021484375,166.5904541015625,37.49821853637695,42.97224426269531,61.75251007080078,1
4973.5,294.6345520019531,0.8865979313850403,34.33373260498047,89.53020477294922,130.5736083984375,40.97382354736328,59.42873001098633,78.3489761352539,1
70560.0,1066.0,1.1747967004776,60.16862106323242,233.5936737060547,190.36865234375,38.50348663330078,37.919822692871094,69.78826904296875,1
3786.5,363.095458984375,1.4126983880996704,15.905475616455078,179.64366149902344,131.3385009765625,7.638524055480957,52.05954360961914,60.59019088745117,1
17513.0,728.0731811523438,1.2867132425308228,35.21735382080078,114.97765350341797,126.9737777709961,40.07259750366211,84.13754272460938,41.957515716552734,1
4814.0,282.0,1.4237288236618042,38.73002243041992,166.42474365234375,139.8137664794922,7.763150215148926,41.16343307495117,40.977359771728516,1
6655.0,446.91168212890625,2.5090909004211426,28.710803985595703,112.34334564208984,141.67642211914062,21.2334041595459,58.927490234375,71.2844009399414,1
211990.5,3618.506591796875,1.2403100728988647,19.403696060180664,56.94263458251953,120.75102233886719,17.3359432220459,80.24366760253906,86.23052978515625,1
918974.5,4019.580810546875,1.7777777910232544,22.797029495239258,79.50558471679688,122.75021362304688,8.486872673034668,42.69276428222656,49.26193618774414,1
973150.5,6175.802734375,1.0769867897033691,55.7804069519043,104.52342987060547,150.27670288085938,56.5975456237793,81.04289245605469,49.316890716552734,1
7613.0,351.6568603515625,1.3246753215789795,44.44792556762695,148.32786560058594,163.17417907714844,23.31011390686035,65.9590835571289,60.52515411376953,1
459931.5,3362.565673828125,3.1683168411254883,16.948795318603516,98.47509765625,99.36260223388672,6.66514253616333,22.899869918823242,46.34637451171875,1
6278.5,526.9188232421875,0.8655462265014648,35.44961929321289,208.90707397460938,154.3189239501953,28.788555145263672,42.433326721191406,45.61445236206055,1
244.5,93.21320343017578,4.300000190734863,20.576744079589844,159.88372802734375,169.22093200683594,5.740708827972412,31.768573760986328,52.94749450683594,1
194.0,75.79898834228516,1.3529411554336548,30.55498695373535,182.95396423339844,134.7186737060547,48.92654800415039,40.91851806640625,70.17054748535156,1
1613.5,327.3797302246094,1.2068965435028076,74.44285583496094,131.71083068847656,131.35714721679688,39.24168395996094,52.745628356933594,55.808013916015625,1
23883.5,973.6538696289062,1.5714285373687744,23.255205154418945,174.22410583496094,105.35221099853516,26.734270095825195,52.80341339111328,54.7528076171875,1
68547.5,1192.2669677734375,1.0866141319274902,33.062747955322266,200.40980529785156,182.6284942626953,17.69341468811035,57.81424331665039,68.51466369628906,1
3021.0,285.25482177734375,1.8125,36.62260437011719,227.76220703125,133.51724243164062,25.87733268737793,25.735395431518555,48.50105285644531,1
921000.0,10587.26953125,1.499074101448059,21.534027099609375,63.38125228881836,120.65120697021484,14.84394359588623,42.92466735839844,52.4532585144043,1
2631.0,413.1370849609375,1.8627450466156006,57.34943389892578,98.40763854980469,114.58348846435547,54.852447509765625,60.73369598388672,58.52139663696289,1
180802.0,3688.9931640625,1.3333333730697632,54.0281867980957,162.23345947265625,153.96974182128906,35.17029571533203,66.8908462524414,52.6607551574707,1
2351.5,240.1837615966797,1.0192307233810425,27.386066436767578,175.94920349121094,147.3505096435547,15.868188858032227,55.27103805541992,67.44983673095703,1
1006.0,176.42640686035156,0.8444444537162781,64.95848083496094,109.83450317382812,114.40116882324219,44.813377380371094,65.44076538085938,56.72806167602539,1
5947.0,536.5929565429688,1.4222222566604614,20.349218368530273,223.17022705078125,187.81153869628906,14.222702026367188,28.478008270263672,47.39372634887695,1
45461.5,855.8994750976562,0.8859649300575256,57.325408935546875,209.43931579589844,187.7538604736328,42.85234832763672,45.16716003417969,72.74223327636719,1
32378.5,1721.9381103515625,1.3611111640930176,46.25407791137695,184.11822509765625,171.4451904296875,25.909160614013672,66.04264068603516,67.03848266601562,1
3540.0,238.0,1.0166666507720947,25.59945297241211,142.80355834960938,179.70956420898438,17.14230728149414,37.32452392578125,64.77115631103516,1
3217.0,438.4508056640625,2.457627058029175,51.440677642822266,75.34260559082031,138.47503662109375,41.5643424987793,42.16762924194336,58.741546630859375,1
3767.5,347.78173828125,0.717391312122345,38.644927978515625,235.19630432128906,158.74440002441406,21.492233276367188,24.61916160583496,56.664306640625,1
1560.0,158.0,0.9756097793579102,25.309755325317383,143.71829223632812,179.3695068359375,16.87209129333496,39.33515930175781,65.1203842163086,1
1745124.5,5130.2392578125,0.9873837828636169,46.081783294677734,90.93424987792969,139.50338745117188,42.947471618652344,47.231666564941406,47.301082611083984,1
133578.0,1462.0,1.0192837715148926,20.782533645629883,85.75629425048828,88.62596893310547,33.588157653808594,86.32866668701172,94.5434799194336,1
24966.0,634.0,1.1700680255889893,34.56146240234375,140.91690063476562,156.4041290283203,36.00950241088867,106.81619262695312,48.49565124511719,1
875.0,170.62741088867188,1.7777777910232544,50.07330322265625,207.7908935546875,128.2484588623047,22.991981506347656,34.29850769042969,39.078189849853516,1
157880.0,3978.75341796875,1.3333333730697632,46.24983596801758,184.12301635742188,171.4483642578125,25.904747009277344,66.04447174072266,67.04069519042969,1
1416748.5,6278.62109375,0.9761560559272766,52.12077713012695,77.96446990966797,98.36198425292969,43.581207275390625,41.1223258972168,55.109867095947266,1
7355.0,329.0782165527344,0.9700000286102295,126.90567016601562,98.85979461669922,112.87958526611328,67.89408111572266,70.66364288330078,84.8431625366211,1
191.5,67.0710678100586,0.8947368264198303,46.73374557495117,116.78327941894531,167.0804901123047,53.72366714477539,65.81959533691406,49.6988410949707,1
10476.5,684.4091796875,2.8656716346740723,72.99214935302734,215.56382751464844,165.04718017578125,31.013896942138672,52.17008590698242,40.99821472167969,1
24435.0,655.7401123046875,1.4732824563980103,55.156429290771484,74.06399536132812,138.224853515625,34.190006256103516,57.96794509887695,64.55042266845703,1
202.0,77.65685272216797,1.0,21.9950008392334,174.69000244140625,206.7100067138672,40.25239181518555,56.110862731933594,29.51789093017578,1
1260.5,266.1248779296875,1.470588207244873,26.477123260498047,175.28993225097656,150.76104736328125,12.947094917297363,49.980621337890625,60.15166473388672,1
25315.0,1410.4305419921875,0.6863468885421753,34.465538024902344,151.31968688964844,136.31857299804688,38.08815002441406,39.44879913330078,57.924076080322266,1
4309.5,438.0660095214844,0.8969072103500366,54.910888671875,197.777099609375,204.5975799560547,33.721160888671875,45.8571891784668,27.202177047729492,1
22443.0,612.9705810546875,1.1408450603485107,48.67992401123047,222.12667846679688,200.8238983154297,36.78721237182617,44.09403610229492,68.48070526123047,1
42626.0,2101.082275390625,0.6606060862541199,36.48687744140625,172.60955810546875,182.4960174560547,20.53939437866211,49.24982833862305,44.67494583129883,1
1620.5,325.7228698730469,1.2068965435028076,74.45935821533203,129.3566436767578,131.8810272216797,39.432796478271484,51.391727447509766,55.162105560302734,1
78448.5,4395.509765625,1.083116888999939,39.03464889526367,161.2135772705078,166.59579467773438,37.45319366455078,42.96549606323242,61.75825500488281,1
66024.0,1028.0,0.9619771838188171,19.831377029418945,98.41634368896484,110.00748443603516,33.9517936706543,77.39297485351562,88.29085540771484,1
11025.0,420.0,1.0,16.451229095458984,111.40654754638672,56.11454391479492,26.634397506713867,105.13072967529297,67.49800109863281,1
5035.0,475.8233642578125,1.2241379022598267,15.872146606445312,208.1847381591797,216.8258819580078,3.382190704345703,57.8088264465332,52.94984436035156,1
10500.0,410.0,1.0495049953460693,28.0382022857666,106.68428802490234,53.91481399536133,37.79829788208008,103.49271392822266,74.53658294677734,1
61758.0,3613.253173828125,0.6583333611488342,32.26570510864258,107.64341735839844,124.27371978759766,27.68684196472168,52.48408508300781,69.36238861083984,1
2679.5,253.9238739013672,0.8194444179534912,18.591571807861328,178.99411010742188,105.75494384765625,3.4713780879974365,65.80863952636719,53.787986755371094,1
8680.0,546.107666015625,1.4693877696990967,17.974843978881836,170.88038635253906,146.73440551757812,43.46377182006836,58.74042510986328,57.392822265625,1
8730.0,374.0,1.076923131942749,67.60350036621094,95.99237823486328,96.77742004394531,53.87138748168945,93.59861755371094,100.58330535888672,1
5288.0,771.5634765625,0.7368420958518982,40.757415771484375,102.02986907958984,148.0147247314453,30.08516502380371,62.85393524169922,74.93519592285156,1
11408.0,450.48529052734375,1.247422695159912,35.0668830871582,183.46775817871094,163.75103759765625,11.312625885009766,57.192344665527344,66.653564453125,1
2674.0,254.50967407226562,0.8194444179534912,18.517419815063477,178.51788330078125,105.90113067626953,3.5785083770751953,66.02574920654297,53.8463249206543,1
42043.0,2063.141357421875,1.0458333492279053,20.414363861083984,183.05328369140625,174.8349609375,3.7586216926574707,49.63090133666992,34.338783264160156,1
10914.0,418.0,1.0485436916351318,59.394554138183594,48.86309051513672,152.8317108154297,50.39139175415039,53.37541580200195,50.539207458496094,1
8925.0,821.2203369140625,2.9538462162017822,69.06442260742188,197.1485595703125,158.65521240234375,32.984840393066406,64.80069732666016,44.02125549316406,1
12838.0,677.3280029296875,0.6105769276618958,30.882495880126953,149.0677947998047,122.67561340332031,16.897558212280273,53.45753479003906,62.47390365600586,1
6278.5,526.9188232421875,0.8655462265014648,35.44961929321289,208.90707397460938,154.3189239501953,28.788555145263672,42.433326721191406,45.61445236206055,1
7669.0,367.2203369140625,1.09375,20.561904907226562,132.3623046875,98.85059356689453,9.47314167022705,56.41346740722656,37.26484298706055,1
133852.5,5293.8330078125,1.3333333730697632,33.95649337768555,171.64956665039062,152.5101318359375,46.03956985473633,36.35857009887695,57.34677505493164,1
38470.5,822.1837768554688,1.185792326927185,51.569061279296875,232.29722595214844,184.28465270996094,42.624168395996094,38.987735748291016,70.4275894165039,1
31803.5,1038.1492919921875,1.2021857500076294,47.37936019897461,160.83502197265625,175.5925750732422,12.812844276428223,42.92374801635742,40.208824157714844,1
147.0,62.48528289794922,1.9090908765792847,17.805194854736328,218.4761962890625,136.52813720703125,10.558891296386719,36.28814697265625,58.21484375,1
24335.0,624.0,1.0128204822540283,39.915775299072266,85.06195068359375,77.05776977539062,48.15898132324219,82.4803695678711,79.7974853515625,1
1277.0,169.05381774902344,1.1749999523162842,26.967021942138672,125.41808319091797,119.01968383789062,22.643442153930664,63.30363845825195,56.65191650390625,1
679.0,120.6274185180664,0.5227272510528564,25.673913955688477,151.5484161376953,114.90908813476562,16.905935287475586,64.9204330444336,51.08543014526367,1
864.5,137.21319580078125,1.3448275327682495,13.714411735534668,197.78073120117188,157.0778045654297,12.80226993560791,40.45750427246094,42.410118103027344,1
30318.0,700.9705810546875,0.983146071434021,76.38076782226562,120.16985321044922,174.74998474121094,43.893802642822266,58.63419723510742,67.8298110961914,1
8280.0,364.0,0.9784946441650391,22.760604858398438,52.75859451293945,48.097721099853516,41.8275146484375,86.39280700683594,77.97906494140625,1
30593.0,2066.2294921875,1.147679328918457,45.947242736816406,166.76956176757812,167.87612915039062,51.61601638793945,42.42765426635742,72.02910614013672,1
80648.5,2906.618408203125,2.601625919342041,29.139596939086914,208.03036499023438,97.2608642578125,14.473663330078125,36.721534729003906,44.891624450683594,1
8835.0,376.0,0.9791666865348816,24.130983352661133,153.83753967285156,73.93583679199219,31.614198684692383,94.14891815185547,67.7209243774414,1
32378.5,1721.9381103515625,1.3611111640930176,46.25407791137695,184.11822509765625,171.4451904296875,25.909160614013672,66.04264068603516,67.03848266601562,1
37122.0,1326.0386962890625,1.2469135522842407,45.09140396118164,212.86639404296875,166.98866271972656,42.08875274658203,45.68252182006836,75.53844451904297,1
31296.0,710.0,1.176829218864441,60.15746307373047,232.73910522460938,190.7275390625,38.47399139404297,38.12876510620117,69.67523193359375,1
5405.0,375.25482177734375,0.7864077687263489,17.330455780029297,206.24200439453125,168.1148223876953,2.2738852500915527,48.224246978759766,59.34376907348633,1
18549.5,571.7472534179688,0.9515151381492615,39.46488952636719,88.1034164428711,123.80918884277344,43.27415084838867,70.8095932006836,43.05099105834961,1
535.0,145.11270141601562,0.96875,20.619958877563477,160.6693572998047,192.02520751953125,7.037036418914795,52.244728088378906,42.667911529541016,1
39240.0,796.0,1.209944725036621,24.600292205810547,84.47193145751953,88.85625457763672,29.976665496826172,76.03407287597656,85.62801361083984,1
667.0,165.39697265625,1.3157894611358643,64.59420776367188,83.59789276123047,136.69578552246094,53.02851486206055,49.5831413269043,66.8326187133789,1
1457.0,151.05381774902344,1.0222222805023193,28.0449275970459,112.55072784423828,127.20338439941406,28.9600830078125,58.1530876159668,52.048954010009766,1
17662.0,538.8284301757812,1.0303030014038086,38.40151596069336,156.48350524902344,147.12010192871094,24.62484359741211,54.11971664428711,79.75586700439453,1
2459.0,398.73504638671875,1.8181818723678589,54.491092681884766,153.89781188964844,151.7401885986328,34.882266998291016,68.30156707763672,51.78229904174805,1
1079.0,214.08326721191406,1.3902438879013062,32.801883697509766,177.98202514648438,141.26658630371094,46.8196907043457,43.29503631591797,55.52553939819336,1
6560.0,324.0,1.0246913433074951,17.898408889770508,68.11363983154297,41.389259338378906,36.56780242919922,96.80752563476562,75.75981903076172,1
853.5,197.698486328125,0.8717948794364929,80.8355941772461,109.57013702392578,177.61085510253906,80.17764282226562,58.249107360839844,38.95748519897461,1
19126.0,554.0,1.1136363744735718,19.479694366455078,119.30802917480469,93.845703125,24.546598434448242,119.18191528320312,101.26759338378906,1
5877.0,394.7939453125,0.49253731966018677,61.534034729003906,153.76853942871094,125.38670349121094,55.254051208496094,75.02462005615234,63.56061935424805,1
444.5,199.698486328125,0.43939393758773804,29.21995735168457,157.8364715576172,158.13427734375,14.165029525756836,50.37649154663086,59.814430236816406,1
114.5,64.72792053222656,1.3333333730697632,17.700000762939453,174.89999389648438,158.98333740234375,27.384363174438477,57.28935241699219,63.709571838378906,1
2715.5,363.4974670410156,0.4615384638309479,23.485347747802734,154.99215698242188,160.1630096435547,9.526391983032227,42.31065368652344,54.964820861816406,1
1122.5,267.2964782714844,0.9259259104728699,66.69629669189453,150.94036865234375,154.05926513671875,70.54679870605469,45.35834884643555,55.799476623535156,1
11724.5,586.2081298828125,1.3714286088943481,9.469444274902344,195.05621337890625,137.56600952148438,22.80791664123535,45.47612762451172,49.38671112060547,1
40793.5,1354.5655517578125,1.3023256063461304,26.141660690307617,174.58477783203125,169.451171875,31.142929077148438,90.48085021972656,59.92692947387695,1
10828.5,435.0710754394531,1.4318181276321411,38.792388916015625,165.66360473632812,139.9158477783203,7.7478179931640625,39.5731086730957,39.97438430786133,1
180673.5,1850.54541015625,1.4521530866622925,23.997020721435547,114.2944564819336,126.18290710449219,25.01722526550293,56.947879791259766,50.81588363647461,1
6797.5,314.2081604003906,0.8399999737739563,140.1267852783203,147.01702880859375,91.21773529052734,57.18391036987305,87.02086639404297,80.3558578491211,1
15053.5,1373.913818359375,0.9281437397003174,34.34201431274414,162.90875244140625,164.49375915527344,18.708791732788086,66.81184387207031,57.88058090209961,1
34398.0,742.0,1.0382513999938965,28.29643440246582,46.665863037109375,88.5704345703125,39.36031723022461,64.10713958740234,81.86444854736328,1
83728.5,1932.2366943359375,1.2711864709854126,22.498973846435547,178.79124450683594,102.3736343383789,27.556106567382812,51.16073989868164,56.814056396484375,1
16638.0,542.0,1.8736841678619385,20.06315803527832,74.7698974609375,63.981903076171875,30.658205032348633,87.59343719482422,84.74860382080078,1
186.0,80.48528289794922,0.9130434989929199,16.08488655090332,148.25051879882812,199.7018585205078,30.673242568969727,49.67060470581055,25.68043327331543,1
5166.0,297.5634765625,0.9677419066429138,36.25471878051758,108.15961456298828,116.11672973632812,43.961387634277344,66.13864135742188,81.44171142578125,1
55224.0,940.0,1.0085105895996094,24.89219856262207,136.39068603515625,169.91725158691406,24.879253387451172,83.38941955566406,47.473548889160156,1
2219.0,186.4852752685547,0.7962962985038757,41.67097473144531,143.73858642578125,132.26443481445312,51.55692672729492,55.59062957763672,53.50014114379883,1
30643.0,713.4558715820312,1.3246753215789795,44.377037048339844,148.31063842773438,163.17825317382812,23.184202194213867,65.94810485839844,60.495643615722656,1
651.0,150.56854248046875,0.8444444537162781,52.716373443603516,160.34619140625,148.25204467773438,34.052276611328125,48.72022247314453,62.07387924194336,1
1120.5,226.12489318847656,1.2666666507720947,30.831968307495117,173.69668579101562,141.6892852783203,44.02945327758789,44.492984771728516,54.42691421508789,1
4834.5,278.2426452636719,1.2539682388305664,39.3938102722168,172.08799743652344,162.7466278076172,53.372955322265625,42.84840393066406,59.47514724731445,1
91491.5,2692.53515625,1.6096256971359253,25.73824691772461,174.43722534179688,160.54147338867188,39.54882049560547,59.36780548095703,64.6517562866211,1
2284.0,394.5096740722656,0.8235294222831726,19.391544342041016,180.12474060058594,196.64678955078125,17.485523223876953,60.92327117919922,40.43458938598633,1
1102.0,247.39697265625,1.0,62.481998443603516,109.88159942626953,143.84759521484375,40.338924407958984,56.82001495361328,61.0207405090332,1
25695.5,950.3746948242188,0.5708661675453186,32.82199478149414,221.478271484375,145.93722534179688,23.713119506835938,36.589691162109375,52.51190185546875,1
88312.0,1196.0,1.2471909523010254,55.06808090209961,102.39913177490234,118.27027893066406,62.5096435546875,80.64695739746094,86.67599487304688,1
834345.5,10826.73828125,1.1972222328186035,23.99521827697754,71.91698455810547,115.94656372070312,14.13040542602539,47.98198318481445,53.935760498046875,1
6779.0,445.5390930175781,0.9469026327133179,39.24580383300781,155.4697723388672,186.51666259765625,68.08120727539062,64.59260559082031,62.23199462890625,1
20625.0,600.7594604492188,0.9772727489471436,44.39283752441406,83.79657745361328,125.55120086669922,45.523860931396484,63.333621978759766,46.002540588378906,1
17662.0,538.8284301757812,1.0303030014038086,38.21657943725586,158.17156982421875,146.640380859375,24.40748405456543,55.55101776123047,79.99995422363281,1
9814.0,646.249755859375,0.9801324605941772,41.195499420166016,227.5008544921875,141.403076171875,27.33160400390625,38.06639099121094,61.28767776489258,1
1762861.5,6930.40576171875,0.8167475461959839,51.34408187866211,85.44474029541016,124.24175262451172,47.127052307128906,51.29690170288086,43.42558670043945,1
525.5,241.98275756835938,0.5531914830207825,53.32733154296875,162.3248748779297,140.1104736328125,32.886592864990234,56.398033142089844,44.663333892822266,1
66286.0,1030.0,0.9657794833183289,20.983997344970703,83.72782135009766,88.5963134765625,22.979534149169922,86.93806457519531,93.56246185302734,1
9966.0,702.7350463867188,0.8805969953536987,40.396156311035156,127.95623779296875,157.5005645751953,39.88060760498047,80.28070068359375,62.00025177001953,1
2002225.0,5660.0,1.0,10.529160499572754,29.993318557739258,57.3641242980957,16.640182495117188,45.959503173828125,70.70775604248047,1
226.0,190.97056579589844,2.6875,20.29505729675293,106.5029067993164,208.0159912109375,10.933540344238281,29.428470611572266,44.051910400390625,1
51051.0,928.9116821289062,1.1866028308868408,37.893001556396484,115.80030059814453,171.4671173095703,22.06926155090332,50.73200988769531,44.73412322998047,1
3215.5,439.8650207519531,2.474576234817505,51.20733642578125,75.18492889404297,138.6690216064453,41.31202697753906,42.55024337768555,58.48271560668945,1
1280.0,295.6812438964844,0.4842105209827423,32.9469108581543,183.13294982910156,139.2945098876953,28.62485122680664,48.24461364746094,64.82906341552734,1
11550.0,430.0,1.047169804573059,24.485042572021484,103.51470184326172,61.10054397583008,42.75300216674805,101.53619384765625,82.22440338134766,1
6006.0,310.0,0.9873417615890503,32.62723159790039,149.86984252929688,82.02774810791016,39.2981071472168,95.91410064697266,95.76618194580078,1
22796.0,1081.2447509765625,0.6292682886123657,35.15602111816406,103.71517944335938,132.84103393554688,19.63347816467285,61.55278015136719,64.45551300048828,1
2170.5,297.4974670410156,1.0535714626312256,33.46337890625,174.71670532226562,140.0387420654297,31.452497482299805,35.67811965942383,45.196044921875,1
6573.0,469.96551513671875,1.0102040767669678,42.77705764770508,205.74200439453125,143.62388610839844,25.343610763549805,39.138973236083984,43.98662567138672,1
741.5,161.49746704101562,0.6888889074325562,11.16917610168457,167.94480895996094,222.77633666992188,3.9256598949432373,22.422224044799805,26.221200942993164,1
977.0,131.94113159179688,0.7857142686843872,57.15223693847656,103.16161346435547,114.2114028930664,51.26111602783203,59.96234893798828,61.058006286621094,1
26280.0,652.0,1.231292486190796,55.554290771484375,229.63258361816406,183.28158569335938,32.9512825012207,35.13817596435547,47.63138198852539,1
75858.0,1102.0,0.9540635943412781,24.96122169494629,84.7341079711914,92.51487731933594,25.417789459228516,86.12893676757812,92.40155792236328,1
2360.0,511.0782165527344,0.557894766330719,52.44111251831055,166.7233428955078,142.1167755126953,33.920196533203125,55.349891662597656,43.70513916015625,1
1411.0,161.2548370361328,0.7254902124404907,44.08161163330078,136.953369140625,90.29306030273438,36.50402069091797,69.0752944946289,44.89571762084961,1
1129.0,219.2548370361328,2.1379311084747314,28.45550537109375,206.86929321289062,98.96051025390625,14.178857803344727,39.55437469482422,45.30827713012695,1
60010.5,1156.7767333984375,1.04296875,29.386571884155273,182.76580810546875,174.19036865234375,11.72739315032959,49.70117950439453,54.03702163696289,1
333.0,80.6274185180664,1.6111111640930176,47.60344696044922,123.28352355957031,91.74712371826172,37.72508239746094,69.39611053466797,61.376617431640625,1
164091.0,3754.05712890625,1.400437593460083,57.737709045410156,100.46278381347656,115.20125579833984,54.52255630493164,60.71642303466797,58.76902770996094,1
12765.0,452.0,1.0357142686843872,28.430265426635742,61.69742965698242,59.093902587890625,43.79116439819336,82.01057434082031,80.68792724609375,1
2381.0,525.0781860351562,0.557894766330719,52.39205551147461,168.77378845214844,141.8047637939453,34.079193115234375,55.76994323730469,44.3610954284668,1
410009.5,7573.5771484375,1.0327314138412476,22.228281021118164,77.0977783203125,160.68765258789062,9.202912330627441,87.52461242675781,44.140663146972656,1
19800.0,564.0,1.135338306427002,51.01169967651367,225.2065887451172,129.4988250732422,35.126747131347656,43.925079345703125,42.58881378173828,1
82275.0,1793.5189208984375,0.8999999761581421,17.986896514892578,141.58103942871094,108.30620574951172,4.981783866882324,69.28640747070312,52.595909118652344,1
11658.0,442.0,0.6518518328666687,25.112205505371094,100.19823455810547,69.07760620117188,35.87827682495117,100.11903381347656,95.5833969116211,1
454818.0,6556.46484375,0.75,17.267066955566406,38.556556701660156,101.40673065185547,17.305850982666016,66.00988006591797,83.7624740600586,1
2843.0,257.7989807128906,0.30693069100379944,31.904184341430664,144.45225524902344,160.7540740966797,15.292895317077637,66.71852111816406,65.64476013183594,1
126897.0,2575.4052734375,1.7911392450332642,22.88362693786621,175.1631317138672,105.29146575927734,26.99689292907715,52.61494445800781,55.282108306884766,1
11550.0,430.0,0.954954981803894,40.436256408691406,66.02949523925781,74.58592224121094,50.99843978881836,89.17732238769531,100.95319366455078,1
269524.0,4082.258056640625,1.3333333730697632,32.06427764892578,182.7401580810547,151.590576171875,22.391719818115234,45.42542266845703,51.09742736816406,1
18465.0,718.7005615234375,1.2847682237625122,38.707481384277344,112.90250396728516,130.05543518066406,41.842201232910156,83.49024963378906,41.661312103271484,1
548.5,127.01219177246094,0.6341463327407837,50.5056266784668,126.82645416259766,107.4887466430664,37.68421173095703,68.43992614746094,55.639320373535156,1
3660002.5,19214.494140625,1.3848497867584229,26.012971878051758,63.106658935546875,160.1705322265625,8.999330520629883,62.56255340576172,40.84003448486328,1
362.0,89.45584106445312,1.600000023841858,48.282814025878906,124.24687194824219,91.3921890258789,35.207950592041016,66.94520568847656,60.60869216918945,1
18809.0,560.8284301757812,1.5495495796203613,48.63843536376953,224.1998291015625,186.9967041015625,37.2820930480957,58.44763946533203,72.91227722167969,1
17513.0,947.9553833007812,0.9473684430122375,23.40523338317871,233.2359619140625,249.6322479248047,2.4811856746673584,23.166595458984375,13.331830978393555,1
712.5,134.52691650390625,1.09375,18.141071319580078,168.6714324951172,93.64643096923828,3.262025833129883,80.6127700805664,36.233543395996094,1
305815.0,2255.455810546875,1.3333333730697632,55.556209564208984,229.62973022460938,183.2828369140625,32.952964782714844,35.13791275024414,47.63465118408203,1
15702.0,1053.2691650390625,0.9234449863433838,32.23484802246094,125.96348571777344,171.18896484375,21.790185928344727,52.8399658203125,48.70876693725586,1
457455.5,6211.6865234375,0.75,61.33190155029297,79.95154571533203,116.84381866455078,54.36711502075195,70.51917266845703,100.62657928466797,1
67934.0,1198.048828125,0.8846153616905212,48.1868782043457,137.99659729003906,150.3110809326172,35.104671478271484,71.20063781738281,62.99296951293945,1
7722.0,426.1076354980469,1.600000023841858,96.87617492675781,125.25996398925781,99.60127258300781,50.22109603881836,48.388607025146484,59.45766067504883,1
13372.5,659.203125,0.6348314881324768,20.42502784729004,187.42556762695312,112.99348449707031,22.93150520324707,49.133541107177734,56.42664337158203,1
36186.0,905.9310302734375,1.2102564573287964,30.787092208862305,176.5872039794922,166.28759765625,39.92567443847656,88.70194244384766,62.87094497680664,1
7900.0,358.0,1.2625000476837158,48.50321960449219,138.64739990234375,129.73143005371094,46.64728546142578,94.87792205810547,105.89035034179688,1
2198.5,268.18377685546875,2.65625,32.41102981567383,78.11250305175781,164.99264526367188,39.18340301513672,49.58592987060547,51.55909729003906,1
7744.0,643.7645263671875,1.1749999523162842,34.08168029785156,131.1982879638672,183.77394104003906,13.317585945129395,44.20090866088867,39.12699508666992,1
10712.0,414.0,0.9904761910438538,53.621063232421875,97.5359878540039,92.33956146240234,50.55046081542969,92.26702880859375,96.8265609741211,1
136900.0,1480.0,1.0,25.449880599975586,61.64714050292969,90.64341735839844,38.93007278442383,82.7678451538086,97.46631622314453,1
1469.0,208.56854248046875,0.6440678238868713,49.28367614746094,112.15298461914062,125.9933090209961,44.343196868896484,59.49906921386719,61.95179748535156,1
2723.5,208.72792053222656,0.9122806787490845,69.42476654052734,98.63899993896484,152.44635009765625,41.71500015258789,59.08793258666992,61.84187698364258,1
153336.0,2269.131103515625,1.2337079048156738,18.63970375061035,179.1737060546875,106.97265625,4.49655294418335,66.37229919433594,54.05052947998047,1
2862.0,214.0,1.0185185670852661,20.672727584838867,176.05723571777344,168.0821533203125,12.965972900390625,36.99678039550781,69.19355010986328,1
296.5,120.38477325439453,2.117647171020508,53.1356201171875,142.7271270751953,173.9477081298828,32.36317825317383,56.78700256347656,45.10000228881836,1
75625.0,1100.0,1.0,17.165302276611328,97.89298248291016,81.19617462158203,22.866487503051758,97.01375579833984,84.33798217773438,1
140347.0,3683.65087890625,0.5625,23.001983642578125,89.55069732666016,160.67034912109375,6.443847179412842,43.00547790527344,53.61177444458008,1
5940.5,483.864990234375,1.6805555820465088,16.076560974121094,185.12637329101562,138.55050659179688,21.987014770507812,53.98600387573242,41.70603561401367,1
59210.0,1005.4558715820312,0.9140625,48.088558197021484,132.91065979003906,157.51332092285156,36.787864685058594,59.85589599609375,74.55973815917969,1
11311.0,620.0142822265625,0.8999999761581421,36.96512222290039,128.3427276611328,149.20945739746094,21.145023345947266,59.80513381958008,73.98401641845703,1
2796.5,316.18377685546875,0.7682926654815674,28.943862915039062,110.91889190673828,174.25222778320312,24.432735443115234,55.890926361083984,56.92527770996094,1
16396.5,882.1736450195312,1.2469135522842407,45.05540466308594,212.91122436523438,166.88912963867188,42.05929183959961,45.64854049682617,75.54373931884766,1
16135.0,645.587890625,1.3884892463684082,25.11928367614746,194.183837890625,144.4318389892578,18.68375015258789,66.02944946289062,64.97965240478516,1
17045.0,546.62744140625,1.188524603843689,51.65370178222656,231.33419799804688,184.64080810546875,42.67873764038086,39.22317886352539,70.27250671386719,1
9814.0,646.249755859375,1.0202702283859253,41.195499420166016,227.50106811523438,141.403076171875,27.33160400390625,38.066104888916016,61.28767776489258,1
176837.0,7885.005859375,1.3333333730697632,41.626590728759766,170.4064483642578,150.24855041503906,16.50676918029785,41.47478103637695,48.06782531738281,1
12289.0,706.4995727539062,0.8489583134651184,37.355506896972656,126.04268646240234,153.00543212890625,20.844680786132812,57.78907012939453,72.90946197509766,1
6723.0,328.0,0.976190447807312,24.97357749938965,35.318817138671875,134.42391967773438,42.67403793334961,58.132530212402344,41.780696868896484,1
539.5,149.698486328125,1.8928571939468384,18.480457305908203,142.58489990234375,108.22371673583984,9.284381866455078,69.88518524169922,52.4971809387207,1
887.5,246.9533233642578,0.8461538553237915,43.75,142.08216857910156,132.07298278808594,54.56778335571289,56.955650329589844,54.127506256103516,1
2180.0,205.11270141601562,0.5522388219833374,65.10286712646484,80.53892517089844,176.76039123535156,52.206329345703125,55.936588287353516,64.91743469238281,1
12915.0,456.0,0.8548387289047241,35.33977508544922,111.52867889404297,72.42414855957031,43.748775482177734,102.09685516357422,90.40792846679688,1
440.0,113.45584106445312,0.939393937587738,21.148582458496094,176.10655212402344,163.8299102783203,36.91202926635742,42.114044189453125,56.53731155395508,1
15702.0,1053.2691650390625,0.9234449863433838,32.23484802246094,125.96348571777344,171.18896484375,21.790185928344727,52.8399658203125,48.70876693725586,1
1215.0,138.82843017578125,1.1818181276321411,23.871795654296875,177.7140655517578,141.40170288085938,29.560256958007812,54.57957458496094,59.65985870361328,1
19124.5,727.889404296875,0.6233183741569519,66.94432067871094,160.23486328125,121.1136245727539,41.43748474121094,58.26321029663086,62.921974182128906,1
3224.5,437.864990234375,2.457627058029175,51.367271423339844,75.23226165771484,138.55300903320312,41.804325103759766,42.843841552734375,58.64722442626953,1
6697.5,423.095458984375,1.4155844449996948,61.782676696777344,159.62051391601562,185.20291137695312,36.20054244995117,66.55704498291016,52.322227478027344,1
170560.5,1664.9229736328125,1.4322251081466675,23.24155616760254,114.22657775878906,113.58141326904297,21.64893913269043,53.66178894042969,51.878692626953125,1
60036.0,3392.3271484375,1.1375000476837158,25.88465690612793,165.25820922851562,163.49208068847656,17.332983016967773,56.21003341674805,53.10354232788086,1
1510.0,165.7989959716797,1.097561001777649,21.50027084350586,161.6617889404297,150.3788604736328,19.600858688354492,51.4139518737793,58.4073371887207,1
15210.5,910.13916015625,1.2307692766189575,28.173473358154297,161.8531036376953,105.37452697753906,25.401573181152344,55.101016998291016,50.84384536743164,1
40387.5,2430.677490234375,0.9131736755371094,27.555070877075195,139.9723358154297,154.4027557373047,38.009124755859375,54.45781326293945,64.59588623046875,1
7234.0,932.9259643554688,0.7848101258277893,41.735862731933594,117.94400787353516,153.40475463867188,34.187217712402344,49.57986831665039,63.36515808105469,1
879.0,129.11270141601562,0.6829268336296082,44.5827522277832,138.66114807128906,86.93118286132812,36.82936096191406,68.79117584228516,48.35468673706055,1
1971.5,195.35533142089844,2.057142972946167,47.54008102416992,132.23770141601562,181.36587524414062,33.25511169433594,57.26424789428711,46.145999908447266,1
121785.0,1396.0,0.9774011373519897,34.94746398925781,156.62918090820312,139.681884765625,41.59619140625,91.90068817138672,87.9195556640625,1
176542.0,4079.28759765625,1.3333333730697632,38.62300491333008,132.67059326171875,139.55125427246094,29.45775604248047,51.813148498535156,66.6433334350586,1
10688.5,811.203125,1.045454502105713,20.580642700195312,170.71897888183594,103.79243469238281,6.517776966094971,72.8533706665039,48.08509826660156,1
12838.0,677.3280029296875,1.637795329093933,30.882495880126953,149.06776428222656,122.67561340332031,16.897558212280273,53.45764923095703,62.47390365600586,1
2387.5,467.095458984375,2.1666667461395264,30.197540283203125,143.14862060546875,132.1855010986328,12.661617279052734,51.157562255859375,55.419898986816406,1
6841.5,370.52691650390625,1.3421052694320679,14.006836891174316,207.28237915039062,111.53005981445312,1.119223952293396,26.254837036132812,21.299074172973633,1
3745.0,355.5390930175781,0.9873417615890503,41.21162033081055,170.5253143310547,124.44790649414062,53.133087158203125,65.54908752441406,58.214988708496094,1
2351.5,240.1837615966797,0.9811320900917053,27.40058135986328,176.8773651123047,147.45318603515625,16.242401123046875,55.11165237426758,67.16205596923828,1
47202.0,1501.77880859375,1.0,23.111801147460938,93.7012939453125,110.5927734375,30.298139572143555,66.80815124511719,50.779300689697266,1
18373.5,574.7178344726562,1.025477647781372,38.57862854003906,91.16085815429688,121.89409637451172,42.36659622192383,73.48023986816406,41.417266845703125,1
11400.0,428.0,0.8782608509063721,44.66069793701172,63.281532287597656,65.68058776855469,53.0501708984375,85.30702209472656,89.21897888183594,1
6810.5,315.0365905761719,0.8500000238418579,139.0432891845703,145.84164428710938,92.11611938476562,58.41790771484375,87.9001235961914,81.40135955810547,1
3045.0,238.22540283203125,1.3703703880310059,27.200700759887695,202.10960388183594,166.90765380859375,14.658414840698242,42.99040222167969,27.539947509765625,1
4042.0,277.9411315917969,0.4554455578327179,39.40400314331055,111.79595184326172,118.10783386230469,40.48320388793945,67.18866729736328,60.89260482788086,1
302175.0,2421.504638671875,1.3333333730697632,47.50416564941406,121.11382293701172,156.2125244140625,35.729454040527344,52.68171310424805,56.07575225830078,1
70379.5,1951.869140625,1.515570878982544,63.18205642700195,112.90028381347656,122.51875305175781,44.021915435791016,62.77883529663086,59.87423324584961,1
6806.0,330.0,1.0120482444763184,11.315404891967773,71.50544738769531,41.06597900390625,25.142444610595703,101.20684814453125,73.56031036376953,1
7565.0,348.0,0.9555555582046509,43.85090255737305,71.56072235107422,148.80038452148438,47.3300895690918,75.86949157714844,41.10569763183594,1
5904.0,308.0,1.136986255645752,40.39511489868164,167.72915649414062,139.817138671875,15.84408950805664,62.363128662109375,72.18890380859375,1
17671.5,836.2325439453125,1.6058393716812134,36.17750549316406,238.9519500732422,137.65646362304688,25.336200714111328,36.80624771118164,71.59281921386719,1
167846.5,3103.0263671875,1.7777777910232544,21.844926834106445,79.05755615234375,135.35360717773438,7.651864051818848,47.08030319213867,51.700462341308594,1
4678.0,739.1614379882812,1.0,21.25048065185547,147.15936279296875,192.97654724121094,29.485572814941406,49.994258880615234,45.209964752197266,1
881.0,129.11270141601562,0.6829268336296082,44.05052185058594,136.89459228515625,86.73345184326172,36.27845764160156,69.30023956298828,47.861976623535156,1
77871.0,1120.0,0.8486841917037964,30.620283126831055,175.98646545410156,129.30905151367188,30.505414962768555,108.3322525024414,98.0106201171875,1
8903.0,808.3919067382812,2.9538462162017822,69.0977554321289,196.7161102294922,158.8988800048828,32.99229431152344,64.6431655883789,43.3259391784668,1
96600.0,1514.4549560546875,0.8082524538040161,47.64902114868164,122.23187255859375,101.19129180908203,36.47090148925781,64.80860137939453,55.39908981323242,1
1656.5,192.87005615234375,1.4210525751113892,62.984893798828125,156.48976135253906,184.0653076171875,35.28364944458008,66.26527404785156,51.77888870239258,1
21256.5,857.6295166015625,1.718120813369751,42.77317428588867,134.33045959472656,113.35478973388672,48.87788772583008,83.78376770019531,57.347232818603516,1
16066.0,643.9310302734375,1.3812949657440186,25.254196166992188,193.498046875,144.62196350097656,18.97641372680664,65.26961517333984,64.95187377929688,1
3176.0,336.7106628417969,0.5299999713897705,53.8260383605957,160.4449005126953,153.33094787597656,34.42942428588867,67.35918426513672,52.77336120605469,1
130255.0,1804.028564453125,1.1091370582580566,71.87596893310547,115.4798355102539,122.24622344970703,55.429969787597656,43.53462219238281,60.34614181518555,1
7494598.5,22882.63671875,1.4192185401916504,22.246593475341797,70.4898452758789,143.741943359375,14.10555362701416,64.4635009765625,42.98163986206055,1
261896.0,3242.101806640625,1.3333333730697632,29.385000228881836,182.7700653076172,174.1829833984375,11.725563049316406,49.69975280761719,54.03718185424805,1
9384.0,412.0,0.49640288949012756,25.46116065979004,103.04973602294922,46.573455810546875,37.6929817199707,108.48265075683594,77.10653686523438,1
2768.5,322.8111877441406,1.7872340679168701,53.6084098815918,188.20870971679688,156.24899291992188,33.71769714355469,53.23412322998047,49.90437316894531,1
1794.5,309.6396179199219,2.026315689086914,51.06117630004883,152.19241333007812,147.5092315673828,32.96257019042969,61.54102325439453,45.99233627319336,1
14330.5,488.35028076171875,1.1360000371932983,21.52349281311035,154.22625732421875,98.79611206054688,7.302624225616455,47.73102951049805,32.03044128417969,1
209048.0,2630.170654296875,0.3968871533870697,13.496223449707031,8.038006782531738,89.02885437011719,16.10135841369629,10.12857437133789,64.38692474365234,1
25526.0,945.1026000976562,1.7569444179534912,32.87316131591797,221.39234924316406,145.66455078125,23.759748458862305,36.56987762451172,52.395477294921875,1
693.5,193.698486328125,0.7560975551605225,59.67427062988281,95.67034149169922,149.5342254638672,48.23217010498047,58.64017105102539,56.52278137207031,1
2198.5,268.18377685546875,2.65625,32.41102981567383,78.11250305175781,164.99264526367188,39.18340301513672,49.58592987060547,51.55909729003906,1
717.5,196.46803283691406,1.059999942779541,71.96453094482422,208.648681640625,146.809814453125,30.19873046875,48.831947326660156,35.083274841308594,1
17198.0,805.2203369140625,1.5864661931991577,36.66136932373047,242.93368530273438,138.70947265625,25.032209396362305,20.317790985107422,72.5271224975586,1
919034.5,4016.610107421875,1.7777777910232544,23.121074676513672,76.06184387207031,118.48938751220703,9.429755210876465,48.20310974121094,49.10883331298828,1
165960.0,3426.552490234375,1.3333333730697632,18.440277099609375,182.1162109375,146.3301239013672,16.56606674194336,52.210304260253906,70.31157684326172,1
47034.0,870.0,1.1633663177490234,12.137939453125,107.963134765625,117.8964614868164,14.77579402923584,108.93291473388672,90.161865234375,1
1681.0,178.1421356201172,0.795918345451355,16.63422203063965,179.266357421875,144.94505310058594,11.433637619018555,50.677738189697266,61.11036682128906,1
5603.0,412.22540283203125,2.2931034564971924,48.0566520690918,176.14596557617188,150.19082641601562,31.592967987060547,47.18450927734375,59.4122200012207,1
93832.0,1226.0,1.070707082748413,29.552907943725586,121.95896911621094,126.02145385742188,36.67218780517578,78.6458511352539,89.42753601074219,1
51362.0,926.2254028320312,1.1401869058609009,36.06645584106445,134.2536163330078,142.72866821289062,15.601574897766113,47.13330841064453,56.9649658203125,1
75618.5,4618.27978515625,0.9972375631332397,41.6201171875,170.41065979003906,150.24920654296875,16.487876892089844,41.47361755371094,48.06378173828125,1
671.0,168.22540283203125,1.307692289352417,65.96430206298828,84.04776000976562,137.26495361328125,52.74989318847656,50.91372299194336,66.78328704833984,1
39964.0,800.0,1.0615384578704834,22.022619247436523,104.46904754638672,105.4854736328125,22.26573944091797,94.69778442382812,91.50347900390625,1
7277.0,324.2497863769531,0.9399999976158142,130.02064514160156,110.29755401611328,106.80553436279297,66.1175765991211,75.2431411743164,83.37970733642578,1
115.5,52.3847770690918,1.2857142686843872,38.380950927734375,127.99603271484375,176.32142639160156,41.602779388427734,64.52509307861328,62.22625732421875,1
3778.0,616.5340576171875,0.9736841917037964,20.421630859375,183.13873291015625,174.8207244873047,3.748018980026245,49.55667495727539,34.350215911865234,1
24550.0,746.0244140625,1.0641025304794312,41.93389129638672,125.1662826538086,141.66867065429688,34.03730392456055,50.69118118286133,68.3013916015625,1
1892.5,209.49746704101562,1.3043478727340698,42.692752838134766,193.13478088378906,144.74420166015625,25.43891143798828,47.64372634887695,45.439701080322266,1
119877.5,3308.36865234375,1.7927170991897583,56.421905517578125,100.32241821289062,145.02902221679688,46.78444290161133,59.84575653076172,57.65643310546875,1
279.0,73.65685272216797,2.0,9.624259948730469,200.49111938476562,121.48224639892578,5.1225457191467285,32.45289993286133,48.551639556884766,1
17479.0,1464.926025390625,1.24210524559021,32.09357833862305,200.67626953125,207.2636260986328,16.906171798706055,57.944725036621094,52.20962142944336,1
1555.5,241.8406219482422,1.7317073345184326,30.186878204345703,179.25489807128906,150.020263671875,45.86933517456055,38.545074462890625,61.31385040283203,1
2128271.5,5704.02783203125,0.9896844625473022,44.80329895019531,92.71012878417969,123.90966796875,42.05339813232422,47.09543228149414,42.087059020996094,1
27356.5,1832.104736328125,1.147982120513916,45.93797302246094,166.76870727539062,167.8779754638672,51.6047248840332,42.42036056518555,72.02754211425781,1
69432.0,1054.0,0.99622642993927,25.90314483642578,56.800357818603516,94.43495178222656,41.06035232543945,86.91630554199219,105.252197265625,1
95065.0,2337.79296875,1.3405994176864624,56.01072311401367,125.99727630615234,172.67137145996094,40.83432388305664,80.62126159667969,68.46566009521484,1
5143.5,431.4385986328125,0.44525548815727234,34.98360824584961,110.15100860595703,150.01077270507812,13.80783462524414,55.511417388916016,71.6000747680664,1
3542.0,464.877197265625,1.25,73.44591522216797,134.06541442871094,129.57664489746094,39.3984489440918,52.730003356933594,55.52581024169922,1
364690.5,6281.2744140625,1.1883656978607178,23.995567321777344,71.68148040771484,115.84735870361328,14.652626991271973,48.23081588745117,53.93207931518555,1
651.5,151.15432739257812,1.1842105388641357,52.690059661865234,160.1052703857422,148.24620056152344,34.055320739746094,48.68330001831055,62.15264892578125,1
8446.0,478.4508056640625,0.6216216087341309,66.92648315429688,160.8509063720703,120.19924926757812,41.402587890625,58.204673767089844,62.66230392456055,1
85040.0,1544.1219482421875,0.8525000214576721,66.82691955566406,160.40740966796875,120.96405792236328,41.42057418823242,58.20563888549805,62.88042068481445,1
2652.0,243.76449584960938,1.292307734489441,50.18937683105469,110.1565933227539,174.0492706298828,54.55956268310547,62.803565979003906,64.57115173339844,1
2002225.0,5660.0,1.0,11.68398380279541,29.925758361816406,56.586544036865234,17.321325302124023,47.62132263183594,68.81842803955078,1
13990.0,1536.08740234375,1.529850721359253,38.26075744628906,119.18714904785156,155.9630126953125,31.02671241760254,36.521453857421875,40.139034271240234,1
5741.5,516.2081298828125,1.204301118850708,41.81499481201172,158.79196166992188,134.05030822753906,46.34381866455078,64.34493255615234,57.60944366455078,1
5208.5,502.26702880859375,1.2236841917037964,69.24236297607422,86.64714050292969,181.13243103027344,46.78270721435547,46.3685302734375,70.09883880615234,1
6320.0,318.0,1.0125000476837158,15.518209457397461,63.323612213134766,45.93935012817383,29.953893661499023,90.684326171875,83.88056945800781,1
233.0,96.14213562011719,0.9629629850387573,17.259260177612305,136.70370483398438,204.5413055419922,11.281102180480957,27.943735122680664,55.07930374145508,1
242945.0,3950.625732421875,1.1837238073349,26.11251449584961,49.204124450683594,123.43907165527344,26.546232223510742,72.89507293701172,82.24211120605469,1
1623.0,327.96551513671875,1.2068965435028076,74.86822509765625,131.69064331054688,131.44212341308594,38.960201263427734,53.493743896484375,56.00242614746094,1
1965677.5,7350.17431640625,0.9495747089385986,51.8541145324707,92.40821838378906,85.18588256835938,43.393707275390625,50.3495979309082,52.49656677246094,1
35816.5,2640.746337890625,1.081712007522583,39.06662368774414,161.2203369140625,166.5904541015625,37.49821853637695,42.97232437133789,61.75251007080078,1
10500.0,410.0,1.0495049953460693,26.938819885253906,137.65850830078125,74.37567901611328,38.26939010620117,97.68659973144531,84.46588134765625,1
1885340.0,5490.712890625,0.7879690527915955,38.99793243408203,118.66015625,119.38227081298828,37.921730041503906,54.52312469482422,44.31595993041992,1
16159.0,512.0,0.7916666865348816,43.730506896972656,59.823280334472656,139.88670349121094,44.28191375732422,67.2583999633789,58.078651428222656,1
158243.0,4898.31103515625,1.3333333730697632,27.910736083984375,167.78504943847656,162.63912963867188,19.419885635375977,45.614410400390625,67.01984405517578,1
8025006.0,27862.76953125,1.5330798625946045,15.90898609161377,105.97834777832031,143.56826782226562,3.055903673171997,62.89030838012695,32.25425720214844,1
20237.5,831.9137573242188,1.180124282836914,39.910789489746094,114.09989929199219,128.93896484375,43.89484405517578,85.44564056396484,41.25074005126953,1
1871.0,191.7989959716797,1.0,48.13468933105469,159.39224243164062,127.25047302246094,59.21928405761719,59.95146942138672,63.762264251708984,1
8248.5,403.66400146484375,0.9482758641242981,23.02327537536621,187.169677734375,141.21896362304688,21.042150497436523,54.87183380126953,67.67897033691406,1
13886.0,770.9360961914062,1.8823529481887817,33.108253479003906,137.37014770507812,166.44265747070312,33.2386360168457,38.90732192993164,59.7435302734375,1
5332.0,767.5634765625,0.7368420958518982,40.83865737915039,100.99456787109375,147.85546875,29.700706481933594,62.45767593383789,74.93421173095703,1
64588.0,1018.0,0.8996282815933228,40.86469650268555,148.8410186767578,133.61578369140625,44.55012130737305,102.3054428100586,105.01300048828125,1
79135.0,1136.0,1.3170732259750366,36.85284423828125,146.69566345214844,162.6148681640625,29.686813354492188,94.68286895751953,62.34077072143555,1
271.5,118.04163360595703,0.9666666388511658,17.193103790283203,162.16551208496094,196.38619995117188,10.626877784729004,30.575780868530273,67.56220245361328,1
4640.0,567.9898681640625,0.954954981803894,27.74953269958496,137.84165954589844,154.1119384765625,37.2906608581543,54.343074798583984,64.2301025390625,1
423.5,103.698486328125,1.3333333730697632,24.06119728088379,179.0078125,101.83853912353516,22.196744918823242,54.06364440917969,54.91883087158203,1
171588.5,2315.452880859375,0.5625,19.50299835205078,98.32794952392578,114.36515808105469,5.183033466339111,24.928512573242188,52.005916595458984,1
2159.0,414.1665344238281,1.1692308187484741,45.46255111694336,108.10243225097656,136.05526733398438,41.29294967651367,59.021888732910156,68.00680541992188,1
1875450.5,5338.2880859375,0.9822335243225098,47.100547790527344,111.57785034179688,115.42156219482422,43.54793167114258,60.77517318725586,46.33665466308594,1
595.5,164.87005615234375,1.8695652484893799,18.7249755859375,213.91607666015625,138.71485900878906,12.566956520080566,42.391357421875,60.52260971069336,1
1386.0,230.56854248046875,1.1481481790542603,45.398746490478516,103.42413330078125,134.50985717773438,39.046875,61.866294860839844,68.60599517822266,1
17662.0,538.8284301757812,1.0303030014038086,38.21657943725586,158.17156982421875,146.640380859375,24.40748405456543,55.55101776123047,79.99995422363281,1
32934.5,946.2913818359375,1.1235954761505127,39.37820053100586,157.12660217285156,167.67617797851562,16.326091766357422,51.52798080444336,58.33879470825195,1
6709.0,422.5096740722656,0.7064220309257507,61.71893310546875,159.66567993164062,185.04348754882812,36.09248352050781,66.42988586425781,52.41270065307617,1
988.5,137.8994903564453,0.46000000834465027,38.37913131713867,111.04174041748047,117.04434967041016,39.41176986694336,66.49292755126953,60.72003173828125,1
10530.0,422.0,0.6259542107582092,16.982685089111328,72.27741241455078,47.36147689819336,26.541526794433594,90.94947814941406,70.74381256103516,1
7266.0,324.5929260253906,0.9300000071525574,130.82408142089844,121.5169906616211,102.59925079345703,64.98544311523438,80.75125122070312,82.77971649169922,1
2736121.0,16409.7578125,1.1003769636154175,21.517772674560547,79.24585723876953,134.52928161621094,7.772562503814697,58.78406524658203,46.45894241333008,1
16080.0,761.4457397460938,0.856249988079071,15.719799041748047,179.6318359375,147.20123291015625,30.86164665222168,47.263092041015625,47.26457214355469,1
2630.0,413.1370849609375,0.5368421077728271,57.63942337036133,98.3659439086914,114.63797760009766,54.75312042236328,60.26962661743164,58.54703140258789,1
2750.0,218.82843017578125,1.25,35.07465362548828,183.42117309570312,163.76214599609375,11.320963859558105,57.141231536865234,66.69453430175781,1
42308.5,1447.0509033203125,1.3387755155563354,56.042137145996094,125.9010238647461,172.72494506835938,40.82414245605469,80.62153625488281,68.45303344726562,1
67934.0,1198.048828125,1.1304347515106201,48.1868782043457,137.99667358398438,150.3110809326172,35.104671478271484,71.20066833496094,62.99296951293945,1
129423.0,1478.3675537109375,0.9972375631332397,41.6201171875,170.41067504882812,150.24920654296875,16.487876892089844,41.4736328125,48.06378173828125,1
3118.5,223.41421508789062,1.0,37.33179473876953,188.1809844970703,140.5531005859375,6.957115173339844,42.62880325317383,52.85390090942383,1
120879.0,2031.5433349609375,0.831250011920929,38.53226852416992,236.10011291503906,158.959228515625,21.425662994384766,24.332210540771484,56.90062713623047,1
2332.0,245.05381774902344,0.6712328791618347,46.45513153076172,122.69359588623047,120.74727630615234,38.212188720703125,64.65834045410156,58.98589324951172,1
8087.0,753.4213256835938,0.3193717300891876,64.61968994140625,188.9691925048828,175.2188720703125,32.40491485595703,51.3322868347168,54.91654968261719,1
417.0,137.11270141601562,0.1587301641702652,43.18730163574219,172.14126586914062,84.48094940185547,25.00145721435547,50.50743103027344,54.989280700683594,1
185950.5,4428.849609375,0.9125475287437439,20.860633850097656,57.777400970458984,113.40542602539062,16.048349380493164,82.19639587402344,59.2081298828125,1
676.0,104.0,1.0,19.578874588012695,175.51303100585938,166.9917755126953,11.543067932128906,32.07334899902344,67.26081085205078,1
1238.0,174.76954650878906,1.6470588445663452,53.4774169921875,228.34454345703125,124.70536041259766,27.382091522216797,26.83725929260254,36.85170364379883,1
5049.0,300.0,1.923076868057251,24.14173126220703,133.55499267578125,163.3153839111328,14.253585815429688,50.83693313598633,68.82189178466797,1
1408.5,161.49746704101562,0.7254902124404907,44.12188720703125,136.44091796875,90.20349884033203,37.038787841796875,69.8338623046875,44.98323059082031,1
8484.5,479.5218505859375,0.6283783912658691,66.59779357910156,159.2675018310547,121.52615356445312,41.31896209716797,57.566802978515625,62.85795974731445,1
1546.0,359.88226318359375,1.2075471878051758,28.559846878051758,148.2426300048828,183.0813751220703,22.57008171081543,45.45406723022461,68.91394805908203,1
8386.0,713.9066162109375,0.8225806355476379,24.83467674255371,169.18011474609375,139.34890747070312,28.86548614501953,50.094627380371094,69.35607147216797,1
8248.5,403.66400146484375,0.9482758641242981,23.02327537536621,187.17005920410156,141.21896362304688,21.042150497436523,54.87179183959961,67.67897033691406,1
2422.0,323.39697265625,0.5052631497383118,26.593202590942383,131.16622924804688,177.94517517089844,9.114192962646484,49.734989166259766,68.72229766845703,1
184985.5,2565.834716796875,1.4317673444747925,60.25917053222656,131.27218627929688,113.6054916381836,47.16365432739258,67.96858978271484,69.23334503173828,1
120141.0,2281.34228515625,2.361623525619507,32.814754486083984,221.4814910888672,145.9913787841797,23.707561492919922,36.6103515625,52.54170227050781,1
1448.0,164.08326721191406,1.4594594240188599,48.4944953918457,125.50700378417969,92.92642974853516,37.13603210449219,67.49430847167969,50.510250091552734,1
87432.0,2051.36669921875,1.0996978282928467,39.4693717956543,174.64547729492188,156.4803009033203,36.790157318115234,50.728946685791016,62.374752044677734,1
2094.5,388.6690368652344,3.366666555404663,25.588119506835938,142.3062744140625,93.31584167480469,36.43793869018555,75.06133270263672,38.2237663269043,1
26235.5,1754.0946044921875,1.5736041069030762,31.394187927246094,182.73089599609375,178.5571746826172,27.210128784179688,41.97248077392578,48.52798080444336,1
1666.5,306.8111877441406,0.9322034120559692,15.330046653747559,195.1999969482422,201.19969177246094,9.01089096069336,46.23876953125,49.68727493286133,1
21028.5,794.1980590820312,1.5205479860305786,88.39324951171875,176.10134887695312,137.72352600097656,74.34637451171875,65.07242584228516,73.33873748779297,1
12319.5,604.55126953125,1.8041237592697144,36.444419860839844,227.9734344482422,134.33596801757812,25.804258346557617,25.689470291137695,48.9383544921875,1
1512.0,151.39697265625,1.045454502105713,24.71936798095703,113.30484008789062,114.79841613769531,24.47730827331543,53.66456604003906,52.598289489746094,1
68547.5,1192.2669677734375,1.0866141319274902,33.062747955322266,200.40980529785156,182.6284942626953,17.69341468811035,57.814273834228516,68.51466369628906,1
104329.0,1292.0,1.0,17.963315963745117,66.8418197631836,71.06192779541016,21.131568908691406,74.90067291259766,81.89486694335938,1
3392.0,383.5390930175781,2.6315789222717285,18.98619842529297,145.05929565429688,121.4083023071289,3.8288893699645996,66.2596435546875,55.5694694519043,1
805.5,209.35533142089844,2.3214285373687744,20.77912139892578,157.11648559570312,139.7269287109375,12.829122543334961,51.184654235839844,50.530120849609375,1
174685.5,7389.8857421875,1.3333333730697632,30.777551651000977,173.78062438964844,161.22462463378906,22.713348388671875,42.55345153808594,56.31309509277344,1
1798.5,170.0416259765625,1.045454502105713,22.566205978393555,176.3404083251953,147.79693603515625,21.381662368774414,61.42829132080078,60.145103454589844,1
409903.5,6277.09765625,1.4986110925674438,22.077083587646484,63.63286590576172,120.65158081054688,16.928499221801758,43.06336975097656,52.433380126953125,1
109442.5,1649.5849609375,1.116710901260376,33.653377532958984,161.79400634765625,157.06759643554688,37.63032150268555,87.93421173095703,58.413150787353516,1
17623.5,538.2426147460938,0.9142857193946838,38.948158264160156,140.73074340820312,145.37567138671875,24.744237899780273,62.12281036376953,79.2185287475586,1
10197.0,404.0,1.0399999618530273,30.046539306640625,66.55365753173828,53.279422760009766,44.392555236816406,89.53706359863281,79.84068298339844,1
1801192.0,7060.27490234375,0.8780487775802612,57.26776123046875,80.27593231201172,131.220947265625,48.58091735839844,53.229042053222656,46.4793815612793,1
203638.5,4994.62841796875,0.9542743563652039,73.31695556640625,103.41374206542969,111.06625366210938,51.89942169189453,70.33464050292969,70.48633575439453,1
1455.0,151.05381774902344,0.97826087474823,27.908695220947266,112.08261108398438,127.12898254394531,29.317153930664062,58.0631217956543,52.055091857910156,1
626.0,143.7989959716797,0.7222222089767456,22.762821197509766,151.1623992919922,156.2959442138672,1.3592616319656372,43.985130310058594,43.14009094238281,1
18189.0,540.0,0.9154929518699646,31.217388153076172,84.85888671875,77.1740493774414,37.53157043457031,90.02183532714844,90.91546630859375,1
700.0,116.14213562011719,1.4583333730697632,44.730953216552734,139.653564453125,74.23094940185547,35.98516845703125,67.15937042236328,42.67902374267578,1
2163.5,320.3258972167969,1.0535714626312256,31.516040802001953,174.07293701171875,139.7554473876953,28.27073860168457,35.4814567565918,44.7349967956543,1
17380.0,1467.9208984375,1.1597633361816406,27.913145065307617,167.78884887695312,162.6362762451172,19.42576026916504,45.619625091552734,67.0167007446289,1
1755.0,438.30865478515625,2.51111102104187,40.493412017822266,94.12841796875,128.0059051513672,29.801246643066406,61.592323303222656,52.06270980834961,1
3420.0,234.0,0.9508196711540222,25.785188674926758,169.06387329101562,153.95901489257812,15.472516059875488,36.15224075317383,70.2149658203125,1
305987.0,2260.4853515625,1.3333333730697632,37.04518508911133,145.5001983642578,148.05824279785156,15.841094970703125,42.34623336791992,68.79769134521484,1
31522.5,1160.683349609375,1.5714285373687744,16.940771102905273,168.20114135742188,148.9061279296875,39.57093048095703,68.38887786865234,56.306583404541016,1
26533.0,652.0,1.0759493112564087,25.984773635864258,93.8903579711914,139.5924072265625,27.300905227661133,83.50212860107422,65.22173309326172,1
287257.5,2291.462890625,1.3333333730697632,54.003013610839844,183.39276123046875,188.0508270263672,34.89244079589844,67.91968536376953,62.658111572265625,1
149995.5,6307.7294921875,1.3333333730697632,39.03635787963867,161.2187957763672,166.59239196777344,37.455421447753906,42.96446990966797,61.754974365234375,1
366583.5,6265.81884765625,1.1916667222976685,24.372570037841797,72.0372314453125,116.29904174804688,15.463037490844727,47.93120574951172,53.922855377197266,1
4080.0,256.0,1.1311475038528442,40.94535446166992,183.2549285888672,91.84248352050781,47.00389862060547,70.1326675415039,78.30751037597656,1
17662.0,538.8284301757812,1.0303030014038086,38.21657943725586,158.17156982421875,146.640380859375,24.40748405456543,55.55101776123047,79.99995422363281,1
40800.5,774.4234619140625,1.0086207389831543,110.7545166015625,118.09368896484375,184.0191192626953,79.61032104492188,76.20407104492188,51.605796813964844,1
8649.0,679.3868408203125,0.8219178318977356,19.412500381469727,204.76837158203125,159.0543975830078,9.298843383789062,40.736202239990234,39.105316162109375,1
9786.5,770.0315551757812,0.6666666865348816,33.4724235534668,152.7675018310547,170.04141235351562,17.743736267089844,39.52505874633789,58.61027526855469,1
259707.5,9043.603515625,0.75,21.132482528686523,56.076602935791016,144.29302978515625,12.716524124145508,77.27564239501953,60.874446868896484,1
696.5,237.6396026611328,1.696969747543335,72.04166412353516,172.1720733642578,154.3133087158203,36.38994598388672,66.84486389160156,54.7520751953125,1
37620.0,776.0,1.0418847799301147,26.95701026916504,118.98255920410156,68.41826629638672,36.06332015991211,116.85896301269531,71.6717300415039,1
1246.5,199.49746704101562,0.5373134613037109,23.320480346679688,187.92164611816406,132.16500854492188,17.3795223236084,62.554561614990234,70.8756103515625,1
13372.5,659.203125,1.5752211809158325,20.42502784729004,187.42572021484375,112.99348449707031,22.93150520324707,49.133323669433594,56.42664337158203,1
348.0,88.48528289794922,1.875,10.925000190734863,172.37290954589844,187.40208435058594,7.852189064025879,25.474016189575195,42.25644302368164,1
520.0,110.97056579589844,1.0,37.48596954345703,194.47703552246094,157.76913452148438,6.1788649559021,36.058372497558594,45.98678970336914,1
25695.5,950.3746948242188,1.751724123954773,32.82199478149414,221.47801208496094,145.93722534179688,23.713119506835938,36.58979034423828,52.51190185546875,1
420.5,198.72792053222656,3.4666666984558105,15.746153831481934,131.09744262695312,103.20256042480469,3.232792377471924,54.15813446044922,44.15055847167969,1
14780.0,569.3624877929688,0.7309941649436951,31.948022842407227,159.08921813964844,157.5413360595703,35.891902923583984,88.41314697265625,57.68981170654297,1
49434.0,890.0,1.07906973361969,33.10958480834961,108.94458770751953,120.22904968261719,27.805267333984375,83.49520111083984,89.51789093017578,1
304028.5,2568.776611328125,1.3333333730697632,27.27597999572754,184.2227020263672,158.96066284179688,13.524986267089844,30.365140914916992,65.66558837890625,1
1003515.5,4784.41552734375,0.8638132214546204,48.535518646240234,113.36692810058594,130.2830352783203,50.320159912109375,72.98375701904297,50.476749420166016,1
6341.5,573.3796997070312,1.1612902879714966,37.632816314697266,230.4913330078125,186.37814331054688,21.929092407226562,42.59831237792969,58.1733283996582,1
4178.0,271.6568603515625,1.1803278923034668,51.42577362060547,232.3267364501953,184.26275634765625,42.485435485839844,38.868961334228516,70.44894409179688,1
930.0,135.11270141601562,0.8999999761581421,19.515972137451172,206.65902709960938,115.80555725097656,1.8833394050598145,47.0974006652832,49.777042388916016,1
993.0,239.8822479248047,1.1777777671813965,49.57987594604492,135.7786102294922,141.64654541015625,56.8663330078125,52.345909118652344,60.016143798828125,1
12208.0,442.0,0.9734513163566589,44.06693649291992,61.067901611328125,73.72421264648438,52.578460693359375,85.08937072753906,96.71653747558594,1
371.0,78.6274185180664,1.0909091234207153,22.42424201965332,116.6912841796875,123.9015121459961,17.489334106445312,58.08814239501953,48.84512710571289,1
1362.0,164.97056579589844,0.6666666865348816,29.113033294677734,151.9134979248047,89.35063171386719,18.39305305480957,55.89750671386719,50.52506637573242,1
3771.0,348.8528137207031,0.72826087474823,38.4905891418457,236.10398864746094,159.23345947265625,21.390380859375,24.337465286254883,56.95473098754883,1
553395.0,9291.0263671875,0.5625,23.4643497467041,66.29547882080078,116.52680206298828,15.454660415649414,36.44492721557617,52.95009231567383,1
2382.0,525.9066162109375,0.557894766330719,52.57398223876953,171.14498901367188,142.3555145263672,34.74246597290039,55.263221740722656,43.96818923950195,1
2351.5,240.1837615966797,0.9811320900917053,29.11320686340332,177.75,148.2714080810547,21.088045120239258,56.67464065551758,67.5975570678711,1
1507.0,165.7989959716797,0.9111111164093018,21.518157958984375,162.57723999023438,150.9815673828125,18.945144653320312,51.9186897277832,59.29047393798828,1
977.5,134.87005615234375,1.482758641242981,57.55894088745117,108.82598114013672,102.104248046875,51.06534194946289,61.768516540527344,54.819908142089844,1
11408.0,450.48529052734375,1.247422695159912,35.0668830871582,183.46775817871094,163.75103759765625,11.312625885009766,57.192344665527344,66.653564453125,1
1648689.0,10246.6162109375,0.9758327603340149,61.142005920410156,83.40670013427734,121.03850555419922,51.03826141357422,53.96297836303711,50.248809814453125,1
1479.5,302.4680480957031,0.3870967626571655,38.57467269897461,112.71505737304688,120.96505737304688,26.700485229492188,59.9903564453125,52.54104995727539,1
9764.5,594.8599243164062,1.0362318754196167,26.389631271362305,156.81675720214844,130.06735229492188,28.999422073364258,57.14047622680664,60.8802604675293,1
37150.0,1324.357421875,1.8780487775802612,23.06734275817871,140.0752410888672,195.0119171142578,46.89325714111328,44.62100601196289,62.82076644897461,1
54142.0,934.0,0.8464567065238953,16.786577224731445,90.67029571533203,99.0980224609375,17.270076751708984,75.56808471679688,81.80595397949219,1
14384.0,480.0,1.068376064300537,37.26605224609375,56.397674560546875,163.93060302734375,53.760345458984375,67.81903076171875,56.85419845581055,1
7501.0,669.5634765625,1.0740740299224854,31.00973892211914,196.49362182617188,165.64024353027344,13.780993461608887,55.91657257080078,76.26136779785156,1
402779.0,4236.69482421875,2.75268816947937,22.527996063232422,114.60760498046875,108.91763305664062,7.71714973449707,55.83962631225586,61.827674865722656,1
10497.5,688.0660400390625,2.8656716346740723,72.953125,216.757080078125,164.8006134033203,31.103336334228516,51.58572006225586,41.73516082763672,1
30643.0,713.4558715820312,0.7549019455909729,44.377037048339844,148.3106689453125,163.17825317382812,23.184202194213867,65.94808197021484,60.495643615722656,1
643.0,111.31370544433594,0.5526315569877625,27.67794418334961,160.99624633789062,87.55513763427734,18.432435989379883,42.80923080444336,44.77998352050781,1
744.0,155.7401123046875,1.0232558250427246,66.07875061035156,97.29334259033203,188.83245849609375,57.467472076416016,60.59630584716797,63.94990158081055,1
246797.5,2046.95751953125,1.3333333730697632,47.0643310546875,133.82240295410156,181.56761169433594,33.63652801513672,58.405723571777344,46.213768005371094,1
30389.5,692.3990478515625,0.9052132964134216,18.8464298248291,157.1461944580078,205.94374084472656,39.0141487121582,88.07252502441406,34.266990661621094,1
214.0,84.14213562011719,2.461538553237915,23.134614944458008,204.35336303710938,142.21633911132812,2.082702159881592,30.473548889160156,57.45333480834961,1
3811.5,544.0903930664062,0.8333333134651184,32.240943908691406,187.0711669921875,175.7030029296875,16.572750091552734,30.175537109375,52.0838737487793,1
12191.0,970.607177734375,1.0285714864730835,26.677396774291992,149.44187927246094,150.33885192871094,26.506311416625977,56.2833251953125,55.60162353515625,1
871.0,280.91168212890625,3.7200000286102295,32.26408767700195,121.3023681640625,189.24859619140625,34.46308135986328,56.568702697753906,60.09415817260742,1
23555.0,651.9898681640625,1.0697674751281738,37.00385665893555,101.80406188964844,123.54856872558594,41.025386810302734,75.3861083984375,43.720733642578125,1
68520.0,1187.6812744140625,1.0866141319274902,33.063961029052734,199.68714904785156,183.04798889160156,17.67391014099121,57.7276496887207,68.36052703857422,1
19049.5,699.34521484375,1.097561001777649,36.97733688354492,114.61026763916016,128.77015686035156,39.88339614868164,84.26649475097656,42.675682067871094,1
1560.0,158.0,1.024999976158142,25.525609970092773,141.7481689453125,179.47743225097656,16.64021873474121,35.51966857910156,62.98479080200195,1
57498.0,962.0,1.165919303894043,32.89915466308594,111.68016815185547,121.9275131225586,24.297771453857422,82.27375030517578,87.55502319335938,1
2861.5,262.0660095214844,0.8904109597206116,18.533193588256836,167.59683227539062,103.34141540527344,5.883538246154785,72.87002563476562,52.897430419921875,1
2014.5,337.5807189941406,1.2666666507720947,20.82806968688965,179.9076690673828,166.21951293945312,15.01909065246582,51.86514663696289,62.84339904785156,1
919279.5,4006.325927734375,0.5625,22.17779541015625,59.551605224609375,121.13778686523438,7.944245338439941,39.346744537353516,46.10444259643555,1
526.5,186.1837615966797,1.1875,44.453948974609375,106.88322448730469,135.1521453857422,42.0452995300293,59.72454071044922,67.92798614501953,1
2754.0,210.0,0.9454545378684998,24.98986053466797,163.93426513671875,173.82272338867188,14.4251708984375,34.415679931640625,65.98394012451172,1
7397.5,329.66400146484375,0.9700000286102295,126.35082244873047,105.59268188476562,109.93144226074219,68.37113189697266,73.96284484863281,84.9752426147461,1
3078.5,356.7523193359375,0.6111111044883728,49.045658111572266,105.3214111328125,132.51657104492188,43.13320541381836,57.82740020751953,61.60948181152344,1
40407.5,846.0416259765625,0.9061033129692078,46.471187591552734,161.07933044433594,157.19976806640625,21.678110122680664,46.48307418823242,51.138099670410156,1
2115.0,184.0,1.04347825050354,36.71965408325195,181.2599639892578,156.51585388183594,13.831960678100586,45.94743728637695,59.88482666015625,1
23020.5,606.2426147460938,0.9125000238418579,48.12448501586914,132.92431640625,157.5115203857422,36.82938003540039,59.87570571899414,74.57597351074219,1
1188340.0,4749.427734375,0.9920381903648376,45.71949005126953,134.10897827148438,119.32449340820312,46.174007415771484,77.05836486816406,43.28864669799805,1
4909678.0,74474.3125,0.9053892493247986,28.15999984741211,64.60094451904297,148.19923400878906,21.049484252929688,59.3217887878418,41.64790344238281,1
229743.5,5730.8623046875,1.1664642095565796,21.137714385986328,83.31643676757812,151.32777404785156,11.130179405212402,86.15968322753906,63.48869323730469,1
144435.5,4254.431640625,1.3333333730697632,44.123233795166016,149.7147674560547,133.68939208984375,53.10026550292969,54.539249420166016,53.90696716308594,1
74129.5,1148.8111572265625,1.0992366075515747,49.15248489379883,161.7386474609375,178.48463439941406,18.960826873779297,42.57677459716797,38.727237701416016,1
1536.0,188.42640686035156,0.4084506928920746,37.83244323730469,131.87615966796875,99.50607299804688,33.38358688354492,62.241119384765625,51.18668746948242,1
4900.0,299.9066467285156,0.8199999928474426,34.20768356323242,89.01268005371094,134.75341796875,40.948707580566406,58.10538101196289,77.11012268066406,1
105014.0,2226.4306640625,1.7297297716140747,41.452884674072266,227.27090454101562,141.71897888183594,27.48151397705078,38.1895866394043,61.282676696777344,1
878.0,129.11270141601562,0.6829268336296082,45.31010437011719,134.42333984375,86.36585235595703,37.64143753051758,70.62124633789062,47.7326545715332,1
3778.0,616.5340576171875,1.0270270109176636,20.421630859375,183.13864135742188,174.8207244873047,3.748018980026245,49.556697845458984,34.350215911865234,1
25112.0,635.1126708984375,1.0641025304794312,41.93389129638672,125.1662826538086,141.66867065429688,34.03730392456055,50.69118118286133,68.3013916015625,1
5243.0,295.5634765625,0.9569892287254333,36.517822265625,111.27377319335938,115.91687774658203,45.96369552612305,67.13446807861328,80.39409637451172,1
2815.0,342.3675231933594,1.1176470518112183,40.55882263183594,102.67569732666016,144.55088806152344,40.455718994140625,71.89373016357422,65.752197265625,1
82850.0,2352.028564453125,2.529644250869751,46.212005615234375,145.62669372558594,138.72024536132812,30.28056526184082,68.2491226196289,63.964622497558594,1
776.0,228.28427124023438,1.2424242496490479,61.36289596557617,154.74427795410156,223.9600830078125,80.64359283447266,37.183921813964844,25.479610443115234,1
888.5,272.6690368652344,0.2688172161579132,31.948387145996094,122.18753051757812,189.0550537109375,33.350624084472656,57.61772537231445,62.507259368896484,1
51624.0,910.0,1.1059907674789429,26.917510986328125,107.40605163574219,113.63809204101562,22.75101661682129,84.58865356445312,91.55175018310547,1
82344.0,1148.0,0.9658703207969666,25.853904724121094,98.17851257324219,112.82707214355469,27.106882095336914,74.65909576416016,81.2638168334961,1
37028.0,1408.465087890625,0.7425373196601868,26.47982406616211,166.83937072753906,153.94200134277344,28.432483673095703,69.8210678100586,62.145973205566406,1
5328.0,292.0,0.9733333587646484,34.42831039428711,83.25004577636719,76.35835266113281,47.33863067626953,94.98999786376953,81.65913391113281,1
16090.5,1149.1929931640625,0.8808290362358093,24.354068756103516,193.21478271484375,189.0349884033203,25.538145065307617,77.34741973876953,46.4637336730957,1
23172.0,1044.6417236328125,1.181249976158142,16.657440185546875,190.67523193359375,106.2056884765625,25.979551315307617,45.67208480834961,59.08331298828125,1
10497.5,687.2376098632812,2.8656716346740723,73.00015258789062,216.71603393554688,164.92079162597656,31.102293014526367,51.811912536621094,41.8144645690918,1
16735.0,1063.00927734375,1.203703761100769,18.08376121520996,161.7718963623047,177.64678955078125,14.014436721801758,94.67389678955078,41.30266571044922,1
300574.0,4537.0419921875,1.3763889074325562,23.236576080322266,90.67322540283203,121.61953735351562,12.29907512664795,56.17367172241211,66.83968353271484,1
302578.0,2655.043701171875,1.3333333730697632,25.733909606933594,143.11807250976562,180.3531951904297,17.41230010986328,36.519073486328125,65.262939453125,1
1427.5,213.49746704101562,1.0350877046585083,47.94498825073242,102.95777893066406,149.77401733398438,36.89714813232422,57.484710693359375,70.56258392333984,1
39280.5,824.384765625,0.9138755798339844,42.267391204833984,166.05743408203125,163.49954223632812,24.219127655029297,72.71687316894531,70.74627685546875,1
704.5,179.698486328125,1.024999976158142,11.122560501098633,122.23597717285156,243.97804260253906,6.403903484344482,33.39583206176758,15.144652366638184,1
5877.0,394.7939453125,0.49253731966018677,61.534034729003906,153.76910400390625,125.38670349121094,55.254051208496094,75.02408599853516,63.56061935424805,1
342.5,78.38477325439453,0.6666666865348816,47.52674865722656,122.11316680908203,91.58230590820312,37.5306510925293,72.98636627197266,48.872562408447266,1
700256.5,3936.068359375,0.7981651425361633,42.39869689941406,103.67597961425781,127.33216857910156,45.28801345825195,61.33424377441406,44.83338165283203,1
44132.0,846.0,0.7932489514350891,34.449073791503906,145.13282775878906,102.55415344238281,35.85578155517578,109.84589385986328,89.28324127197266,1
971.0,256.22540283203125,1.2558139562606812,42.40008544921875,149.29974365234375,132.94143676757812,52.33685302734375,54.77800750732422,53.545780181884766,1
17885.0,564.4163208007812,1.1111111640930176,41.746788024902344,85.64875030517578,126.24701690673828,42.38618087768555,71.58162689208984,40.50918197631836,1
45393.0,1334.2640380859375,1.0740740299224854,34.021263122558594,187.6892852783203,170.41268920898438,40.12793731689453,45.55234146118164,58.315914154052734,1
24550.0,746.0244140625,1.0641025304794312,41.93389129638672,125.16647338867188,141.66867065429688,34.03730392456055,50.69090270996094,68.3013916015625,1
131067.5,3301.589111328125,1.4678899049758911,64.09326934814453,109.17652130126953,145.43704223632812,40.795143127441406,57.15101623535156,60.91795349121094,1
6701.0,424.5096740722656,1.4155844449996948,61.94960021972656,160.19183349609375,185.17979431152344,36.20431900024414,66.15139770507812,52.16985321044922,1
31491.0,2718.49365234375,1.2830188274383545,35.68559265136719,130.5247344970703,139.58670043945312,23.139606475830078,44.29560852050781,47.85346221923828,1
12078.0,442.0,1.2300000190734863,30.949756622314453,81.28813171386719,60.74796676635742,38.86735534667969,92.60682678222656,73.11327362060547,1
32978.0,746.62744140625,1.0971428155899048,49.1519660949707,161.7308349609375,178.48287963867188,18.953092575073242,42.5689811706543,38.7149772644043,1
8672.5,450.0416259765625,2.7719297409057617,17.48811912536621,99.51309967041016,114.23429107666016,17.412202835083008,81.4005355834961,44.94355392456055,1
23535.0,648.1320190429688,1.0685714483261108,39.18979263305664,89.0218505859375,129.8201446533203,43.5954704284668,69.95098876953125,42.91259002685547,1
8077.5,557.4873657226562,0.6363636255264282,42.49443054199219,168.85598754882812,153.61195373535156,60.9478645324707,51.14176559448242,64.2967529296875,1
1589095.0,6878.544921875,1.0424628257751465,52.3079719543457,109.10250091552734,147.87986755371094,47.3024787902832,62.58583068847656,35.769561767578125,1
5016.0,284.0,1.1492537260055542,69.95425415039062,216.04400634765625,163.7555694580078,37.275020599365234,47.77051544189453,55.67182159423828,1
135424.0,1472.0,1.0,35.98711013793945,66.9449462890625,77.33535766601562,56.89860534667969,81.38225555419922,89.86576080322266,1
545566.0,7773.36474609375,1.7777777910232544,23.439350128173828,76.03657531738281,118.97140502929688,10.907999038696289,48.125770568847656,49.02250671386719,1
670.5,177.698486328125,0.9210526347160339,17.640602111816406,181.45338439941406,145.76766967773438,14.187843322753906,52.43335723876953,69.75043487548828,1
37451.5,887.0020751953125,1.1979695558547974,30.838186264038086,174.92686462402344,167.12477111816406,40.05152893066406,89.79894256591797,63.1028938293457,1
75775.5,2620.025634765625,0.35104671120643616,23.558761596679688,111.91609191894531,117.5294418334961,9.421401977539062,55.687618255615234,70.80489349365234,1
118414.5,1682.2913818359375,3.091787338256836,17.32925796508789,100.00334930419922,105.44197082519531,6.132888317108154,21.508411407470703,41.852779388427734,1
55977.5,2711.927978515625,0.4984374940395355,22.609609603881836,97.8230972290039,150.85769653320312,5.413768768310547,25.93480110168457,63.095619201660156,1
1159.5,144.1837615966797,0.6458333134651184,42.211021423339844,137.00604248046875,89.29368591308594,37.05042266845703,65.94357299804688,45.78211212158203,1
80644.5,1382.0457763671875,1.0184615850448608,44.7164192199707,138.1879425048828,90.673828125,36.925899505615234,68.51226806640625,45.37468719482422,1
22244.5,805.8305053710938,1.0718562602996826,16.726524353027344,160.56802368164062,125.71040344238281,16.330554962158203,70.12352752685547,40.78881072998047,1
15164.5,564.9777221679688,1.0503597259521484,71.8868637084961,114.72671508789062,122.83285522460938,55.4091682434082,43.185176849365234,60.36994171142578,1
164845.0,3934.115966796875,1.3333333730697632,42.26594543457031,166.06790161132812,163.50164794921875,24.214324951171875,72.71215057373047,70.74842071533203,1
8804.0,390.0,1.7361111640930176,21.864778518676758,69.12078094482422,50.519222259521484,40.27767562866211,95.20800018310547,80.442626953125,1
29288.0,1483.4356689453125,1.180672287940979,35.47933578491211,133.1927947998047,177.45040893554688,14.99665355682373,45.190303802490234,46.49276351928711,1
16770.0,518.0,1.0076923370361328,22.390897750854492,94.3956527709961,59.502288818359375,41.98078155517578,96.28475952148438,72.39352416992188,1
398.5,106.18376159667969,1.3461538553237915,80.69120788574219,130.07472229003906,124.86703491210938,38.442596435546875,45.72100067138672,45.48310852050781,1
785.5,198.52691650390625,2.3214285373687744,19.9802188873291,154.78956604003906,140.05494689941406,7.104761123657227,48.965084075927734,48.296875,1
6954.0,350.0,1.8548387289047241,25.190181732177734,30.779804229736328,142.25721740722656,42.74171829223633,48.26677322387695,36.48262023925781,1
1167.5,183.78173828125,1.0,25.2097110748291,131.5067138671875,118.78253936767578,20.285856246948242,63.122093200683594,56.67885208129883,1
2862.0,214.0,0.9818181991577148,20.7855224609375,175.79966735839844,168.25723266601562,13.227895736694336,37.060054779052734,69.01109313964844,1
161.5,77.89949798583984,1.0499999523162842,10.2619047164917,115.66666412353516,247.73809814453125,5.715307235717773,32.681190490722656,9.450017929077148,1
12190.0,442.0,1.0841121673583984,23.89461898803711,107.77312469482422,58.885353088378906,29.7358341217041,107.08800506591797,77.15587615966797,1
2524.5,199.8994903564453,1.0,49.34911346435547,89.474853515625,151.33468627929688,47.69559860229492,72.14623260498047,63.887393951416016,1
16101.5,515.8994750976562,1.2136752605438232,52.597328186035156,214.45425415039062,171.22679138183594,32.01123809814453,39.91792297363281,54.20692443847656,1
9108.0,382.0,1.0752688646316528,31.93688201904297,49.84462356567383,51.999786376953125,50.32282257080078,81.47820281982422,80.2740478515625,1
16200.0,1707.283447265625,0.8500000238418579,30.801992416381836,150.33920288085938,154.86891174316406,25.50213050842285,48.24653244018555,53.42305374145508,1
54363.0,959.313720703125,0.970588207244873,35.845245361328125,164.3307647705078,167.67672729492188,16.91596794128418,38.33132553100586,52.38461685180664,1
126538.0,3383.155517578125,1.471264362335205,46.45378112792969,108.79439544677734,136.53956604003906,42.13349151611328,58.41978073120117,67.88976287841797,1
597404.0,12937.783203125,1.7777777910232544,19.353700637817383,80.06295776367188,123.3963394165039,7.534351825714111,29.536264419555664,45.62053298950195,1
25695.5,950.3746948242188,1.751724123954773,32.82199478149414,221.47801208496094,145.93722534179688,23.713119506835938,36.58979034423828,52.51190185546875,1
16466.0,881.9310302734375,1.2469135522842407,45.23297882080078,212.05287170410156,167.32850646972656,42.22164535522461,45.65800476074219,75.44871520996094,1
19154.0,558.0,1.284552812576294,37.04651641845703,145.51837158203125,148.0597381591797,15.851249694824219,42.364192962646484,68.79426574707031,1
1349116.5,8058.10693359375,0.7647448778152466,61.271060943603516,113.88196563720703,92.9065170288086,54.1962890625,76.29481506347656,48.944786071777344,1
359592.0,6300.60986328125,0.8184818625450134,18.620161056518555,84.87458801269531,94.41979217529297,11.06448745727539,80.49800872802734,45.632625579833984,1
1158.5,144.1837615966797,0.6458333134651184,41.718414306640625,137.56585693359375,89.67271423339844,35.42052459716797,64.83455657958984,46.705936431884766,1
90708.0,1325.5390625,0.9059560894966125,46.50687026977539,161.87171936035156,156.7128448486328,21.74810218811035,47.19904708862305,51.419010162353516,1
9814.0,646.249755859375,0.9801324605941772,41.195499420166016,227.5008087158203,141.403076171875,27.33160400390625,38.066368103027344,61.28767776489258,1
975.0,255.39697265625,0.7962962985038757,40.78596115112305,148.61671447753906,132.99612426757812,50.85493469238281,53.89466857910156,53.84035873413086,1
11663.0,964.465087890625,1.01714289188385,26.48735237121582,150.02398681640625,150.2677001953125,26.523664474487305,56.17748260498047,55.823299407958984,1
972.0,267.39697265625,3.576923131942749,32.678245544433594,114.67535400390625,190.5458984375,34.29677200317383,60.55537796020508,63.019615173339844,1
6658.5,446.3258972167969,2.5090909004211426,28.93899917602539,112.80908966064453,142.05506896972656,21.88273048400879,58.278533935546875,71.55847930908203,1
20974.0,1336.9747314453125,1.5116279125213623,29.009973526000977,158.8310546875,134.2137908935547,32.168643951416016,41.02906036376953,59.067325592041016,1
32614.5,1478.555419921875,0.8223938345909119,28.446027755737305,160.76129150390625,106.25761413574219,25.439958572387695,55.092403411865234,50.94818878173828,1
21537.0,632.6173095703125,1.1790122985839844,41.24662399291992,95.04389190673828,120.47450256347656,47.795448303222656,78.174560546875,42.78275680541992,1
4969.0,675.5634765625,1.163265347480774,46.04949951171875,108.22637176513672,136.39097595214844,41.87813186645508,58.29832458496094,67.8311538696289,1
6651.5,445.1543273925781,2.5090909004211426,29.753358840942383,112.72872161865234,141.78379821777344,24.289308547973633,58.0474853515625,71.1027603149414,1
16193.5,1161.0509033203125,0.8808290362358093,24.379335403442383,193.80551147460938,188.56640625,25.582914352416992,77.5888671875,46.54985046386719,1
2019.0,381.62237548828125,0.6470588445663452,51.704811096191406,163.72576904296875,137.11700439453125,34.01546096801758,56.81532669067383,42.39325714111328,1
35154.0,1229.4456787109375,1.100000023841858,39.132713317871094,178.59756469726562,149.6366424560547,26.335670471191406,44.304542541503906,54.21491241455078,1
28424.0,678.0,1.2287582159042358,25.02996826171875,98.31706237792969,141.55308532714844,21.69183349609375,76.50640869140625,57.32133483886719,1
39618.0,1947.0823974609375,1.0,22.077102661132812,87.89533996582031,111.3177490234375,30.04267120361328,61.310245513916016,50.69428253173828,1
4602.5,493.5807189941406,1.0111111402511597,36.728328704833984,158.5146484375,123.17424011230469,49.19956970214844,57.04914855957031,56.654537200927734,1
7485.0,335.0782165527344,1.0,126.70610046386719,92.95099639892578,117.0553970336914,67.95592498779297,69.01860046386719,85.14257049560547,1
38130.0,782.0,1.1016042232513428,25.60736656188965,106.24017333984375,88.55432891845703,23.21934700012207,94.85455322265625,88.52379608154297,1
927.5,157.21319580078125,1.7777777910232544,50.24691390991211,208.5825653076172,127.89120483398438,23.15422248840332,34.71941375732422,40.16218566894531,1
687.5,110.72792053222656,0.9354838728904724,37.43159103393555,172.3170166015625,164.10789489746094,49.600746154785156,28.042964935302734,50.76544952392578,1
1093.5,223.01219177246094,0.8799999952316284,16.063180923461914,174.3777313232422,148.9840850830078,15.383967399597168,49.18004608154297,67.32923889160156,1
12295.0,720.1564331054688,1.1779141426086426,37.37880325317383,127.0154037475586,152.5316925048828,20.919288635253906,58.78400802612305,73.02815246582031,1
1937.5,248.1837615966797,1.0199999809265137,63.77490234375,195.93019104003906,153.1505889892578,32.51055145263672,54.16426467895508,45.073890686035156,1
572601.5,11967.9677734375,1.7777777910232544,23.023515701293945,79.7637939453125,122.79148864746094,9.619393348693848,42.8218879699707,49.18902587890625,1
1681.0,169.31370544433594,0.795918345451355,16.438514709472656,179.08477783203125,144.72840881347656,11.152868270874023,51.40378952026367,61.152896881103516,1
3969.0,252.0,1.0,38.055908203125,139.019775390625,66.515380859375,52.90674591064453,98.80905151367188,77.00122833251953,1
3669.5,466.7523193359375,1.220588207244873,25.218994140625,170.66175842285156,139.36817932128906,29.662487030029297,51.22256851196289,69.36174011230469,1
803.5,209.35533142089844,0.4307692348957062,20.44450569152832,156.61593627929688,139.4291229248047,10.163536071777344,51.612518310546875,50.23781967163086,1
212.0,76.6274185180664,1.1428571939468384,22.442461013793945,180.2003936767578,166.7738037109375,23.373958587646484,52.75619125366211,64.92221069335938,1
3684108.5,53186.234375,0.6530738472938538,21.987401962280273,73.57390594482422,156.38775634765625,13.709115028381348,64.17955017089844,43.58124923706055,1
1001121.0,4156.0,1.736842155456543,20.98369598388672,61.35675811767578,114.50645446777344,18.34410858154297,51.69989013671875,58.78134536743164,1
6573.0,469.96551513671875,1.0102040767669678,42.77705764770508,205.74191284179688,143.62388610839844,25.343610763549805,39.13904571533203,43.98662567138672,1
19800.0,564.0,1.135338306427002,51.01169967651367,225.2065887451172,129.4988250732422,35.126747131347656,43.925079345703125,42.58881378173828,1
41886.5,815.01220703125,0.9714285731315613,30.605905532836914,172.93434143066406,161.68580627441406,22.706064224243164,44.147911071777344,56.552433013916016,1
105616.0,1300.0,0.9817629456520081,27.2910213470459,90.63355255126953,110.37056732177734,26.308502197265625,79.88786315917969,94.09634399414062,1
3751.0,356.7106628417969,0.9873417615890503,41.20820999145508,170.68873596191406,124.55631256103516,53.4587516784668,65.06031036376953,58.46866226196289,1
4784.0,278.48529052734375,0.9589040875434875,83.30195617675781,79.85675048828125,178.35440063476562,43.43000030517578,56.06929397583008,67.07011413574219,1
457.5,150.52691650390625,0.6304348111152649,26.700899124145508,185.010498046875,172.2076416015625,13.140164375305176,39.025840759277344,69.9928970336914,1
5383.0,317.480224609375,0.954023003578186,17.048192977905273,179.61985778808594,94.84420776367188,7.231288909912109,66.81805419921875,38.461212158203125,1
919601.0,3996.0,1.7777777910232544,19.451663970947266,90.52224731445312,108.4193115234375,13.401065826416016,30.163677215576172,61.69491958618164,1
2816.5,424.4680480957031,0.807692289352417,57.80545425415039,101.33211517333984,148.46011352539062,47.103912353515625,58.53657913208008,57.39925003051758,1
5618.0,414.22540283203125,0.43609023094177246,48.05483627319336,177.96395874023438,149.709228515625,31.631986618041992,47.67642593383789,60.0599365234375,1
5110.0,290.7350769042969,0.9888888597488403,36.339324951171875,112.89225769042969,112.01697540283203,44.10173797607422,65.4245834350586,79.22332000732422,1
1135781.0,5262.54052734375,0.8682054877281189,57.43033218383789,101.15852355957031,125.78006744384766,48.84352493286133,69.81092071533203,52.62407684326172,1
5203.5,298.9776916503906,0.957446813583374,35.83806228637695,107.11241149902344,116.6484603881836,43.45320129394531,65.77552032470703,81.63208770751953,1
7543.5,791.7472534179688,2.8656716346740723,69.29508972167969,190.88612365722656,156.97799682617188,32.85321044921875,67.25248718261719,42.98527526855469,1
1781573.5,5573.552734375,0.9497717022895813,44.34110641479492,102.62860107421875,132.60597229003906,42.64021301269531,55.92695999145508,46.54908752441406,1
58035.0,968.0,1.2090909481048584,24.591182708740234,153.76490783691406,188.73446655273438,20.08722496032715,98.92431640625,56.69208908081055,1
7694.5,559.7228393554688,1.0299999713897705,63.50436782836914,197.9633026123047,153.8624267578125,32.98797607421875,52.89350509643555,45.385108947753906,1
4828.0,278.0,1.04347825050354,36.65156936645508,181.36634826660156,156.77999877929688,13.71324634552002,44.57978439331055,59.20330047607422,1
16070.0,540.96044921875,1.087837815284729,43.05052947998047,84.66703033447266,125.6324462890625,45.886688232421875,69.52303314208984,42.08917236328125,1
2325.0,239.39697265625,0.6712328791618347,46.30891799926758,120.06485748291016,120.89936065673828,37.86501693725586,63.74677276611328,58.00395202636719,1
3218.0,328.22540283203125,1.5967742204666138,16.149560928344727,241.4990234375,195.2587127685547,2.959669828414917,8.527039527893066,43.95364761352539,1
45771.0,924.16650390625,0.9551569223403931,27.78079605102539,137.86660766601562,154.1040496826172,37.33568572998047,54.33018493652344,64.22271728515625,1
1106.0,250.56854248046875,1.0,61.97999954223633,108.87239837646484,143.65040588378906,39.33357238769531,55.90610122680664,61.18153381347656,1
222.5,61.071067810058594,0.699999988079071,58.396427154541016,104.4142837524414,93.18214416503906,52.14474868774414,68.6561279296875,48.635074615478516,1
82895.0,1152.0,1.0496454238891602,19.22866439819336,126.18592071533203,137.36744689941406,28.41946792602539,110.0493392944336,94.30341339111328,1
17185.0,638.357421875,1.1761006116867065,51.74271011352539,82.77644348144531,130.455322265625,47.34272003173828,77.01385498046875,44.084922790527344,1
3851.0,263.0538330078125,0.6904761791229248,50.84092712402344,138.93821716308594,204.37191772460938,41.38100051879883,72.03184509277344,52.996665954589844,1
196881.5,2613.594970703125,3.232323169708252,10.175715446472168,21.234851837158203,40.6355094909668,15.349989891052246,40.82051086425781,53.09637451171875,1
1412.0,384.65179443359375,1.274193525314331,41.14067077636719,172.53225708007812,163.2558135986328,55.55606460571289,44.12730026245117,59.57112121582031,1
6853.0,315.62237548828125,0.8500000238418579,139.96812438964844,144.3992919921875,92.26176452636719,57.158775329589844,86.68753051757812,80.57862854003906,1
37556.0,1198.3818359375,1.051948070526123,21.535888671875,171.57460021972656,165.22344970703125,27.53805160522461,52.038177490234375,59.62419891357422,1
6084.0,312.0,1.0,42.46723175048828,172.2552490234375,74.45537567138672,36.955322265625,89.85692596435547,78.05086517333984,1
1056.5,209.8406219482422,0.719298243522644,30.487804412841797,178.28712463378906,141.02525329589844,43.81418991088867,43.85794448852539,55.45145034790039,1
16101.5,515.8994750976562,1.2136752605438232,52.597328186035156,214.45425415039062,171.22679138183594,32.01123809814453,39.91792297363281,54.20692443847656,1
5955.0,320.48529052734375,1.2714285850524902,38.61139678955078,132.67111206054688,139.56805419921875,29.426231384277344,51.76020431518555,66.65886688232422,1
82.5,48.3847770690918,1.7272727489471436,98.35884857177734,78.17224884033203,164.2296600341797,41.15068054199219,25.81159210205078,48.493621826171875,1
1621.0,163.6568603515625,1.0487804412841797,35.306861877441406,168.87350463867188,156.1435089111328,38.89362716674805,50.589630126953125,66.89112854003906,1
5422.5,379.9827575683594,1.0111111402511597,43.94383239746094,143.0272216796875,142.2998809814453,63.691986083984375,61.08802032470703,45.19497299194336,1
19202.5,749.1442260742188,1.0792683362960815,36.50923156738281,103.45435333251953,124.56287384033203,42.25096893310547,75.33338165283203,47.36666488647461,1
7280.0,325.4213562011719,0.9399999976158142,130.02734375,115.75489044189453,104.68946838378906,66.05946350097656,78.86553192138672,83.50411987304688,1
39924.5,1596.90869140625,1.1302521228790283,40.561073303222656,127.52936553955078,157.93368530273438,39.92334747314453,80.32101440429688,62.156227111816406,1
1361.0,212.91168212890625,0.6000000238418579,48.453704833984375,104.21852111816406,131.5453643798828,42.76876449584961,56.765464782714844,60.733890533447266,1
1451.0,164.08326721191406,0.6851851940155029,48.915916442871094,125.29830169677734,93.29779815673828,37.340396881103516,65.81282806396484,50.812259674072266,1
12319.5,604.55126953125,1.8041237592697144,36.444419860839844,227.9734344482422,134.33596801757812,25.804258346557617,25.689470291137695,48.9383544921875,1
477.0,129.11270141601562,0.4893617033958435,24.409805297851562,197.51434326171875,171.3589324951172,14.81528091430664,36.01176834106445,45.12618637084961,1
14997.5,1084.7320556640625,1.0634146928787231,21.662519454956055,143.347412109375,151.81703186035156,15.867105484008789,56.394561767578125,61.50859832763672,1
34592.0,744.0,1.021621584892273,25.08491325378418,63.89603805541992,82.42971801757812,35.19206619262695,71.55288696289062,87.98609161376953,1
25652.5,679.5563354492188,1.248275876045227,35.06827926635742,183.4593963623047,163.76002502441406,11.316559791564941,57.19671630859375,66.66446685791016,1
965.0,136.76954650878906,0.6086956262588501,48.723602294921875,128.616455078125,94.3796615600586,39.02867126464844,68.30622863769531,50.81019973754883,1
22202.0,860.0386352539062,1.59333336353302,84.90675354003906,168.5164794921875,140.15640258789062,72.53876495361328,66.89124298095703,71.1070327758789,1
4590.0,500.99493408203125,1.0111111402511597,37.66703414916992,158.6743621826172,123.21648406982422,50.212921142578125,57.357730865478516,56.4909553527832,1
1095.0,223.5979766845703,1.1363636255264282,15.95545482635498,173.28135681152344,148.8590850830078,14.509113311767578,48.870582580566406,67.14559936523438,1
40623.5,816.384765625,0.9061033129692078,46.528717041015625,161.86497497558594,156.71142578125,21.79952621459961,47.19631576538086,51.406700134277344,1
17380.0,1467.9208984375,1.1597633361816406,27.913145065307617,167.78884887695312,162.6362762451172,19.42576026916504,45.619625091552734,67.0167007446289,1
1486.0,158.22540283203125,1.04347825050354,24.24592399597168,111.10416412353516,128.61050415039062,26.01624298095703,57.82851791381836,50.74608612060547,1
16101.5,515.8994750976562,0.8239436745643616,52.597328186035156,214.45443725585938,171.22679138183594,32.01123809814453,39.91759490966797,54.20692443847656,1
3216.5,439.0365905761719,2.457627058029175,50.33290481567383,75.29550170898438,138.6678009033203,41.17122268676758,42.997379302978516,58.558807373046875,1
6215.5,483.5807189941406,1.0,22.614450454711914,181.22154235839844,165.3922119140625,14.814411163330078,52.7968864440918,53.29526901245117,1
16193.5,1161.0509033203125,1.1352940797805786,24.379335403442383,193.80551147460938,188.56640625,25.582914352416992,77.5888671875,46.54985046386719,1
24388.0,648.2842407226562,1.2695035934448242,38.63587951660156,132.6670684814453,139.55279541015625,29.47907257080078,51.82379150390625,66.63814544677734,1
1458.0,151.05381774902344,1.0222222805023193,26.73043441772461,111.8202896118164,127.20917510986328,27.073558807373047,58.5263786315918,51.73227310180664,1
18053.5,554.384765625,1.1085271835327148,47.513038635253906,121.11080169677734,156.21282958984375,35.742366790771484,52.67913818359375,56.07090759277344,1
40370.0,862.2842407226562,1.1036269664764404,46.528717041015625,161.8651123046875,156.71142578125,21.79952621459961,47.196292877197266,51.406700134277344,1
20866.5,662.9188232421875,1.078787922859192,37.53261947631836,103.14473724365234,125.48328399658203,42.712135314941406,77.8735580444336,43.71267318725586,1
2570.5,249.5807342529297,0.8309859037399292,19.249462127685547,177.74981689453125,105.27906799316406,9.217126846313477,67.83548736572266,53.92476272583008,1
8919.5,820.9777221679688,2.9538462162017822,68.96794891357422,197.63525390625,158.63357543945312,33.064029693603516,64.76473999023438,43.859073638916016,1
339.0,98.6274185180664,1.0740740299224854,47.42911911010742,96.00894165039062,145.3435516357422,37.23769760131836,57.26567459106445,71.29383087158203,1
1855347.0,5464.0,1.1629747152328491,12.245343208312988,40.629051208496094,58.82435989379883,15.49578857421875,55.487098693847656,68.54383087158203,1
63756.0,1010.0,0.9960629940032959,9.027185440063477,79.92749786376953,87.46539306640625,13.889243125915527,104.95320892333984,93.20245361328125,1
564.5,324.3258972167969,0.3661971688270569,27.055253982543945,159.1468048095703,158.46099853515625,22.411428451538086,58.21774673461914,58.22809982299805,1
1159.5,157.698486328125,1.236842155456543,64.00167846679688,128.0487060546875,95.34042358398438,50.33588790893555,47.739383697509766,51.59132385253906,1
2678.0,252.50965881347656,0.8194444179534912,18.6942081451416,178.56732177734375,105.7078628540039,3.5265932083129883,66.1366958618164,53.65718460083008,1
3553.0,254.4852752685547,1.8444443941116333,17.22007942199707,175.58767700195312,93.81499481201172,17.774770736694336,67.24193572998047,44.16913986206055,1
409460.0,6477.36474609375,0.6672845482826233,22.095008850097656,63.63903045654297,120.64818572998047,16.94504165649414,43.07425308227539,52.4271125793457,1
3375.0,241.82337951660156,1.0285714864730835,24.51230239868164,110.34345245361328,129.3126983642578,26.26289176940918,58.772789001464844,51.91735076904297,1
63797.0,1184.3919677734375,0.9702602028846741,41.31718063354492,136.57785034179688,167.50743103027344,21.640592575073242,56.90888595581055,62.57957077026367,1
16771.0,718.7005615234375,1.2000000476837158,43.405860900878906,110.51307678222656,134.6925048828125,46.08797073364258,87.65450286865234,42.807403564453125,1
3085.5,222.24264526367188,0.78125,62.532501220703125,150.57594299316406,150.0496826171875,67.50310516357422,46.292545318603516,56.39719009399414,1
143772.5,2035.158447265625,2.0253164768218994,42.68467712402344,193.08909606933594,144.8765106201172,25.433979034423828,47.62588882446289,45.51472854614258,1
1740144.5,12991.3486328125,1.015772819519043,21.32204246520996,95.4908676147461,143.37477111816406,8.586133003234863,61.96506881713867,49.259483337402344,1
31914.0,718.0,1.2147239446640015,22.307802200317383,87.62446594238281,89.15514373779297,21.910898208618164,78.44480895996094,90.00802612304688,1
2306658.0,6566.89794921875,0.8679245114326477,42.53150939941406,90.83430480957031,134.507568359375,41.3143310546875,46.517181396484375,40.868080139160156,1
13455.0,464.0,0.9830508232116699,15.582773208618164,101.52900695800781,48.60666275024414,28.10104751586914,106.50621032714844,65.42742156982422,1
639.5,172.52691650390625,0.8717948794364929,64.22926330566406,140.18174743652344,151.8076934814453,69.3765640258789,60.89175796508789,54.99016571044922,1
50578.0,902.0,0.8641975522041321,35.38581085205078,77.89714050292969,129.19497680664062,44.35013198852539,93.41893768310547,103.2155532836914,1
785.0,170.76954650878906,1.3333333730697632,48.828514099121094,122.97038269042969,114.01721954345703,38.17483901977539,69.86456298828125,63.76131820678711,1
39924.5,1596.90869140625,0.8847583532333374,40.561073303222656,127.52947235107422,157.93368530273438,39.92334747314453,80.32098388671875,62.156227111816406,1
4893.0,294.73504638671875,0.8659793734550476,34.99030303955078,89.42587280273438,131.92967224121094,42.02008056640625,58.25809860229492,77.40650939941406,1
439.5,141.01219177246094,1.2333333492279053,22.421621322631836,174.64234924316406,159.52072143554688,35.390419006347656,60.340721130371094,64.41034698486328,1
6419792.5,39385.71484375,1.3333333730697632,27.92428207397461,41.91313934326172,165.0217742919922,12.636836051940918,52.18135452270508,32.84014892578125,1
1454522.0,4671.427734375,1.0116788148880005,47.6024055480957,118.12284088134766,122.54198455810547,46.28987503051758,66.53522491455078,44.83734130859375,1
8989.0,380.0,0.8823529481887817,23.278759002685547,112.78170013427734,52.13910675048828,38.33173751831055,108.05162048339844,80.86032104492188,1
363911.0,5111.1982421875,0.6453900933265686,28.77538299560547,61.326988220214844,147.34039306640625,20.687204360961914,77.1097412109375,39.744686126708984,1
1277.5,170.46803283691406,0.8510638475418091,24.413297653198242,125.72286987304688,119.14148712158203,16.99477195739746,64.16032409667969,56.884422302246094,1
1222.5,312.18377685546875,0.364705890417099,28.453889846801758,147.56167602539062,126.27552032470703,20.183156967163086,56.10756301879883,64.81398010253906,1
63815.0,1185.2203369140625,1.030651330947876,41.308292388916016,137.18275451660156,167.0554962158203,21.65382194519043,57.221073150634766,62.70721435546875,1
588503.0,13468.5185546875,0.5625,19.34825897216797,80.08250427246094,123.3998794555664,7.520936965942383,29.514312744140625,45.60618209838867,1
11495.0,555.0781860351562,1.4134615659713745,148.16830444335938,212.37872314453125,184.90875244140625,63.1309928894043,46.082305908203125,65.94884490966797,1
3448.5,389.5807189941406,0.5757575631141663,38.23445129394531,176.11572265625,152.83926391601562,14.027673721313477,37.16304397583008,51.11893081665039,1
2713.0,434.3675231933594,0.5099999904632568,34.6937255859375,111.06803894042969,113.16078186035156,42.87578582763672,57.06879425048828,69.06151580810547,1
9492.0,561.4213256835938,1.0940171480178833,60.20332717895508,131.2946014404297,113.44317626953125,47.12744903564453,67.99729919433594,69.21752166748047,1
244530.0,1978.0,0.9979838728904724,22.1519718170166,90.70085906982422,79.97480010986328,23.996620178222656,90.24456024169922,82.76295471191406,1
36985.5,959.2376098632812,1.2010869979858398,46.90864181518555,159.23704528808594,176.38148498535156,13.587445259094238,45.5915412902832,40.77634811401367,1
6908.5,317.864990234375,0.8700000047683716,138.36309814453125,139.78207397460938,95.68356323242188,58.54903793334961,87.09085845947266,82.00910186767578,1
6248.0,318.0,1.2361111640930176,53.80321502685547,116.08769989013672,96.20755004882812,49.007022857666016,92.09510040283203,89.21685028076172,1
748.5,131.8406219482422,0.7906976938247681,22.163475036621094,187.5061492919922,123.27906799316406,23.303180694580078,54.752906799316406,66.37923431396484,1
32614.5,1478.555419921875,1.2159624099731445,28.446027755737305,160.76133728027344,106.25761413574219,25.439958572387695,55.09239196777344,50.94818878173828,1
17041.5,644.9188232421875,1.0860927104949951,33.148643493652344,115.05609130859375,125.18688201904297,39.23351287841797,80.72449493408203,42.54094314575195,1
7524.5,729.864990234375,0.32258063554763794,66.10044860839844,197.53656005859375,173.21505737304688,31.723403930664062,42.91883087158203,54.6917839050293,1
42308.5,1447.0509033203125,0.7469512224197388,56.042137145996094,125.90105438232422,172.72494506835938,40.82414245605469,80.62152862548828,68.45303344726562,1
7669.0,367.2203369140625,0.9142857193946838,20.561904907226562,132.36219787597656,98.85059356689453,9.47314167022705,56.413475036621094,37.26484298706055,1
549.5,110.72792053222656,0.9354838728904724,26.925472259521484,180.13571166992188,155.19577026367188,13.68906307220459,30.332517623901367,58.664005279541016,1
33962.5,1896.4478759765625,1.2700421810150146,37.91596221923828,164.3583984375,173.34249877929688,42.38127136230469,41.25169372558594,58.20083236694336,1
16665.0,1070.1807861328125,1.203703761100769,18.23956871032715,162.23548889160156,177.1619110107422,14.723535537719727,95.00836181640625,41.4250373840332,1
307.0,78.48528289794922,1.047619104385376,23.04978370666504,204.38961791992188,143.73159790039062,34.473777770996094,43.39264678955078,56.88084030151367,1
1086.0,236.76954650878906,0.8771929740905762,36.545963287353516,127.35824584960938,166.47402954101562,19.42790985107422,57.1119270324707,58.213836669921875,1
22892.0,1815.6365966796875,1.0744186639785767,28.476089477539062,185.58935546875,159.5757598876953,16.821279525756836,59.024818420410156,69.14824676513672,1
128864.0,3070.11181640625,1.3333333730697632,40.166160583496094,129.91998291015625,172.8191375732422,33.92121124267578,70.39224243164062,61.18532943725586,1
47096.0,870.0,1.1421568393707275,40.057559967041016,155.56117248535156,126.76872253417969,42.3300895690918,114.44451904296875,106.32259368896484,1
17380.0,1467.9208984375,0.8622449040412903,27.913145065307617,167.788818359375,162.6362762451172,19.42576026916504,45.619632720947266,67.0167007446289,1
9996.0,400.0,0.9611650705337524,19.855545043945312,100.64833068847656,58.231048583984375,30.57076644897461,104.10155487060547,85.35530090332031,1
1136.0,193.5979766845703,0.48275861144065857,41.860836029052734,174.84974670410156,103.2777099609375,19.280733108520508,45.500213623046875,36.49599838256836,1
225.0,66.14213562011719,1.0555555820465088,28.412281036376953,145.69590759277344,110.68128967285156,26.255207061767578,80.83457946777344,36.067604064941406,1
112669.0,1348.0,1.1948051452636719,46.43667984008789,92.69318389892578,138.39898681640625,43.94102096557617,86.25694274902344,95.67647552490234,1
948.0,152.97056579589844,1.7777777910232544,50.002315521240234,209.42283630371094,127.72762298583984,23.13808822631836,34.6708984375,40.35009765625,1
24114.5,634.2426147460938,1.0324674844741821,35.85314178466797,164.33627319335938,167.6683807373047,16.947546005249023,38.331573486328125,52.37446594238281,1
593.0,128.28427124023438,0.574999988079071,66.27391052246094,175.56956481933594,138.79457092285156,34.100345611572266,59.72053909301758,38.4498291015625,1
572.5,183.698486328125,0.7857142686843872,24.350648880004883,110.28138732910156,185.8441619873047,2.1064021587371826,50.53541946411133,50.063873291015625,1
55454.5,1145.5361328125,0.8327974081039429,33.587059020996094,161.84584045410156,157.02464294433594,37.595577239990234,87.93598937988281,58.397579193115234,1
67934.0,1198.048828125,1.1304347515106201,48.1868782043457,137.9967041015625,150.3110809326172,35.104671478271484,71.20063018798828,62.99296951293945,1
1914112.5,10677.1923828125,0.9952181577682495,63.80097198486328,106.09278106689453,110.66567993164062,51.47065734863281,74.8490219116211,53.987327575683594,1
240531.5,3274.3544921875,1.8355640172958374,15.718606948852539,10.899567604064941,79.39542388916016,17.09404945373535,22.6296443939209,81.61707305908203,1
1560.0,158.0,1.024999976158142,25.712804794311523,143.993896484375,180.44207763671875,17.381860733032227,38.218467712402344,65.56205749511719,1
5239.5,532.6934204101562,0.6363636255264282,29.326000213623047,185.81845092773438,202.86795043945312,13.403679847717285,62.38246536254883,57.75814437866211,1
4355.0,264.0,1.0303030014038086,38.463680267333984,157.9532012939453,146.6517333984375,24.84406852722168,55.29856872558594,80.01007843017578,1
88259.0,1572.7249755859375,1.7826087474822998,12.252973556518555,76.2181167602539,55.0799446105957,14.891242980957031,78.6349868774414,50.8228874206543,1
36893.5,1245.6883544921875,1.0,32.05156326293945,182.7445831298828,151.58827209472656,22.358043670654297,45.433349609375,51.09048843383789,1
903121.0,4156.0,0.42465752363204956,26.56678009033203,67.2461166381836,133.0380096435547,26.947290420532227,27.312564849853516,60.482994079589844,1
18407.0,1441.34228515625,0.9103139042854309,27.57173728942871,140.11172485351562,154.4149169921875,38.09196853637695,54.44993209838867,64.62802124023438,1
7497.0,356.3675231933594,1.3333333730697632,25.28284454345703,177.63658142089844,204.6483917236328,26.059606552124023,79.47492218017578,35.33411407470703,1
3851.0,263.0538330078125,1.4482758045196533,51.42980194091797,138.78489685058594,204.10775756835938,41.65054702758789,72.41571807861328,52.81085968017578,1
2159.0,414.1665344238281,1.1692308187484741,45.944332122802734,108.69048309326172,136.28543090820312,41.887603759765625,58.01062774658203,67.82086944580078,1
2378.5,467.095458984375,0.4615384638309479,30.23233985900879,143.74436950683594,132.35609436035156,12.213430404663086,51.33793258666992,55.41107177734375,1
1283.5,299.095458984375,2.0652174949645996,32.47551345825195,184.94851684570312,138.74851989746094,27.797914505004883,48.24949645996094,65.71530151367188,1
95157.0,1236.0,1.1232876777648926,21.37055206298828,121.53233337402344,94.74153900146484,31.25986671447754,83.46854400634766,76.56415557861328,1
1840979.0,10867.056640625,0.997560977935791,64.21090698242188,106.94111633300781,119.20755004882812,51.498626708984375,76.23052978515625,58.46934509277344,1
12191.0,970.607177734375,1.0285714864730835,26.677396774291992,149.4418487548828,150.33885192871094,26.506311416625977,56.28337860107422,55.60162353515625,1
420.0,105.11270141601562,1.3333333730697632,23.31510353088379,180.24609375,102.28515625,21.382726669311523,53.18315887451172,55.2238883972168,1
8446.0,478.4508056640625,0.6216216087341309,66.92648315429688,160.8509063720703,120.19924926757812,41.402587890625,58.204673767089844,62.66230392456055,1
10999.0,732.6762084960938,1.1037037372589111,28.119115829467773,152.15625,166.57843017578125,36.78302001953125,51.30201721191406,50.218570709228516,1
39280.5,824.384765625,0.9138755798339844,42.267391204833984,166.05722045898438,163.49954223632812,24.219127655029297,72.71703338623047,70.74627685546875,1
25315.0,1410.4305419921875,1.4569892883300781,34.465538024902344,151.3199005126953,136.31857299804688,38.08815002441406,39.44865798950195,57.924076080322266,1
76475.0,4466.23779296875,0.9972375631332397,41.62417221069336,169.59620666503906,150.74009704589844,16.50463104248047,40.80577850341797,47.883934020996094,1
979.0,255.7401123046875,1.2558139562606812,40.71102523803711,148.5258331298828,132.88803100585938,50.6725959777832,54.25776290893555,53.73455047607422,1
33.5,40.24264144897461,0.7692307829856873,43.39230728149414,228.62307739257812,146.96153259277344,0.8637677431106567,16.643901824951172,17.069272994995117,1
10787.0,517.2548217773438,1.6785714626312256,68.85942077636719,170.8793487548828,170.85958862304688,35.054237365722656,59.87471389770508,55.73661422729492,1
1395719.0,4576.80029296875,1.0104011297225952,47.89769744873047,104.64490509033203,121.24708557128906,46.534423828125,58.464439392089844,40.68083953857422,1
97600.0,1250.0,0.9532710313796997,19.995458602905273,61.1015625,90.47807312011719,24.796979904174805,68.55349731445312,91.56256103515625,1
125216.0,1416.0,0.9452054500579834,25.188827514648438,141.81961059570312,111.3091812133789,20.813106536865234,82.702392578125,73.14469909667969,1
1100.5,220.1837615966797,1.1627906560897827,16.081396102905273,174.87442016601562,147.29534912109375,14.69308853149414,48.926788330078125,66.883056640625,1
12838.0,677.3280029296875,1.637795329093933,30.882495880126953,149.06776428222656,122.67561340332031,16.897558212280273,53.45764923095703,62.47390365600586,1
1975.0,195.94113159179688,2.057142972946167,47.617061614990234,131.55238342285156,181.5531768798828,33.06414794921875,56.59333801269531,45.01520538330078,1
163622.5,3669.343505859375,1.3445378541946411,18.155513763427734,163.38101196289062,177.1366424560547,14.46824836730957,94.56256103515625,41.580379486083984,1
573761.5,8842.6796875,0.5625,22.325576782226562,59.64811325073242,121.08779907226562,7.605937957763672,39.27056884765625,46.041263580322266,1
1160.5,144.1837615966797,0.6458333134651184,41.45766067504883,137.1962432861328,89.41935729980469,35.23537826538086,66.41569519042969,46.227394104003906,1
17662.0,538.8284301757812,0.970588207244873,38.21657943725586,158.1716766357422,146.640380859375,24.40748405456543,55.55086898803711,79.99995422363281,1
1806.0,170.0,0.9772727489471436,21.33403778076172,193.72779846191406,150.08615112304688,18.835872650146484,42.78181457519531,61.18313217163086,1
147788.5,3045.197265625,1.4578588008880615,56.07093811035156,125.8701400756836,172.74484252929688,40.83592224121094,80.6205062866211,68.45034790039062,1
469.5,101.21320343017578,1.3333333730697632,50.8203125,112.82942962646484,97.80859375,41.75267028808594,50.156795501708984,37.630516052246094,1
2829.5,561.9482421875,1.8524590730667114,70.44029998779297,170.5958251953125,151.4954376220703,38.8065071105957,68.5284652709961,55.09806442260742,1
12838.0,677.3280029296875,1.637795329093933,30.882495880126953,149.06776428222656,122.67561340332031,16.897558212280273,53.45764923095703,62.47390365600586,1
3854.5,263.6396179199219,1.4482758045196533,50.845855712890625,137.80255126953125,204.62623596191406,41.468772888183594,71.69066619873047,51.480003356933594,1
889.0,195.7401123046875,0.625,35.23928451538086,180.47244262695312,133.88980102539062,49.50552749633789,40.813053131103516,67.3764877319336,1
35154.0,1229.4456787109375,0.9090909361839294,39.132713317871094,178.5977325439453,149.6366424560547,26.335670471191406,44.304542541503906,54.21491241455078,1
1343.0,223.7401123046875,1.6666666269302368,48.685184478759766,104.46574401855469,130.709716796875,42.94534683227539,57.667179107666016,61.416770935058594,1
63882.5,1021.698486328125,1.151898741722107,45.77893829345703,166.15870666503906,168.1952667236328,51.59611511230469,43.53177261352539,72.0894546508789,1
26705.0,747.3380737304688,1.0409356355667114,29.384782791137695,182.77442932128906,174.18411254882812,11.728672981262207,49.6979866027832,54.03530502319336,1
92720.0,1218.0,1.0032787322998047,28.55876922607422,103.99893951416016,93.33570861816406,41.69585418701172,109.45320129394531,107.0550537109375,1
2754.0,210.0,1.057692289352417,25.066783905029297,164.0300750732422,173.8804168701172,14.465007781982422,35.18339157104492,65.92034912109375,1
16288.5,516.7279052734375,0.8571428656578064,50.75422668457031,183.971435546875,170.97720336914062,28.82691764831543,47.15898132324219,52.91913604736328,1
409902.5,6277.09765625,1.4986110925674438,22.100133895874023,63.606964111328125,120.64891052246094,17.002988815307617,43.053348541259766,52.43382263183594,1
49350.5,2050.58984375,1.0,20.304962158203125,84.33029174804688,108.83351135253906,27.43867301940918,59.13320541381836,42.37617874145508,1
19045.0,1275.896484375,1.5068492889404297,36.49710464477539,172.50682067871094,182.55601501464844,20.50005531311035,49.25973129272461,44.65618896484375,1
24453.0,628.0,0.8372092843055725,36.57856750488281,113.09831237792969,70.95930480957031,42.65550994873047,101.19116973876953,79.03368377685547,1
1674218.5,5602.45458984375,0.8961121439933777,48.38064956665039,109.95319366455078,116.71549224853516,45.416011810302734,65.05374908447266,44.640289306640625,1
60024.0,980.0,1.0081632137298584,22.909543991088867,125.52720642089844,128.3361358642578,24.801162719726562,88.11123657226562,92.66203308105469,1
1441.5,186.66905212402344,0.9019607901573181,35.53154373168945,206.0592498779297,142.06777954101562,28.836563110351562,42.61135482788086,43.0682487487793,1
136252.0,3344.62158203125,1.3333333730697632,31.01667594909668,196.4949188232422,165.64117431640625,13.794041633605957,55.91189956665039,76.2616195678711,1
19800.0,564.0,0.8807947039604187,51.01169967651367,225.20669555664062,129.4988250732422,35.126747131347656,43.92506790161133,42.58881378173828,1
1571.5,186.1837615966797,0.8867924809455872,15.108389854431152,125.76033782958984,238.7543182373047,6.9879961013793945,34.98065185546875,25.232040405273438,1
8545.5,1176.88427734375,2.52439022064209,29.331743240356445,112.16077423095703,141.88388061523438,23.077560424804688,57.66339874267578,71.33257293701172,1
18102.5,654.031494140625,0.9523809552192688,42.398475646972656,90.49103546142578,119.44795227050781,44.2745361328125,67.4636001586914,45.43396759033203,1
30248.0,702.0,1.3071895837783813,40.413692474365234,118.12228393554688,65.42797088623047,45.90296936035156,113.39955139160156,81.32369995117188,1
6945.5,317.5218505859375,0.8799999952316284,137.58840942382812,135.49636840820312,98.20500183105469,59.24576950073242,85.73927307128906,82.21568298339844,1
887.0,129.11270141601562,0.6829268336296082,43.46428680419922,132.28135681152344,86.13937377929688,36.089073181152344,68.89836120605469,47.23733139038086,1
18852.5,1543.5361328125,1.4769231081008911,55.10689163208008,76.36197662353516,137.00636291503906,34.2008171081543,58.3839111328125,63.987281799316406,1
660.5,120.18376159667969,0.8055555820465088,18.407087326049805,177.6561279296875,104.9501953125,3.7051258087158203,64.31294250488281,52.9100227355957,1
1645831.0,10941.66015625,0.9814696311950684,64.51336669921875,74.65778350830078,128.2601318359375,51.69912338256836,50.59358215332031,49.48871612548828,1
143750.5,4230.99609375,5.34798526763916,30.47144889831543,77.28694152832031,174.65391540527344,18.022443771362305,26.56894874572754,57.40123748779297,1
300.0,157.94113159179688,0.78125,52.036251068115234,150.78250122070312,149.03250122070312,62.8133544921875,43.32265853881836,53.700294494628906,1
5555.5,377.095458984375,1.8153846263885498,9.64080810546875,192.88931274414062,144.75579833984375,19.674367904663086,48.8697624206543,49.46429443359375,1
10496.0,689.480224609375,2.8656716346740723,72.8138198852539,218.01780700683594,165.14381408691406,31.357913970947266,51.1690788269043,41.651920318603516,1
5603.5,305.4629821777344,0.957446813583374,39.054019927978516,112.30236053466797,121.14066314697266,50.019649505615234,65.58599090576172,77.02799987792969,1
5482.0,298.9705505371094,0.7701149582862854,71.96963500976562,86.29559326171875,160.33351135253906,48.12919235229492,54.15467071533203,56.377532958984375,1
22892.0,1815.6365966796875,1.0744186639785767,28.476089477539062,185.58935546875,159.5757598876953,16.821279525756836,59.024818420410156,69.14824676513672,1
3276.5,454.26702880859375,0.9746835231781006,32.48150634765625,140.71495056152344,182.3355255126953,27.558639526367188,42.75795364379883,44.73752212524414,1
3781.5,356.4680480957031,1.0128204822540283,41.33674240112305,170.33462524414062,124.54771423339844,53.374755859375,65.80928039550781,58.387229919433594,1
2862.0,214.0,0.9818181991577148,20.804040908813477,173.2757568359375,168.6259307861328,13.216482162475586,31.539196014404297,67.62609100341797,1
16934.5,549.8406372070312,1.134920597076416,48.19358444213867,138.01670837402344,150.30897521972656,35.093379974365234,71.22047424316406,63.00664138793945,1
36313.0,774.9705810546875,1.2171428203582764,52.59549331665039,214.44754028320312,171.24168395996094,32.00798416137695,39.92062759399414,54.21855926513672,1
3449.5,350.26702880859375,1.2857142686843872,65.00142669677734,82.5936508178711,145.03746032714844,53.113826751708984,63.52909469604492,64.696044921875,1
30643.0,713.4558715820312,1.3246753215789795,44.377037048339844,148.31072998046875,163.17825317382812,23.184202194213867,65.94818115234375,60.495643615722656,1
3128.5,224.72792053222656,0.8870967626571655,70.31349182128906,90.80439758300781,157.3187713623047,43.179683685302734,63.690467834472656,66.20316314697266,1
133104.0,1818.71484375,1.1625615358352661,32.27177047729492,158.3254852294922,158.0365447998047,36.106361389160156,88.66569519042969,57.834632873535156,1
3126.0,236.1421356201172,1.0714285373687744,26.436904907226562,154.57351684570312,173.97738647460938,16.24681854248047,43.82628631591797,53.291343688964844,1
12179.0,484.877197265625,1.031999945640564,17.06399917602539,180.53184509277344,94.69692993164062,7.277268409729004,66.13306427001953,38.56769561767578,1
13299.5,598.9188232421875,0.49253731966018677,61.47429656982422,153.8161163330078,125.57083129882812,55.23212814331055,74.9546127319336,63.55908203125,1
9900.0,398.0,0.9900990128517151,31.140098571777344,145.01376342773438,61.88039779663086,40.532405853271484,104.11044311523438,79.61001586914062,1
1225.0,148.0,1.923076868057251,26.17076873779297,137.58999633789062,162.10385131835938,21.788637161254883,53.57330322265625,68.36304473876953,1
3420.0,234.0,0.9508196711540222,25.689373016357422,166.37535095214844,154.31515502929688,15.297849655151367,30.363910675048828,68.83142852783203,1
186269.5,3450.451904296875,1.3083332777023315,20.70786476135254,170.7372589111328,103.75914764404297,6.274997234344482,72.42929077148438,48.028350830078125,1
1862.0,185.31370544433594,0.8958333134651184,54.32170486450195,179.02761840820312,186.5096893310547,34.183021545410156,67.83641052246094,62.434226989746094,1
1130.5,259.4385986328125,1.2708333730697632,19.07001304626465,166.97984313964844,170.6816864013672,14.106961250305176,53.31298065185547,61.049644470214844,1
92485.0,1253.5980224609375,1.0958904027938843,48.133113861083984,132.91017150878906,157.51133728027344,36.83968734741211,59.86691665649414,74.55770111083984,1
6806.0,330.0,1.0120482444763184,32.53915786743164,128.17169189453125,88.96428680419922,39.90015411376953,96.62849426269531,101.9107437133789,1
581.5,135.8994903564453,3.4666666984558105,29.175640106201172,138.5397491455078,96.46282196044922,41.16484832763672,75.97566986083984,40.19525909423828,1
3495.5,302.3258972167969,0.7349397540092468,37.57633972167969,123.8289566040039,117.33023834228516,28.120393753051758,54.7239990234375,57.95127868652344,1
15283.5,1138.1737060546875,1.2721519470214844,37.84816360473633,163.68455505371094,173.79287719726562,42.30135726928711,40.71345520019531,58.01492691040039,1
15829.0,1535.5777587890625,1.1299434900283813,39.600677490234375,158.0143280029297,167.18283081054688,16.10083770751953,50.29772186279297,58.13190460205078,1
17091.5,1761.182861328125,0.9669811129570007,30.169282913208008,170.46725463867188,160.59158325195312,22.833812713623047,48.39204025268555,55.95490646362305,1
80277.0,2121.758544921875,1.8269896507263184,49.17174530029297,179.94715881347656,144.85011291503906,64.49470520019531,44.13212585449219,65.44766998291016,1
5301.5,334.6690368652344,1.3246753215789795,51.641075134277344,124.03514099121094,170.9853515625,19.514991760253906,53.73557662963867,53.26068878173828,1
35574.5,1605.158447265625,0.9265175461769104,32.265628814697266,125.88127136230469,171.1910858154297,21.789691925048828,52.83030700683594,48.706905364990234,1
1681.0,178.1421356201172,1.2564102411270142,17.434328079223633,178.68289184570312,144.9288330078125,14.77731990814209,50.58769226074219,61.19287872314453,1
3778.0,616.5340576171875,1.0270270109176636,20.421630859375,183.13864135742188,174.8207244873047,3.748018980026245,49.556697845458984,34.350215911865234,1
6682.0,409.9066467285156,0.8828828930854797,18.372310638427734,167.83030700683594,104.2632827758789,8.097278594970703,71.83203887939453,52.97615432739258,1
38815.5,1335.8792724609375,1.0995475053787231,39.486507415771484,174.6477508544922,156.49827575683594,36.793148040771484,50.7266960144043,62.386444091796875,1
7722.0,426.1076354980469,0.625,96.87617492675781,125.25996398925781,99.60127258300781,50.22109603881836,48.388607025146484,59.45766067504883,1
8446.0,478.4508056640625,0.6216216087341309,66.92648315429688,160.85134887695312,120.19924926757812,41.402587890625,58.20448684692383,62.66230392456055,1
1971.5,195.35533142089844,2.057142972946167,47.47658920288086,131.9503936767578,181.02975463867188,32.860931396484375,57.63679122924805,46.261837005615234,1
7994.5,563.0609741210938,1.297029733657837,27.89237403869629,162.93038940429688,104.50170135498047,25.268436431884766,55.045814514160156,50.710391998291016,1
46899.0,872.0,1.2577319145202637,29.452192306518555,98.43087768554688,108.29829406738281,28.218835830688477,88.29581451416016,91.500244140625,1
220.0,65.31370544433594,0.6363636255264282,43.42856979370117,129.82142639160156,81.89286041259766,43.051971435546875,67.58748626708984,44.39760971069336,1
7722.0,426.1076354980469,1.600000023841858,96.87617492675781,125.25996398925781,99.60127258300781,50.22109603881836,48.388607025146484,59.45766067504883,1
4814.0,282.0,0.7023809552192688,38.72881317138672,166.39910888671875,139.74253845214844,7.7176194190979,41.09029769897461,40.92469024658203,1
5347.5,650.3502807617188,1.0740740299224854,30.97573471069336,195.61334228515625,166.11813354492188,13.596447944641113,55.718082427978516,76.15077209472656,1
2422.0,323.39697265625,0.5052631497383118,26.562938690185547,130.96688842773438,178.03575134277344,9.64110279083252,49.808998107910156,68.64656829833984,1
60258.0,982.0,0.972000002861023,21.58283042907715,121.95069885253906,113.13695526123047,23.628639221191406,87.13160705566406,87.55410766601562,1
10549.5,681.6051025390625,1.3442622423171997,55.96341323852539,126.25164794921875,172.5198974609375,40.87520217895508,80.65247344970703,68.50171661376953,1
8641.0,739.2792358398438,3.0508475303649902,62.07759094238281,72.3703384399414,145.96421813964844,44.30531311035156,38.7114143371582,55.045265197753906,1
10359.5,417.095458984375,1.2450979948043823,17.476764678955078,207.52687072753906,101.34915924072266,2.111408233642578,43.433143615722656,36.75246047973633,1
21216.0,634.0,2.2886598110198975,70.67809295654297,134.63629150390625,151.2528076171875,42.63078689575195,105.09749603271484,35.95652389526367,1
270.5,121.21320343017578,0.30612245202064514,25.091156005859375,123.51156616210938,203.95782470703125,4.637746810913086,34.20927429199219,58.98250198364258,1
1093628.5,6267.74365234375,0.9393455982208252,57.42051315307617,99.43297576904297,133.73321533203125,52.100032806396484,66.06877136230469,35.367740631103516,1
154004.5,2663.57470703125,1.491841435432434,65.5929183959961,82.99748229980469,145.74327087402344,53.46554946899414,63.985557556152344,64.74999237060547,1
357.5,88.72792053222656,1.0,73.56900024414062,142.3137969970703,107.65028381347656,62.78097915649414,71.01422882080078,75.20284271240234,1
3792.0,325.7401123046875,0.3947368562221527,40.09181213378906,91.73995971679688,138.04931640625,20.94681739807129,52.10679244995117,66.09972381591797,1
3692.5,464.7523193359375,0.8192771077156067,24.827604293823242,170.55953979492188,139.29110717773438,28.711673736572266,51.19914245605469,69.25244903564453,1
369327.5,6377.19140625,1.1972222328186035,24.412181854248047,72.16278839111328,115.97798919677734,15.849273681640625,48.101646423339844,53.93489074707031,1
7920.0,356.0,1.0224719047546387,37.07124328613281,32.223731994628906,143.18853759765625,50.370296478271484,59.60210418701172,44.38566589355469,1
2550.0,202.0,0.9807692170143127,34.52149200439453,187.40347290039062,75.21379852294922,41.41457748413086,81.87699127197266,85.26248168945312,1
5315.0,344.877197265625,0.97826087474823,54.39106369018555,120.65953826904297,124.13997650146484,65.57295227050781,71.80359649658203,74.89024353027344,1
1288.0,503.6812438964844,0.3679245412349701,25.873971939086914,159.80018615722656,158.60667419433594,17.306657791137695,57.37334442138672,58.3165397644043,1
225.0,70.7695541381836,0.95652174949646,18.256916046142578,163.6106719970703,146.01779174804688,13.337708473205566,58.80080032348633,67.43831634521484,1
6720.0,328.0,0.9529411792755127,18.027305603027344,89.82221984863281,41.173709869384766,34.3912239074707,106.34036254882812,72.06468200683594,1
38815.5,1335.8792724609375,0.9094650149345398,39.486507415771484,174.64776611328125,156.49827575683594,36.793148040771484,50.7266731262207,62.386444091796875,1
4830.0,278.0,1.014285683631897,42.40080642700195,50.92152786254883,145.77606201171875,46.540592193603516,65.0328369140625,44.12066650390625,1
30643.0,713.4558715820312,0.7549019455909729,44.377037048339844,148.31057739257812,163.17825317382812,23.184202194213867,65.94815826416016,60.495643615722656,1
352.5,123.55635070800781,1.4800000190734863,26.45621681213379,179.47027587890625,151.0421600341797,12.604052543640137,42.75178527832031,57.26097106933594,1
1468.0,386.8528137207031,1.2539682388305664,40.388187408447266,175.113525390625,163.28390502929688,54.15743637084961,42.408233642578125,59.55725860595703,1
18053.5,554.384765625,1.1085271835327148,47.513038635253906,121.11080169677734,156.21282958984375,35.742366790771484,52.67913818359375,56.07090759277344,1
1144.0,254.85281372070312,1.454545497894287,40.530540466308594,175.67933654785156,139.22975158691406,51.42124557495117,42.02720642089844,62.07894515991211,1
55748.0,1201.42138671875,0.9959839582443237,81.11447143554688,125.14006042480469,185.99072265625,78.82626342773438,53.173072814941406,44.38752746582031,1
11418.5,773.97265625,0.75,38.290931701660156,153.27508544921875,205.29063415527344,63.34564971923828,49.241092681884766,49.602561950683594,1
22202.0,860.0386352539062,1.59333336353302,84.90675354003906,168.5164794921875,140.15640258789062,72.53876495361328,66.89124298095703,71.1070327758789,1
13542.0,466.0,0.9105691313743591,39.46609878540039,71.92218017578125,68.95906066894531,48.737056732177734,89.6489486694336,88.50341033935547,1
101888.5,1678.6976318359375,1.592024564743042,25.152782440185547,194.45216369628906,144.3596649169922,18.767873764038086,65.68882751464844,65.06661987304688,1
919601.0,3996.0,1.7777777910232544,19.45890998840332,90.87294006347656,108.04711151123047,13.470763206481934,30.223834991455078,61.679954528808594,1
40370.0,862.2842407226562,0.9061033129692078,46.528717041015625,161.864990234375,156.71142578125,21.79952621459961,47.19631576538086,51.406700134277344,1
573535.5,8735.4833984375,1.7777777910232544,22.086938858032227,59.47186279296875,121.18274688720703,8.272475242614746,39.52770233154297,46.0683708190918,1
1143.5,250.1837615966797,1.0930233001708984,95.55863189697266,62.91786193847656,231.76199340820312,53.896728515625,35.71482849121094,31.231388092041016,1
8655.0,396.65179443359375,1.436781644821167,51.52294158935547,140.18556213378906,204.4114990234375,41.68325424194336,71.86201477050781,52.9869499206543,1
95760.0,1242.0,0.8486647009849548,40.974124908447266,122.5768814086914,163.4435577392578,39.275596618652344,87.7406234741211,73.57502746582031,1
2244.0,336.7106628417969,0.5252525210380554,63.55497360229492,88.09091186523438,171.84129333496094,50.975921630859375,54.15775680541992,63.72848892211914,1
2340.0,244.22540283203125,0.6712328791618347,46.36594772338867,120.97455596923828,120.44478607177734,38.30708312988281,63.188968658447266,58.803680419921875,1
4662.0,274.0,1.171875,50.442081451416016,99.60166931152344,84.00312805175781,53.90740966796875,96.66951751708984,94.9247817993164,1
21264.0,711.3868408203125,1.2866241931915283,41.68140411376953,98.54544067382812,130.89541625976562,44.41671371459961,77.73937225341797,42.900638580322266,1
14539.5,611.0020751953125,0.7916666865348816,40.873165130615234,91.1526107788086,124.28311920166016,44.468162536621094,68.01937866210938,41.2862663269043,1
157883.0,5859.66357421875,1.4504716396331787,33.60334014892578,128.00531005859375,155.74891662597656,25.358980178833008,39.5819206237793,57.052467346191406,1
12191.0,970.607177734375,1.0285714864730835,26.677396774291992,149.4418487548828,150.33885192871094,26.506311416625977,56.28337860107422,55.60162353515625,1
6464.0,330.0,1.5692307949066162,66.01191711425781,57.09849166870117,149.60678100585938,50.98007583618164,65.75951385498047,36.51852798461914,1
32978.0,746.62744140625,0.9114583134651184,49.1519660949707,161.73106384277344,178.48287963867188,18.953092575073242,42.56898880004883,38.7149772644043,1
7020.0,595.9655151367188,0.3055555522441864,35.736671447753906,187.62429809570312,145.54005432128906,19.243104934692383,53.50273132324219,56.014404296875,1
3078.5,483.66400146484375,0.8433734774589539,26.414113998413086,163.56265258789062,138.3031005859375,31.20557403564453,55.61423873901367,68.48335266113281,1
6075.0,312.0,1.0789474248886108,50.63783645629883,145.91848754882812,78.59756469726562,61.0875129699707,92.64932250976562,83.8941650390625,1
2643.5,235.52186584472656,0.790123462677002,46.55806350708008,112.39988708496094,171.86825561523438,53.08796310424805,62.23939514160156,64.4570541381836,1
654650.5,8405.84765625,0.5625,21.366552352905273,73.82425689697266,118.0018539428711,11.780285835266113,38.4666748046875,48.51222229003906,1
36672.0,766.0,0.9948186278343201,32.210655212402344,147.4613800048828,124.7079849243164,35.94353103637695,110.77350616455078,98.12894439697266,1
1238.0,174.76954650878906,1.6470588445663452,53.4774169921875,228.34454345703125,124.70536041259766,27.382091522216797,26.83725929260254,36.85170364379883,1
66098.5,1054.325927734375,1.180672287940979,43.72829818725586,124.36858367919922,152.9954071044922,17.49454116821289,45.98738479614258,52.71906280517578,1
2275.0,276.083251953125,2.7428572177886963,51.09166717529297,180.70535278320312,138.5625,32.30970764160156,55.062191009521484,50.6464958190918,1
1218.0,272.56854248046875,3.0,13.116927146911621,161.44046020507812,213.16375732421875,3.9154412746429443,17.98000144958496,37.416038513183594,1
169519.0,1648.0,0.9299065470695496,17.845582962036133,77.76594543457031,73.91521453857422,26.320205688476562,79.12731170654297,80.89498901367188,1
44070.0,842.0,1.15816330909729,19.60671615600586,105.71001434326172,115.11278533935547,32.54026412963867,110.126953125,96.96977996826172,1
4568.0,887.7888793945312,1.2553191184997559,41.02181625366211,174.5660858154297,163.75018310546875,54.72920227050781,41.46915054321289,59.30613327026367,1
227.0,99.79898834228516,0.5151515007019043,60.90552520751953,85.88591766357422,170.5579376220703,51.12321090698242,52.00066375732422,60.802364349365234,1
1477.0,190.08326721191406,2.4000000953674316,24.629167556762695,179.3870391845703,90.03379821777344,18.45479965209961,49.23277282714844,59.83275604248047,1
22176.0,596.0,0.9354838728904724,18.323471069335938,95.8243408203125,85.52716064453125,19.33370018005371,100.5223159790039,94.91256713867188,1
24007.0,624.2842407226562,1.1292517185211182,40.424842834472656,167.71546936035156,139.79550170898438,15.878019332885742,62.396820068359375,72.16422271728516,1
515383.0,6670.95263671875,0.9988009333610535,23.0996036529541,60.7338752746582,151.44418334960938,11.065193176269531,70.19583129882812,38.623714447021484,1
1791023.5,22686.9375,0.7644389271736145,23.400541305541992,87.50566101074219,138.30519104003906,8.926426887512207,67.2496337890625,48.142601013183594,1
32984.5,746.0416259765625,1.0971428155899048,49.07880783081055,161.08993530273438,178.95529174804688,18.81349754333496,42.03190994262695,38.383155822753906,1
58968.5,2071.324951171875,0.7041666507720947,37.86494827270508,134.35548400878906,142.20420837402344,37.99113464355469,53.056640625,73.30017852783203,1
17049.0,546.62744140625,1.188524603843689,51.52153778076172,232.2910614013672,184.2716827392578,42.581478118896484,39.03996276855469,70.43413543701172,1
11026.0,818.4751586914062,0.9424460530281067,20.715471267700195,171.06309509277344,103.71931457519531,6.276015758514404,72.21016693115234,48.07479476928711,1
5662.5,522.2325439453125,0.8709677457809448,43.05548095703125,233.60789489746094,177.9604949951172,42.59320831298828,42.714630126953125,77.99186706542969,1
5877.0,394.7939453125,2.0303030014038086,61.534034729003906,153.76866149902344,125.38670349121094,55.254051208496094,75.02468872070312,63.56061935424805,1
2734.0,330.0243835449219,1.092307686805725,21.91506004333496,145.6595916748047,118.22405242919922,5.426445007324219,72.56307220458984,49.627017974853516,1
2059.5,265.1543273925781,1.2241379022598267,51.685768127441406,211.34579467773438,201.1736297607422,32.03239822387695,39.24436569213867,32.17679977416992,1
2774.5,441.92388916015625,0.9759036302566528,60.764095306396484,169.12271118164062,145.17373657226562,36.85999298095703,62.607574462890625,57.76978302001953,1
6122.5,866.9188232421875,1.923076868057251,23.614103317260742,136.18402099609375,162.9491424560547,11.234496116638184,53.325008392333984,70.45446014404297,1
5049.0,300.0,1.923076868057251,23.354230880737305,136.9459686279297,163.2778778076172,10.125951766967773,53.328857421875,70.72801208496094,1
11665.0,550.5685424804688,2.9538462162017822,69.07460021972656,194.9144287109375,157.47010803222656,32.91944885253906,63.953086853027344,43.817352294921875,1
13200.5,1357.286376953125,0.8820960521697998,36.2558708190918,175.42002868652344,172.71961975097656,24.426477432250977,82.0660400390625,66.25055694580078,1
1514.0,165.7989959716797,0.9111111164093018,22.046070098876953,161.24769592285156,150.48509216308594,21.359804153442383,51.467586517333984,57.9766845703125,1
15649.5,1069.5462646484375,1.2721519470214844,37.95685958862305,164.36363220214844,173.3361358642578,42.43351745605469,41.25253677368164,58.196903228759766,1
800.5,198.52691650390625,2.3214285373687744,20.169780731201172,156.2510986328125,139.5752716064453,7.997889041900635,51.48504638671875,50.31142807006836,1
14438.0,481.313720703125,1.0948275327682495,18.062108993530273,113.93116760253906,123.27864837646484,10.262864112854004,85.94046783447266,42.38758850097656,1
323.5,116.87005615234375,3.538461446762085,39.71571731567383,119.18394470214844,106.98494720458984,17.562105178833008,58.551090240478516,49.5852165222168,1
2535.5,389.095458984375,1.0,62.57795715332031,109.49866485595703,144.22720336914062,40.31425476074219,57.606693267822266,61.25987243652344,1
167425.5,3452.427734375,1.1666666269302368,40.67544937133789,127.20284271240234,158.26156616210938,39.9556999206543,80.37146759033203,62.28199005126953,1
12319.5,604.55126953125,0.5542857050895691,36.444419860839844,227.97372436523438,134.33596801757812,25.804258346557617,25.68961524963379,48.9383544921875,1
14780.0,569.3624877929688,1.3680000305175781,31.948022842407227,159.08935546875,157.5413360595703,35.891902923583984,88.41293334960938,57.68981170654297,1
885744.5,4507.07763671875,0.8224899768829346,49.464481353759766,100.84318542480469,118.25182342529297,51.11131286621094,66.11522674560547,41.92209243774414,1
81646.5,2586.736328125,2.184300422668457,34.1072998046875,180.0576171875,134.60537719726562,43.59156036376953,38.081298828125,63.57807159423828,1
34040.0,738.0,1.0054054260253906,27.431734085083008,88.4538803100586,82.94417572021484,34.98557662963867,96.70207214355469,90.45547485351562,1
7047.5,320.35028076171875,0.8999999761581421,134.3844451904297,130.59022521972656,100.20310974121094,61.996971130371094,84.49606323242188,82.71695709228516,1
25315.0,1410.4305419921875,1.4569892883300781,34.465538024902344,151.3199005126953,136.31857299804688,38.08815002441406,39.44867706298828,57.924076080322266,1
4761.0,380.8528137207031,1.7580645084381104,67.13835144042969,160.5802001953125,196.37689208984375,35.42609405517578,68.2060317993164,35.5521354675293,1
7693.0,557.9655151367188,1.0299999713897705,63.54854202270508,198.31602478027344,154.00389099121094,33.057037353515625,52.317169189453125,45.24353790283203,1
98789.0,2123.435546875,2.4710423946380615,36.16634750366211,243.1987762451172,142.4972381591797,24.693653106689453,19.974254608154297,73.87324523925781,1
22785.0,604.0,1.0540540218353271,16.82649040222168,106.62118530273438,89.87963104248047,18.485300064086914,106.20213317871094,99.82534790039062,1
248047.0,3027.297607421875,1.3333333730697632,61.65995407104492,160.52102661132812,185.58387756347656,36.55126190185547,66.26445770263672,52.42803192138672,1
6278.5,526.9188232421875,0.8655462265014648,35.44961929321289,208.90707397460938,154.3189239501953,28.788555145263672,42.433326721191406,45.61445236206055,1
161504.0,1608.0,0.9515738487243652,19.606775283813477,76.02001953125,78.47833251953125,31.732473373413086,77.28706359863281,85.10911560058594,1
29925.0,692.0,1.0232558250427246,22.663318634033203,93.7994155883789,86.96115112304688,26.566282272338867,88.70225524902344,94.78986358642578,1
2201.5,266.18377685546875,2.65625,34.6283073425293,78.156982421875,165.42831420898438,42.09566116333008,49.81611633300781,52.15311050415039,1
5556.5,300.9776916503906,0.9468085169792175,38.85393142700195,112.58283233642578,120.0069351196289,49.977577209472656,65.11714172363281,76.91699981689453,1
7701.0,373.5390930175781,0.5511810779571533,49.4241828918457,112.86839294433594,112.99055480957031,47.28693771362305,64.177490234375,58.388275146484375,1
2365.5,467.92388916015625,0.4615384638309479,30.075092315673828,143.47122192382812,132.18157958984375,11.973713874816895,50.98274612426758,55.469181060791016,1
1855347.0,5464.0,1.1629747152328491,10.67405891418457,33.100528717041016,63.344905853271484,15.937152862548828,45.81829833984375,71.35027313232422,1
972.0,136.76954650878906,0.7674418687820435,48.001407623291016,119.1205062866211,98.55461883544922,36.88372039794922,65.64137268066406,54.34294891357422,1
68028.0,1193.5634765625,1.1304347515106201,48.20450973510742,137.39088439941406,150.78736877441406,35.10505294799805,70.95150756835938,62.923404693603516,1
3431.0,245.5979766845703,0.5595238208770752,48.328773498535156,114.09903717041016,112.13019561767578,46.238922119140625,66.13459777832031,57.875850677490234,1
4789.0,306.6274108886719,0.5151515007019043,58.845909118652344,97.01644134521484,117.552978515625,54.68001937866211,60.41487503051758,59.69126892089844,1
38068.5,1991.619384765625,1.0,102.66401672363281,145.02220153808594,173.20980834960938,82.36895751953125,70.57329559326172,57.72529983520508,1
2791.5,441.92388916015625,0.9759036302566528,60.54454803466797,168.55421447753906,145.0565185546875,36.65195846557617,62.91251754760742,57.70017623901367,1
5383.0,317.480224609375,1.0481927394866943,17.048192977905273,179.62013244628906,94.84420776367188,7.231288909912109,66.8180160522461,38.461212158203125,1
2097.5,267.5807189941406,1.2833333015441895,53.97121047973633,98.02207946777344,152.2547607421875,45.48506546020508,51.39214324951172,69.23848724365234,1
2759.0,217.7989959716797,1.2999999523162842,17.397539138793945,222.13015747070312,92.63999938964844,1.6805109977722168,24.485010147094727,28.4743709564209,1
3430.0,457.1370849609375,2.692307710647583,39.16923141479492,112.88804626464844,119.51799774169922,26.636640548706055,59.54403305053711,52.1276969909668,1
493.5,154.0416259765625,1.1142857074737549,28.630769729614258,185.41172790527344,160.3194122314453,2.2058708667755127,48.36534118652344,32.25501251220703,1
187986.0,3310.7392578125,1.6080402135849,82.21333312988281,60.535133361816406,133.760009765625,48.674991607666016,40.39277648925781,64.58612823486328,1
946.5,129.2964630126953,0.8409090638160706,23.195945739746094,137.39804077148438,109.74815368652344,4.6455769538879395,58.20876693725586,54.02722930908203,1
72777.0,2275.949462890625,1.212499976158142,28.477294921875,160.6332244873047,106.31270599365234,25.453153610229492,55.12675476074219,50.942752838134766,1
35285.5,2365.62353515625,1.1408934593200684,30.672712326049805,150.17527770996094,156.05111694335938,25.240901947021484,48.028377532958984,53.67502212524414,1
30695.0,1053.9554443359375,1.063348412513733,34.369384765625,188.4649658203125,170.6802215576172,40.273746490478516,44.32875442504883,58.31413650512695,1
1236.5,153.15432739257812,0.7346938848495483,42.68367385864258,140.06292724609375,85.51814270019531,35.78913879394531,70.07677459716797,42.27323532104492,1
16095.5,515.8994750976562,1.2136752605438232,52.59937286376953,213.70037841796875,171.66847229003906,32.00033187866211,39.94749069213867,54.15071487426758,1
21049.0,673.7888793945312,1.0303030014038086,35.59811019897461,109.5040283203125,110.9622802734375,41.49351119995117,73.27596282958984,44.76374053955078,1
187787.0,4807.017578125,1.3333333730697632,26.019189834594727,168.9812774658203,154.40589904785156,15.657567977905273,34.35676193237305,70.60865020751953,1
35154.0,1229.4456787109375,1.100000023841858,39.132713317871094,178.5976104736328,149.6366424560547,26.335670471191406,44.30451583862305,54.21491241455078,1
43056.0,830.0,0.9952152967453003,22.602203369140625,37.278568267822266,70.70095825195312,36.97455596923828,60.285606384277344,81.30457305908203,1
572064.5,11596.404296875,1.7777777910232544,22.901268005371094,79.6820297241211,122.73322296142578,8.603193283081055,42.60133361816406,49.15007781982422,1
2189.5,243.01219177246094,1.7560975551605225,49.80961990356445,210.97695922851562,129.18563842773438,23.134571075439453,32.90543746948242,40.998291015625,1
708.5,139.8994903564453,0.4680851101875305,21.4874267578125,161.4574432373047,171.58123779296875,7.234557151794434,43.13362121582031,52.2512321472168,1
851.0,185.7401123046875,1.514285683631897,30.635040283203125,178.58921813964844,134.81455993652344,45.56136703491211,38.14368438720703,67.77178192138672,1
2340.0,244.22540283203125,0.6712328791618347,46.46575164794922,121.73301696777344,120.44171142578125,38.34535598754883,63.93819808959961,58.71903991699219,1
5283.0,771.5634765625,0.7368420958518982,41.07038497924805,101.75991821289062,148.39149475097656,30.45729637145996,61.993865966796875,75.32230377197266,1
4164.0,486.4508056640625,1.4938271045684814,24.58514404296875,143.90980529785156,165.44760131835938,26.958539962768555,59.24018096923828,52.62477111816406,1
678.0,233.2548370361328,0.7647058963775635,47.50728988647461,133.7330322265625,154.3710479736328,30.962514877319336,66.17627716064453,60.61583709716797,1
289745.5,3971.13818359375,1.1793612241744995,22.648218154907227,28.336545944213867,144.74647521972656,32.52755355834961,45.447540283203125,83.00737762451172,1
5436.0,323.7989807128906,2.2352941036224365,39.446163177490234,87.20295715332031,133.7340850830078,28.002408981323242,59.56971740722656,54.44805908203125,1
1313734.5,4416.50927734375,0.9915058016777039,44.66173553466797,120.64115142822266,120.745849609375,43.71306610107422,64.55316925048828,44.60114288330078,1
31296.0,710.0,1.176829218864441,60.15468215942383,233.60716247558594,190.36935424804688,38.495140075683594,37.90205383300781,69.7740249633789,1
3771.0,348.8528137207031,0.72826087474823,38.4905891418457,236.10415649414062,159.23345947265625,21.390380859375,24.33734130859375,56.95473098754883,1
3158.5,334.95330810546875,1.8867924213409424,54.463584899902344,158.49339294433594,153.56678771972656,34.69536590576172,66.10442352294922,51.54989242553711,1
6573.0,469.96551513671875,1.0102040767669678,42.77705764770508,205.74200439453125,143.62388610839844,25.343610763549805,39.138973236083984,43.98662567138672,1
573825.0,8799.3837890625,0.5625,22.091833114624023,59.452266693115234,121.17691802978516,8.299875259399414,39.53850173950195,46.06480407714844,1
7104.0,320.5929260253906,0.9100000262260437,132.94154357910156,127.69538116455078,101.47923278808594,62.98651123046875,83.66962432861328,82.89002227783203,1
6927.0,589.2203369140625,1.898734211921692,54.11341857910156,161.61965942382812,153.68051147460938,35.156410217285156,67.08658599853516,52.74165344238281,1
15276.5,843.889404296875,1.303030252456665,23.631298065185547,161.98995971679688,177.4424285888672,49.786033630371094,43.34476089477539,57.78805160522461,1
31803.5,1038.1492919921875,0.831818163394928,47.37936019897461,160.83514404296875,175.5925750732422,12.812844276428223,42.92390823364258,40.208824157714844,1
3214.0,275.25482177734375,0.9104477763175964,20.816492080688477,161.84193420410156,150.7587432861328,16.620641708374023,51.200931549072266,58.68907928466797,1
3132.5,221.07106018066406,1.0,37.30316925048828,182.17205810546875,139.81471252441406,7.020753383636475,45.525394439697266,52.54063034057617,1
8182.0,560.7350463867188,1.2164947986602783,30.72811508178711,176.65866088867188,166.2416534423828,39.825836181640625,88.61703491210938,62.86553192138672,1
2835.0,549.2203369140625,0.5398229956626892,70.02349853515625,169.81777954101562,150.7921142578125,38.49186706542969,67.951171875,54.930015563964844,1
5428.5,378.5513000488281,0.8989899158477783,35.645103454589844,204.0688934326172,138.13528442382812,29.16512680053711,46.954586029052734,41.956024169921875,1
2002225.0,5660.0,1.0,10.087156295776367,41.33799362182617,56.85748291015625,14.902536392211914,52.39479446411133,68.73989868164062,1
4041.0,277.9411315917969,0.4554455578327179,38.6435661315918,110.84933471679688,118.07124328613281,39.38908767700195,67.26792907714844,61.10701370239258,1
1021.5,228.46803283691406,0.6184210777282715,34.535552978515625,182.64810180664062,128.96136474609375,32.207069396972656,54.15032196044922,65.31954956054688,1
21843.0,1464.298583984375,0.5625,22.60517120361328,65.77704620361328,116.36249542236328,11.498827934265137,36.09037399291992,52.51795196533203,1
3827.5,511.3797302246094,1.1235954761505127,23.841796875,133.77865600585938,195.1793212890625,16.0814266204834,50.04507064819336,57.80083465576172,1
343578.5,5297.2158203125,0.9030373692512512,22.129268646240234,86.49297332763672,161.5940399169922,8.279009819030762,85.44893646240234,47.11552810668945,1
1380230.5,19635.494140625,1.0130090713500977,19.866056442260742,96.5512466430664,154.88763427734375,11.203019142150879,59.949981689453125,50.056007385253906,1
1373.5,382.26702880859375,0.797468364238739,39.80791473388672,175.07977294921875,163.6180419921875,53.91972351074219,42.3749885559082,59.1777458190918,1
889.5,272.6690368652344,3.7200000286102295,30.843870162963867,122.16688537597656,188.9849395751953,31.745237350463867,58.56986999511719,62.51744842529297,1
2595.0,516.9949340820312,0.8947368264198303,26.53424835205078,190.9541473388672,154.82875061035156,14.453392028808594,52.61627197265625,68.12364196777344,1
50657.0,1072.4508056640625,1.2067511081695557,19.772918701171875,113.93815612792969,148.58364868164062,23.640541076660156,71.8863525390625,52.63833999633789,1
84751.0,1471.4599609375,0.7242206335067749,61.30281066894531,153.92689514160156,125.73817443847656,55.19561004638672,74.87794494628906,63.50624465942383,1
13815.5,1005.1929931640625,1.3096773624420166,30.743619918823242,140.60829162597656,147.59449768066406,44.35954666137695,58.61540603637695,67.05644226074219,1
4301.0,485.7644958496094,1.0109890699386597,37.61072540283203,152.49856567382812,122.7890625,49.52385330200195,59.544063568115234,55.95226287841797,1
1419.5,191.98275756835938,0.4776119291782379,61.98320770263672,153.60726928710938,123.9813461303711,55.41228485107422,75.46101379394531,63.523277282714844,1
11414.5,449.0710754394531,1.247422695159912,35.058021545410156,182.68109130859375,164.21836853027344,11.303942680358887,56.81492233276367,66.46278381347656,1
1238.0,174.76954650878906,1.6470588445663452,53.4774169921875,228.34454345703125,124.70536041259766,27.382091522216797,26.83725929260254,36.85170364379883,1
6535.5,693.5706176757812,1.066176414489746,21.53990936279297,143.7998504638672,151.95187377929688,15.899545669555664,56.3922119140625,61.73872375488281,1
118653.5,2226.09033203125,6.530612468719482,99.6201400756836,130.70179748535156,78.2504653930664,5.715124607086182,26.670612335205078,45.420799255371094,1
2677.5,253.9238739013672,0.8194444179534912,18.73611068725586,179.43338012695312,105.7474136352539,3.3959922790527344,65.93694305419922,53.772254943847656,1
51984.0,912.0,1.0,17.041780471801758,80.65386199951172,81.39122009277344,21.67717742919922,94.00955200195312,91.71189880371094,1
15902.0,1332.54833984375,0.9107142686843872,37.535518646240234,135.8027801513672,146.6976776123047,17.96050262451172,49.8952522277832,60.988555908203125,1
520.5,167.49746704101562,1.3225806951522827,18.50196647644043,166.97088623046875,168.81353759765625,13.378521919250488,53.20796203613281,61.140785217285156,1
24388.0,648.2842407226562,0.7877094745635986,38.63587951660156,132.66722106933594,139.55279541015625,29.47907257080078,51.82374572753906,66.63814544677734,1
3771.0,348.8528137207031,1.3731343746185303,38.4905891418457,236.10430908203125,159.23345947265625,21.390380859375,24.337656021118164,56.95473098754883,1
683.0,152.28427124023438,2.7727272510528564,15.123696327209473,171.35841369628906,143.41281127929688,3.6437344551086426,43.64914321899414,39.72393035888672,1
136530.0,1478.0,0.9973045587539673,9.783185958862305,56.362701416015625,73.46927642822266,19.359153747558594,76.169189453125,83.003173828125,1
190557.0,1960.3330078125,0.5625,24.269067764282227,74.25193786621094,113.40089416503906,9.002350807189941,32.746524810791016,45.31524658203125,1
30048.0,1137.77880859375,1.5696970224380493,23.205242156982422,173.12954711914062,105.57826232910156,26.62775421142578,51.959739685058594,54.59320068359375,1
350.0,85.79898834228516,0.6551724076271057,49.459163665771484,108.67876434326172,126.29582214355469,42.941585540771484,61.44349670410156,62.74765396118164,1
536898.5,9948.884765625,1.7756233215332031,22.82463836669922,79.20538330078125,122.7672119140625,8.839479446411133,42.90037155151367,49.0721549987793,1
544.0,109.11270141601562,1.625,20.757478713989258,233.5128173828125,180.13674926757812,3.0522422790527344,22.134057998657227,51.32588577270508,1
23733.0,676.76953125,1.1292517185211182,40.424842834472656,167.71546936035156,139.79550170898438,15.878019332885742,62.396820068359375,72.16422271728516,1
3778.0,616.5340576171875,0.9736841917037964,20.421630859375,183.13873291015625,174.8207244873047,3.748018980026245,49.55667495727539,34.350215911865234,1
2085.5,386.6690368652344,3.366666555404663,26.757755279541016,140.2801971435547,93.743896484375,39.05630111694336,73.91604614257812,37.08985137939453,1
21532.0,1536.926025390625,1.7777777910232544,22.469970703125,80.70572662353516,122.79917907714844,7.820396423339844,43.042667388916016,48.60332107543945,1
15053.5,1373.913818359375,1.077419400215149,34.34201431274414,162.90890502929688,164.49375915527344,18.708791732788086,66.81190490722656,57.88058090209961,1
21716.5,741.3796997070312,0.7339901328086853,16.90577507019043,201.9828338623047,158.90167236328125,3.7137441635131836,48.893402099609375,58.32109832763672,1
3581.5,288.95330810546875,1.2714285850524902,40.546226501464844,120.56099700927734,144.32327270507812,33.170902252197266,41.89073944091797,64.73799896240234,1
57922.5,1472.516845703125,1.2067511081695557,19.772918701171875,113.93815612792969,148.58364868164062,23.640541076660156,71.8863525390625,52.63833999633789,1
1290.0,154.08326721191406,1.0243902206420898,17.030778884887695,183.21835327148438,92.51161193847656,7.611477851867676,64.68994140625,37.13203048706055,1
60557.0,1491.886474609375,1.86328125,17.424142837524414,179.75411987304688,133.28819274902344,4.35152006149292,38.42700958251953,45.63978576660156,1
20437.5,689.97265625,1.184049129486084,44.47817611694336,92.02790832519531,128.47267150878906,46.84193801879883,73.05245208740234,45.773319244384766,1
1436.5,157.8406219482422,1.5714285373687744,25.303895950317383,137.55636596679688,112.20519256591797,15.344616889953613,57.054500579833984,39.438053131103516,1
7954.0,358.0,1.1807228326797485,46.35074996948242,152.50221252441406,77.19203186035156,45.3384895324707,101.66776275634766,83.20348358154297,1
13200.5,1357.286376953125,1.1336634159088135,36.2558708190918,175.42015075683594,172.71961975097656,24.426477432250977,82.06605529785156,66.25055694580078,1
53479.5,1031.6396484375,1.131818175315857,40.42750930786133,167.71987915039062,139.8037567138672,15.898715019226074,62.40024185180664,72.17831420898438,1
973.0,136.76954650878906,1.303030252456665,47.43904113769531,121.65679931640625,98.66737365722656,36.42931365966797,67.63517761230469,54.31830596923828,1
301586.0,2268.93603515625,1.3333333730697632,44.38005447387695,148.31304931640625,163.17709350585938,23.191835403442383,65.94686126708984,60.50027084350586,1
2188786.0,5791.5986328125,1.0190362930297852,47.96269607543945,107.56777954101562,133.1547393798828,43.98330307006836,59.15126419067383,51.67942428588867,1
12838.0,677.3280029296875,1.637795329093933,30.882495880126953,149.06776428222656,122.67561340332031,16.897558212280273,53.45764923095703,62.47390365600586,1
2095.0,265.3381042480469,0.7792207598686218,55.2443733215332,97.90238189697266,152.3279266357422,46.39069366455078,50.6312141418457,69.43159484863281,1
186373.0,3053.523193359375,1.5960099697113037,39.559913635253906,174.62905883789062,156.65695190429688,36.823974609375,50.69699478149414,62.45361328125,1
31650.0,722.0,1.4039734601974487,29.008028030395508,133.71307373046875,111.52508544921875,37.395320892333984,118.89762115478516,107.64556121826172,1
20974.0,1336.9747314453125,1.5116279125213623,29.009973526000977,158.8310546875,134.2137908935547,32.168643951416016,41.02906036376953,59.067325592041016,1
2789.0,418.3675231933594,0.807692289352417,57.840049743652344,100.77594757080078,149.23849487304688,47.54069519042969,56.71733093261719,56.503658294677734,1
785.0,170.76954650878906,0.75,48.577823638916016,122.74586486816406,114.0227279663086,38.18690490722656,69.92333984375,63.752017974853516,1
104676.5,2005.668212890625,1.0663390159606934,34.49955749511719,188.58023071289062,170.80325317382812,40.289337158203125,44.36451721191406,58.26529312133789,1
1241.0,220.91168212890625,1.10869562625885,42.167945861816406,101.49701690673828,144.9266815185547,43.341983795166016,72.20612335205078,65.31137084960938,1
280.0,96.97056579589844,1.0,20.417009353637695,188.0960235595703,153.06309509277344,13.091805458068848,33.075077056884766,75.5442886352539,1
7215.0,322.5929260253906,0.9200000166893005,132.03890991210938,123.33108520507812,101.90814971923828,64.20719146728516,81.3389663696289,82.50382995605469,1
19045.0,1275.896484375,0.6636363863945007,36.49710464477539,172.5067596435547,182.55601501464844,20.50005531311035,49.25969696044922,44.65618896484375,1
2671.5,334.3258972167969,1.0847457647323608,55.02091979980469,99.66339874267578,141.88241577148438,44.51605224609375,59.696510314941406,67.58956146240234,1
5466.0,801.9898681640625,0.4632352888584137,30.218137741088867,143.36764526367188,132.36671447753906,12.419118881225586,49.592681884765625,55.08848190307617,1
776.0,117.65685272216797,1.1034482717514038,62.97844696044922,177.11099243164062,152.1724090576172,58.21242904663086,39.33120346069336,46.170860290527344,1
36186.0,905.9310302734375,0.8262711763381958,30.787092208862305,176.58717346191406,166.28759765625,39.92567443847656,88.7019271850586,62.87094497680664,1
3782.0,252.97056579589844,1.4716981649398804,57.4199333190918,98.45912170410156,155.23802185058594,46.78388977050781,64.12859344482422,68.23703002929688,1
27553.5,1494.9229736328125,1.0266159772872925,26.756175994873047,149.2937774658203,150.3706817626953,26.505630493164062,56.2953987121582,55.50301742553711,1
2652.0,243.76449584960938,0.773809552192688,50.18937683105469,110.15641021728516,174.0492706298828,54.55956268310547,62.803314208984375,64.57115173339844,1
1507.0,165.7989959716797,0.9111111164093018,21.294851303100586,160.99078369140625,150.40379333496094,19.51406478881836,50.885623931884766,58.14461135864258,1
5424.5,297.8061218261719,0.9569892287254333,38.6835823059082,112.87495422363281,118.94708251953125,49.279666900634766,66.1268081665039,77.89033508300781,1
30134.5,1144.0213623046875,1.575757622718811,23.250629425048828,174.3355255126953,105.15680694580078,26.62586212158203,52.779666900634766,54.61561965942383,1
748.5,213.98275756835938,2.4827585220336914,52.8318977355957,75.3012466430664,137.97366333007812,41.413482666015625,43.42403030395508,58.97734451293945,1
12759.5,634.4091796875,2.287356376647949,47.8753547668457,178.5018768310547,149.9053955078125,31.748828887939453,47.43052291870117,60.043827056884766,1
6573.0,469.96551513671875,1.0102040767669678,42.77705764770508,205.74191284179688,143.62388610839844,25.343610763549805,39.13904571533203,43.98662567138672,1
7236.0,323.4213562011719,0.9300000071525574,130.99827575683594,118.12236785888672,103.70881652832031,65.2803955078125,79.26007080078125,83.13812255859375,1
4950.0,282.0,1.1343283653259277,37.11115646362305,194.94677734375,142.5033416748047,8.222947120666504,38.514122009277344,52.433433532714844,1
16135.0,645.587890625,0.7202072739601135,25.11928367614746,194.18380737304688,144.4318389892578,18.68375015258789,66.0294418334961,64.97965240478516,1
2357.0,352.1665344238281,0.4166666567325592,23.054115295410156,231.57139587402344,206.59690856933594,5.379138946533203,31.054101943969727,38.425899505615234,1
22892.0,1815.6365966796875,1.0744186639785767,28.476089477539062,185.58937072753906,159.5757598876953,16.821279525756836,59.024803161621094,69.14824676513672,1
12915.0,456.0,1.1698113679885864,58.99087142944336,50.12332534790039,157.8201446533203,51.990577697753906,51.90296936035156,56.93035125732422,1
12259.5,802.8010864257812,0.6071428656578064,48.999656677246094,180.05711364746094,144.7214813232422,64.4258804321289,44.13407516479492,65.47752380371094,1
883.0,194.91168212890625,1.600000023841858,28.535715103149414,179.9071502685547,134.03367614746094,40.893226623535156,40.581153869628906,67.1666259765625,1
409902.5,6277.09765625,1.4986110925674438,22.100133895874023,63.606964111328125,120.64891052246094,17.002988815307617,43.053348541259766,52.43382263183594,1
1372.0,218.91168212890625,0.6000000238418579,48.33657455444336,105.3351821899414,131.0245361328125,42.690650939941406,57.9107666015625,61.52753829956055,1
5971.0,643.8477783203125,0.5314685106277466,57.754417419433594,100.03947448730469,115.17777252197266,54.63970184326172,61.10528564453125,58.79707717895508,1
380.0,132.91168212890625,1.2333333492279053,24.532432556152344,162.54684448242188,156.6081085205078,38.20132064819336,70.4620590209961,64.42460632324219,1
23103.0,724.4163208007812,0.8349999785423279,33.226436614990234,162.7858428955078,156.39329528808594,37.34889602661133,87.64256286621094,58.21217346191406,1
634951.5,4798.33251953125,1.095969319343567,66.93622589111328,85.68183135986328,153.01121520996094,60.29664611816406,76.85121154785156,45.77455520629883,1
2950.5,265.2375793457031,0.8783783912658691,18.300830841064453,169.29771423339844,103.96943664550781,3.5005106925964355,72.68330383300781,52.78061294555664,1
683.5,164.52691650390625,1.7272727489471436,49.64646530151367,168.97500610351562,164.69430541992188,32.35879898071289,55.11853790283203,32.652774810791016,1
64462.5,1023.2131958007812,0.9883268475532532,43.400028228759766,219.1082000732422,177.7765350341797,30.00044059753418,37.15497589111328,56.367431640625,1
20122.5,892.8010864257812,0.44140625,47.46795654296875,120.7455062866211,83.2271499633789,19.806734085083008,31.87548828125,40.622310638427734,1
1873.5,191.21319580078125,1.0,45.47211837768555,162.58554077148438,126.74905395507812,56.886470794677734,63.868770599365234,65.6950454711914,1
9936.0,426.0,2.0714285373687744,24.671527862548828,95.8359603881836,30.671724319458008,43.74619674682617,108.56681060791016,49.4783935546875,1
4968764.0,24559.65234375,1.5448275804519653,26.835464477539062,42.644683837890625,155.16290283203125,9.252267837524414,52.85852813720703,29.50075912475586,1
1077.5,213.49746704101562,0.719298243522644,32.46726608276367,178.15704345703125,141.22250366210938,46.3033561706543,43.339290618896484,55.672149658203125,1
723.5,127.698486328125,0.9411764740943909,17.652572631835938,168.6222381591797,88.66084289550781,3.013857841491699,83.05522918701172,31.993247985839844,1
924687.5,4013.01220703125,1.7759336233139038,19.22102165222168,89.9079360961914,108.19055938720703,12.758101463317871,30.652801513671875,61.466793060302734,1
110978.5,2554.721923828125,2.4150943756103516,49.420677185058594,212.85813903808594,130.92494201660156,23.425792694091797,32.29437255859375,42.26511764526367,1
22510.0,1193.75439453125,1.765517234802246,32.41320037841797,218.11155700683594,145.1475830078125,23.929309844970703,45.01041793823242,51.92702102661133,1
99540.0,1262.0,0.9968454241752625,20.175477981567383,73.65510559082031,76.29471588134766,29.94685935974121,80.73050689697266,82.67900085449219,1
1678.5,255.49746704101562,0.859375,48.640342712402344,105.06477355957031,138.99403381347656,41.31524658203125,60.314083099365234,68.79591369628906,1
315.0,96.97056579589844,1.0,27.997041702270508,186.80325317382812,170.20266723632812,21.000141143798828,49.78942108154297,56.97948455810547,1
8446.0,478.4508056640625,0.6216216087341309,66.92648315429688,160.8509063720703,120.19924926757812,41.402587890625,58.204673767089844,62.66230392456055,1
2304.5,307.2964782714844,0.5377358198165894,18.722774505615234,142.75074768066406,108.14862823486328,9.14955997467041,69.28411865234375,52.78657150268555,1
142113.5,4360.39306640625,1.3333333730697632,25.305070877075195,164.76710510253906,174.6824493408203,14.830958366394043,33.78569030761719,65.9112777709961,1
17237.0,541.646728515625,0.8176470398902893,38.36677932739258,85.28984069824219,122.71662902832031,43.778358459472656,62.42435836791992,40.22167205810547,1
7224.0,340.0,0.977011501789093,40.510345458984375,157.58702087402344,72.49195098876953,45.55031204223633,93.56166076660156,77.63003540039062,1
1546.0,359.88226318359375,1.2075471878051758,28.528596878051758,148.7476348876953,183.1261749267578,22.521970748901367,45.37575149536133,68.9012451171875,1
1798.0,203.7989959716797,1.4210525751113892,82.9371337890625,206.21685791015625,197.4624786376953,27.115331649780273,63.9954719543457,31.029054641723633,1
1276.0,169.8822479248047,0.8510638475418091,26.151063919067383,124.87712860107422,119.32340240478516,21.320491790771484,63.923709869384766,56.78910827636719,1
5150.0,389.0193176269531,0.97826087474823,52.008575439453125,119.81123352050781,124.02415466308594,63.95254898071289,70.96781158447266,74.53303527832031,1
121392.5,2994.06005859375,0.893750011920929,23.69844627380371,72.07195281982422,115.75676727294922,12.783026695251465,48.07801818847656,53.92320251464844,1
2852.0,233.8822479248047,0.7083333134651184,45.03268051147461,135.8202667236328,91.79412078857422,36.30018997192383,68.4123306274414,48.05710983276367,1
5223.5,347.4629821777344,0.9890109896659851,49.57692337036133,118.71160125732422,123.4200210571289,61.85064697265625,68.49874114990234,73.8631362915039,1
956.0,254.56854248046875,0.7962962985038757,43.491817474365234,150.54306030273438,133.71102905273438,52.53261184692383,55.43284606933594,53.98865509033203,1
7408.5,329.66400146484375,0.9700000286102295,129.27928161621094,93.8897933959961,114.79360961914062,66.08370208740234,67.8690185546875,83.39875793457031,1
1204.5,328.61016845703125,1.2539682388305664,39.113121032714844,173.3180694580078,163.81173706054688,53.28252410888672,37.73115921020508,56.89778137207031,1
13372.5,659.203125,1.5752211809158325,20.42502784729004,187.42556762695312,112.99348449707031,22.93150520324707,49.133541107177734,56.42664337158203,1
33181.5,912.0660400390625,1.1193181276321411,24.273361206054688,130.54078674316406,164.19300842285156,21.03285026550293,48.04557418823242,53.13203430175781,1
1473300.5,13097.7177734375,1.7777777910232544,21.14211082458496,73.95914459228516,118.03590393066406,10.649442672729492,38.278995513916016,48.50186538696289,1
1107.5,249.15432739257812,1.0,62.47999954223633,109.82559967041016,143.87640380859375,39.727230072021484,56.40767288208008,61.40114212036133,1
1142701.0,6540.236328125,1.002373456954956,60.804325103759766,103.03109741210938,130.0124969482422,53.084938049316406,72.51502990722656,36.810302734375,1
7514279.5,27313.4765625,1.6199276447296143,16.473344802856445,112.97682189941406,142.9225311279297,2.8410143852233887,66.21548461914062,30.3048152923584,1
317.0,89.31370544433594,0.6333333253860474,40.485965728759766,159.07894897460938,131.3912353515625,29.079334259033203,69.26591491699219,57.52326202392578,1
35914.5,850.8944702148438,1.587499976158142,18.53614616394043,243.10716247558594,180.0223388671875,2.267153024673462,9.203190803527832,31.48514747619629,1
735.0,129.2548370361328,0.8205128312110901,18.127403259277344,165.52804565429688,104.34134674072266,3.3898348808288574,73.0407485961914,51.2445182800293,1
6320.0,318.0,0.9876543283462524,51.777469635009766,75.70941162109375,73.27669525146484,56.99776077270508,90.61132049560547,85.82514190673828,1
143607.5,3380.123046875,1.3333333730697632,27.133747100830078,166.39129638671875,176.24879455566406,19.06113052368164,48.12753677368164,53.217620849609375,1
1512.0,151.39697265625,0.95652174949646,24.403656005859375,113.43379211425781,114.77717590332031,23.658109664916992,53.55836486816406,52.50223159790039,1
1064.5,150.72792053222656,0.8780487775802612,36.33875274658203,145.58265686035156,111.19580078125,32.29421615600586,63.4758186340332,57.64804458618164,1
632610.5,7878.05810546875,1.7756233215332031,21.220108032226562,73.3676528930664,118.03924560546875,11.426671981811523,38.565494537353516,48.3742790222168,1
67381.0,1828.6214599609375,1.5604838132858276,23.140899658203125,174.61427307128906,105.20660400390625,26.83685302734375,52.703285217285156,54.86104965209961,1
3603450.0,33274.25,1.7912038564682007,21.720449447631836,61.387489318847656,162.21656799316406,7.625940322875977,64.96575927734375,37.173370361328125,1
7485.0,335.0782165527344,1.0,126.0271987915039,92.90129852294922,116.71790313720703,68.37982177734375,68.8539047241211,85.3792495727539,1
10212.0,406.0,0.8303571343421936,52.46073532104492,51.113189697265625,139.60800170898438,51.18758773803711,61.89949035644531,40.92445755004883,1
2204.0,266.7695617675781,0.3764705955982208,32.23198699951172,78.13749694824219,164.93896484375,38.975852966308594,50.07855987548828,51.808570861816406,1
304.0,78.6274185180664,0.8260869383811951,25.590389251708984,131.17620849609375,116.58352661132812,23.57410430908203,68.11454772949219,55.64825439453125,1
18810.0,562.0,1.5495495796203613,48.64016342163086,223.4384002685547,187.33709716796875,37.246246337890625,58.4453010559082,72.83641052246094,1
5352.5,652.0071411132812,1.0740740299224854,31.00973892211914,196.49362182617188,165.64024353027344,13.780993461608887,55.91657257080078,76.26136779785156,1
22195.0,616.0,1.6724138259887695,31.081851959228516,95.8658447265625,77.39090728759766,38.36250305175781,95.17545318603516,80.47406005859375,1
7037.5,320.35028076171875,0.8999999761581421,135.3943328857422,131.74478149414062,100.13188934326172,61.3502197265625,85.19291687011719,83.068603515625,1
18407.0,1441.34228515625,0.9103139042854309,27.57173728942871,140.1117706298828,154.4149169921875,38.09196853637695,54.44990921020508,64.62802124023438,1
1511.0,151.39697265625,1.045454502105713,22.724308013916016,112.77420806884766,114.65118408203125,17.33414077758789,53.66500473022461,52.666290283203125,1
79786.0,1130.0,0.96875,20.392847061157227,84.68852233886719,100.48204040527344,23.416027069091797,88.15547943115234,99.91334533691406,1
1765.0,168.4852752685547,0.9772727489471436,19.678117752075195,183.43182373046875,166.68287658691406,11.581792831420898,58.43254852294922,62.42930603027344,1
434.0,95.79898834228516,1.0,16.84910774230957,122.59121704101562,238.8148193359375,6.915262222290039,38.75402069091797,27.55819320678711,1
2290.5,425.5807189941406,0.790123462677002,44.07175827026367,148.9137725830078,133.3831024169922,53.186344146728516,54.3177490234375,53.86925506591797,1
1525.5,229.15432739257812,1.2765957117080688,65.3797836303711,81.64822387695312,145.40567016601562,54.89612579345703,62.82711410522461,64.26119995117188,1
1530.0,319.2792053222656,1.2105263471603394,73.29113006591797,130.68267822265625,127.8367691040039,39.358642578125,56.43899917602539,54.44442367553711,1
125122.0,1737.7098388671875,0.8329764604568481,33.723548889160156,161.58628845214844,157.2126007080078,37.702659606933594,87.97270202636719,58.44028854370117,1
979.0,131.94113159179688,0.7857142686843872,57.1861457824707,104.77705383300781,114.1356430053711,52.280033111572266,61.15001678466797,60.56528091430664,1
10622.0,414.0,0.8333333134651184,39.60664749145508,81.06925201416016,56.731300354003906,52.55268859863281,90.56348419189453,70.99485778808594,1
71881.5,1085.4974365234375,1.1428571939468384,28.201967239379883,160.3819580078125,125.02709197998047,33.119327545166016,54.43642044067383,62.84468078613281,1
78725.5,2412.7607421875,1.401898741722107,29.229705810546875,158.45538330078125,107.69224548339844,25.260408401489258,55.1297492980957,50.50556945800781,1
5245.5,462.8944396972656,1.8705881834030151,18.331113815307617,141.65579223632812,108.02560424804688,6.90106201171875,68.93080139160156,52.73049545288086,1
24550.0,746.0244140625,1.0641025304794312,41.93389129638672,125.16647338867188,141.66867065429688,34.03730392456055,50.69090270996094,68.3013916015625,1
26729.0,744.9949340820312,1.0409356355667114,29.390104293823242,182.156982421875,174.6451873779297,11.70887565612793,49.46025848388672,53.8818473815918,1
63815.0,1185.2203369140625,1.030651330947876,41.308292388916016,137.18263244628906,167.0554962158203,21.65382194519043,57.2210693359375,62.70721435546875,1
1806.0,170.0,1.0232558250427246,21.580337524414062,192.7378387451172,150.1400604248047,19.42256736755371,42.943519592285156,60.82666015625,1
34320.0,742.0,1.107344627380371,28.434423446655273,117.96910095214844,136.29684448242188,22.76561737060547,92.77417755126953,60.76226806640625,1
161320.0,1612.0,1.177897572517395,16.108001708984375,66.8643569946289,81.02467346191406,28.46190071105957,73.81500244140625,93.04595947265625,1
1317.0,222.56854248046875,1.2549020051956177,43.742034912109375,110.36366271972656,139.3385467529297,41.05522537231445,66.5709457397461,68.4299545288086,1
16101.5,515.8994750976562,1.2136752605438232,52.597328186035156,214.45468139648438,171.22679138183594,32.01123809814453,39.918209075927734,54.20692443847656,1
3699.5,262.7279357910156,0.48351648449897766,29.97977066040039,134.2659912109375,137.21578979492188,12.108312606811523,56.41623306274414,59.95555114746094,1
20974.0,1336.9747314453125,0.6615384817123413,29.009973526000977,158.83096313476562,134.2137908935547,32.168643951416016,41.029136657714844,59.067325592041016,1
1354.5,250.66905212402344,1.6595745086669922,29.200763702392578,99.61456298828125,168.13938903808594,18.15594482421875,52.19673156738281,59.84032440185547,1
6735.5,419.095458984375,1.4155844449996948,61.75956344604492,158.24102783203125,185.18836975097656,35.82668685913086,66.49693298339844,51.15742492675781,1
3175.5,337.2964782714844,1.8867924213409424,53.92094421386719,162.4339599609375,153.9647216796875,35.08626174926758,67.20125579833984,52.66947937011719,1
16665.0,1070.1807861328125,0.8307692408561707,18.23956871032715,162.23519897460938,177.1619110107422,14.723535537719727,95.00873565673828,41.4250373840332,1
126280.0,4367.5859375,1.6452442407608032,37.57568359375,163.97076416015625,160.86849975585938,17.252994537353516,51.33020782470703,60.43399429321289,1
1167.5,184.9533233642578,1.0,27.119834899902344,131.38067626953125,118.71900939941406,24.505735397338867,62.42744827270508,56.66832733154297,1
17040.5,648.1736450195312,1.0448718070983887,39.7664794921875,86.91159057617188,124.0649642944336,43.14937210083008,69.01031494140625,41.38146209716797,1
55589.0,1717.5533447265625,1.8780487775802612,33.0800895690918,137.36021423339844,166.4306640625,33.183868408203125,38.87866973876953,59.72920608520508,1
20233.5,697.0609741210938,1.0722891092300415,38.026634216308594,95.4339370727539,125.96964263916016,42.925376892089844,72.2675552368164,44.59421157836914,1
7722.0,426.1076354980469,0.625,96.87617492675781,125.25996398925781,99.60127258300781,50.22109603881836,48.388607025146484,59.45766067504883,1
41616.0,816.0,1.0,59.47850036621094,65.9175033569336,111.0131607055664,59.038997650146484,59.29411697387695,101.02733612060547,1
26280.0,652.0,0.8121547102928162,55.554290771484375,229.63265991210938,183.28158569335938,32.9512825012207,35.13818359375,47.63138198852539,1
5334.5,754.1492919921875,0.7368420958518982,40.37343215942383,96.98287200927734,148.49571228027344,29.185787200927734,57.169795989990234,72.10045623779297,1
68547.5,1192.2669677734375,1.0866141319274902,33.062747955322266,200.40980529785156,182.6284942626953,17.69341468811035,57.81424331665039,68.51466369628906,1
11962.5,1196.222412109375,1.4892085790634155,30.812776565551758,181.71090698242188,180.15744018554688,26.712711334228516,41.72032928466797,49.396793365478516,1
634.0,105.31370544433594,0.9655172228813171,21.210590362548828,135.4581298828125,120.46797943115234,2.1521522998809814,36.187416076660156,43.51555633544922,1
1934.5,556.0071411132812,1.1343283653259277,28.96131134033203,199.7340850830078,178.55833435058594,6.153626441955566,36.812782287597656,56.433189392089844,1
5149.5,292.1492614746094,0.9780219793319702,36.38041687011719,112.95036315917969,112.59180450439453,44.536521911621094,65.46043395996094,79.2378921508789,1
194321.5,2577.938232421875,0.5625,25.347829818725586,82.07786560058594,102.75477600097656,10.468650817871094,48.046295166015625,49.39790725708008,1
7565.0,348.0,1.0465116500854492,59.23372268676758,123.90956115722656,70.08475494384766,49.09804916381836,93.91761779785156,74.5982437133789,1
4958.5,328.8355712890625,0.8999999761581421,31.459333419799805,81.01889038085938,148.85655212402344,41.63258361816406,59.62682342529297,78.97925567626953,1
794.0,153.39697265625,0.7906976938247681,66.97811126708984,108.73255920410156,103.72503662109375,44.86591339111328,69.09635162353516,52.59632110595703,1
1517.0,233.5979766845703,1.7317073345184326,31.816213607788086,178.05599975585938,150.4479522705078,48.05858612060547,35.23661804199219,60.6148681640625,1
23733.0,676.76953125,0.8855421543121338,40.424842834472656,167.71539306640625,139.79550170898438,15.878019332885742,62.3966178894043,72.16422271728516,1
5049.0,300.0,1.923076868057251,23.757692337036133,136.8082733154297,162.86788940429688,11.658247947692871,52.64316940307617,70.37673950195312,1
47532.5,2101.98681640625,1.0,19.00994873046875,87.84519958496094,109.79348754882812,21.307109832763672,59.8571891784668,41.95984649658203,1
2315.5,307.29644775390625,1.8596491813659668,18.56454849243164,141.09664916992188,108.58721923828125,8.734198570251465,68.28467559814453,52.20733642578125,1
3596.0,240.0,0.9365079402923584,27.093624114990234,184.49986267089844,158.45843505859375,13.340004920959473,33.85859298706055,65.78680419921875,1
183376.0,5474.54248046875,1.3333333730697632,22.723466873168945,65.61473846435547,116.40817260742188,12.615193367004395,35.462486267089844,52.87496566772461,1
66691.0,3056.75341796875,1.1492958068847656,45.94569778442383,166.7583465576172,167.87998962402344,51.614315032958984,42.43317413330078,72.03495788574219,1
4936.0,294.73504638671875,0.8659793734550476,35.15108108520508,89.96796417236328,130.7405548095703,41.7243537902832,58.71513748168945,77.54713439941406,1
25253.5,2182.070068359375,1.034482717514038,30.75667381286621,173.78616333007812,161.22613525390625,22.659832000732422,42.5510368347168,56.310096740722656,1
30643.0,713.4558715820312,1.3246753215789795,44.377037048339844,148.31063842773438,163.17825317382812,23.184202194213867,65.94810485839844,60.495643615722656,1
291.0,82.14213562011719,1.75,53.87053680419922,228.4419708251953,122.05357360839844,27.230436325073242,26.726144790649414,35.659183502197266,1
35985.0,938.2396850585938,0.7935222387313843,39.387176513671875,182.94375610351562,126.67613220214844,33.62514114379883,66.05855560302734,69.09325408935547,1
288.0,141.94113159179688,0.8214285969734192,82.05590057373047,101.65682983398438,187.20652770996094,78.91407775878906,53.50287628173828,32.7547721862793,1
12328.0,452.0,0.6888889074325562,33.85655212402344,111.52281951904297,57.4826774597168,42.208988189697266,105.72974395751953,73.78340148925781,1
199.0,136.28427124023438,0.939393937587738,12.208210945129395,165.0391082763672,238.60508728027344,1.8750433921813965,18.506305694580078,16.404897689819336,1
1480.5,158.81118774414062,1.04347825050354,23.96059799194336,110.18296813964844,127.99773406982422,25.308473587036133,57.72969436645508,51.484962463378906,1
7774.0,437.96551513671875,1.3043478727340698,42.73505401611328,193.13333129882812,144.26113891601562,25.46662712097168,47.62012481689453,45.195526123046875,1
3118.5,223.41421508789062,1.0,37.3010139465332,186.26962280273438,140.35919189453125,7.111338138580322,42.54539489746094,52.8621711730957,1
188068.5,5091.72509765625,1.3333333730697632,50.01667404174805,155.15220642089844,148.79209899902344,33.69260025024414,62.11079025268555,45.81338882446289,1
1052006.5,3955.22998046875,1.0102739334106445,47.78826904296875,112.71580505371094,133.1669921875,46.42295455932617,63.634986877441406,47.254276275634766,1
1119.0,223.2548370361328,1.1363636255264282,17.204999923706055,171.43637084960938,149.25955200195312,19.64600944519043,46.68269729614258,66.19058227539062,1
29821.0,2756.836669921875,1.09375,38.55450439453125,159.3830108642578,166.18167114257812,37.64564514160156,46.023685455322266,61.73078155517578,1
9645.5,534.492431640625,1.0,19.199087142944336,174.45396423339844,163.87255859375,25.504453659057617,52.05458450317383,61.330596923828125,1
17049.0,546.62744140625,1.188524603843689,51.52153778076172,232.2910614013672,184.2716827392578,42.581478118896484,39.03996276855469,70.43413543701172,1
203.0,125.79898834228516,3.8333332538604736,28.101449966430664,123.27173614501953,188.3677520751953,25.326501846313477,59.04194641113281,60.70859146118164,1
154.5,75.0710678100586,4.857142925262451,94.02520751953125,201.6260528564453,109.98739624023438,0.89313143491745,36.69919204711914,50.55145263671875,1
2817.5,423.2964782714844,0.807692289352417,58.22385025024414,102.68233489990234,148.860595703125,47.24259567260742,58.48949432373047,57.331817626953125,1
4814.0,282.0,0.7023809552192688,38.830711364746094,166.6378173828125,140.01251220703125,7.817105293273926,41.353660583496094,40.9992790222168,1
16665.0,1070.1807861328125,1.203703761100769,18.23956871032715,162.23548889160156,177.1619110107422,14.723535537719727,95.00836181640625,41.4250373840332,1
31491.0,2718.49365234375,0.779411792755127,35.68559265136719,130.52459716796875,139.58670043945312,23.139606475830078,44.29562759399414,47.85346221923828,1
1308.5,293.6396179199219,0.7962962985038757,61.42205047607422,122.19595336914062,174.20370483398438,74.48613739013672,57.8148078918457,40.83739471435547,1
28459.5,678.384765625,1.2418301105499268,19.822601318359375,165.81314086914062,176.3100128173828,4.842962741851807,59.500885009765625,32.12018585205078,1
1561.0,155.39697265625,1.0,26.892250061035156,109.17013549804688,128.92721557617188,27.313913345336914,59.683074951171875,52.725833892822266,1
1407.5,161.49746704101562,0.7254902124404907,44.15739440917969,138.9554901123047,90.50768280029297,36.51340103149414,68.33477020263672,45.31056213378906,1
652.5,151.15432739257812,0.8444444537162781,52.3824577331543,159.75146484375,148.32455444335938,34.23549270629883,47.04412078857422,61.99639129638672,1
3292.5,228.24264526367188,1.1272727251052856,29.621994018554688,181.06246948242188,132.4686279296875,37.00949478149414,50.047611236572266,59.46513748168945,1
1518.0,229.7401123046875,0.7833333611488342,64.99397277832031,82.764892578125,145.2088623046875,52.490474700927734,63.134239196777344,64.85441589355469,1
39880.5,825.5563354492188,1.0303030014038086,38.230045318603516,158.16839599609375,146.64772033691406,24.393205642700195,55.54116439819336,80.01194763183594,1
1449.0,164.08326721191406,0.6851851940155029,49.064064025878906,123.76826477050781,93.0790786743164,38.27080535888672,66.48417663574219,50.56452941894531,1
3350.0,324.5096740722656,0.6477272510528564,49.29286193847656,112.88078308105469,125.66188049316406,44.64756774902344,59.32548522949219,61.60238265991211,1
15795.5,1342.707763671875,0.9944751262664795,36.287200927734375,145.12765502929688,160.47802734375,14.044740676879883,51.187835693359375,44.98668670654297,1
2754.0,210.0,0.9454545378684998,25.0206298828125,162.4073486328125,174.03915405273438,14.287896156311035,30.4595947265625,64.55681610107422,1
1672651.5,6903.091796875,0.927951991558075,48.120487213134766,113.96920013427734,153.52066040039062,43.774803161621094,59.447357177734375,36.35657501220703,1
7990616.5,27575.93359375,1.5549556016921997,15.843467712402344,104.38577270507812,141.3602294921875,2.9887702465057373,62.72962188720703,32.582984924316406,1
5234.5,288.2426452636719,1.0704225301742554,51.35137176513672,101.0457763671875,138.82505798339844,44.60371780395508,59.98243713378906,66.31375885009766,1
860883.5,8336.6884765625,1.191409945487976,50.30241394042969,137.82054138183594,127.40074920654297,45.555362701416016,80.40028381347656,49.61891174316406,1
978.0,255.39697265625,0.7962962985038757,43.856590270996094,147.04693603515625,133.3208465576172,53.21086120605469,52.984527587890625,52.345706939697266,1
15303.0,513.5391235351562,1.3157894611358643,30.08538055419922,89.25812530517578,125.67596435546875,29.311904907226562,68.46146392822266,45.617530822753906,1
26565.0,652.0,1.0246913433074951,25.511825561523438,105.58887481689453,140.4435577392578,26.866395950317383,87.247802734375,65.95061492919922,1
31803.5,1038.1492919921875,1.2021857500076294,47.37936019897461,160.83494567871094,175.5925750732422,12.812844276428223,42.92374038696289,40.208824157714844,1
15011.0,670.4163208007812,0.9363057613372803,42.17154312133789,102.71939849853516,120.80891418457031,45.7977294921875,76.78694915771484,44.35719680786133,1
2159.0,414.1665344238281,1.1692308187484741,46.46335983276367,107.60627746582031,136.1068878173828,42.72848129272461,58.70650100708008,67.7968978881836,1
327.0,94.14213562011719,0.529411792755127,24.44281005859375,197.92320251464844,133.50326538085938,19.389076232910156,52.23271942138672,69.79513549804688,1
6880.5,317.3797302246094,0.8500000238418579,133.70458984375,151.89352416992188,85.96317291259766,60.63521957397461,89.22681427001953,81.85468292236328,1
36011.0,977.2102661132812,1.384615421295166,25.162158966064453,194.47364807128906,144.1950225830078,18.806896209716797,65.73473358154297,64.99274444580078,1
204701.5,4033.804443359375,1.3822894096374512,54.26962661743164,190.29458618164062,155.4994354248047,34.29119873046875,52.33222961425781,49.2841911315918,1
5263.5,294.6690368652344,0.800000011920929,52.25190353393555,154.7718048095703,173.11141967773438,33.9528923034668,51.98324203491211,57.163177490234375,1
990.5,182.52691650390625,0.4677419364452362,28.64460563659668,206.72024536132812,98.42046356201172,13.911564826965332,40.82183074951172,45.63045120239258,1
120280.0,1396.0,1.250803828239441,28.22415542602539,101.1721420288086,108.38265228271484,24.991289138793945,66.07737731933594,70.9216537475586,1
16396.5,882.1736450195312,1.2469135522842407,45.05540466308594,212.91107177734375,166.88912963867188,42.05929183959961,45.64867401123047,75.54373931884766,1
322.0,150.97056579589844,2.0,16.207839965820312,181.1708526611328,218.750732421875,2.4953503608703613,18.868305206298828,32.987884521484375,1
919198.5,4017.095458984375,0.5625,18.447708129882812,79.9610595703125,122.18424224853516,6.2549943923950195,27.659963607788086,44.53144836425781,1
1300102.0,4503.72216796875,0.9451540112495422,47.21974182128906,104.82025146484375,132.07742309570312,47.30233383178711,57.3134765625,44.360416412353516,1
1207488.0,4233.47265625,1.0081698894500732,43.87269592285156,124.6743392944336,108.66008758544922,43.667518615722656,65.32414245605469,40.5457878112793,1
2886.0,221.2548370361328,0.9824561476707458,21.842105865478516,160.5914764404297,165.02255249023438,13.296225547790527,50.466251373291016,68.08251190185547,1
1244.0,151.2548370361328,0.7083333134651184,44.24509811401367,135.95343017578125,91.5361557006836,35.212745666503906,67.26119995117188,48.1332893371582,1
301235.0,2250.225341796875,1.3333333730697632,52.59494400024414,214.45277404785156,171.22862243652344,32.009403228759766,39.929927825927734,54.21009826660156,1
270.0,102.97056579589844,1.1363636255264282,39.258182525634766,102.19818115234375,143.30726623535156,41.562904357910156,66.68502807617188,64.93357849121094,1
215.0,122.28427124023438,0.7096773982048035,27.72287368774414,179.48533630371094,175.9296112060547,4.270306587219238,39.71205520629883,38.17229461669922,1
50657.0,1072.4508056640625,1.2067511081695557,19.772918701171875,113.9381103515625,148.58364868164062,23.640541076660156,71.88640594482422,52.63833999633789,1
4814.0,282.0,1.4237288236618042,38.784908294677734,162.9015350341797,140.27178955078125,7.714575290679932,34.65768814086914,36.1675910949707,1
25315.0,1410.4305419921875,1.4569892883300781,34.465538024902344,151.3199005126953,136.31857299804688,38.08815002441406,39.44867706298828,57.924076080322266,1
6225.5,522.0660400390625,1.7999999523162842,53.576416015625,189.68661499023438,156.63900756835938,33.94160842895508,52.299190521240234,49.76014709472656,1
4031.5,277.3553466796875,0.45098039507865906,39.986785888671875,109.76065826416016,119.19224548339844,40.356998443603516,65.03993225097656,60.5653076171875,1
2277.5,265.4974670410156,2.0,50.742061614990234,199.04762268066406,147.45266723632812,33.63459777832031,43.45452117919922,49.865386962890625,1
1786780.5,7280.81201171875,0.8659793734550476,55.39595031738281,100.97583770751953,124.79873657226562,48.598594665527344,67.34728240966797,52.67145538330078,1
92485.0,1253.5980224609375,0.9125000238418579,48.133113861083984,132.91026306152344,157.51133728027344,36.83968734741211,59.86690902709961,74.55770111083984,1
15217.0,566.7350463867188,0.9520547986030579,71.96308898925781,115.40568542480469,122.36158752441406,55.43497085571289,43.559627532958984,60.43927764892578,1
2335.0,243.05381774902344,1.4897959232330322,46.04920196533203,121.0229263305664,120.49454498291016,37.54397201538086,63.60627365112305,59.072242736816406,1
80656.0,1947.734130859375,1.1593406200408936,35.480770111083984,208.8472442626953,154.24977111816406,28.807857513427734,42.45034408569336,45.57069396972656,1
1245.5,151.8406219482422,1.4117647409439087,44.49632263183594,134.7181396484375,91.23284149169922,35.96711730957031,69.08692932128906,47.763084411621094,1
2543.5,239.21319580078125,2.60606050491333,36.52607345581055,72.68111419677734,168.43516540527344,44.62229537963867,50.7064208984375,53.68023681640625,1
3136.0,224.0,1.0,37.29978561401367,184.0775604248047,141.16497802734375,6.982456207275391,37.765628814697266,49.7227897644043,1
12295.0,720.1564331054688,0.8489583134651184,37.37880325317383,127.0155258178711,152.5316925048828,20.919288635253906,58.78395462036133,73.02815246582031,1
293.0,70.97056579589844,0.739130437374115,42.16368103027344,130.09974670410156,87.72122955322266,33.836734771728516,74.2738265991211,44.21531295776367,1
1560.0,158.0,1.024999976158142,25.544511795043945,144.14756774902344,179.59817504882812,17.251312255859375,38.9793586730957,64.58023071289062,1
15053.5,1373.913818359375,1.077419400215149,34.34201431274414,162.90890502929688,164.49375915527344,18.708791732788086,66.81190490722656,57.88058090209961,1
18563.5,612.9188232421875,0.871345043182373,37.1336784362793,91.29232025146484,119.18206787109375,39.694950103759766,60.479278564453125,43.56765365600586,1
9764.5,594.8599243164062,1.0362318754196167,26.389631271362305,156.81651306152344,130.06735229492188,28.999422073364258,57.14046859741211,60.8802604675293,1
14165.5,548.1248779296875,1.558823585510254,39.80293655395508,138.92459106445312,159.4271240234375,49.889892578125,36.321311950683594,49.96213150024414,1
30966.5,1982.0457763671875,1.147679328918457,45.96767044067383,165.85572814941406,168.32275390625,51.626708984375,41.703590393066406,71.88639068603516,1
2115.0,184.0,0.9583333134651184,36.64990997314453,181.29483032226562,156.50770568847656,13.818544387817383,46.09957504272461,59.836944580078125,1
2832.5,548.6345825195312,1.8524590730667114,69.97809600830078,169.9225311279297,150.76177978515625,38.502017974853516,67.82111358642578,54.939720153808594,1
532.5,138.0416259765625,1.2799999713897705,12.6587495803833,202.94874572753906,149.47999572753906,5.729511260986328,29.57073974609375,30.382061004638672,1
650.5,151.15432739257812,1.1842105388641357,52.80467987060547,159.201171875,147.91812133789062,34.13134765625,48.06829071044922,62.463932037353516,1
722.0,118.97056579589844,1.384615421295166,51.73183822631836,125.74893188476562,81.66559600830078,38.7531852722168,70.1776123046875,45.6757926940918,1
9935.0,409.6568603515625,0.9056603908538818,46.54785919189453,161.86428833007812,156.70941162109375,21.830177307128906,47.1879768371582,51.44203186035156,1
25255.0,648.357421875,1.2209302186965942,43.53599166870117,90.49928283691406,124.4250259399414,46.91478729248047,70.66706848144531,44.15420150756836,1
653.5,149.15432739257812,0.8636363744735718,51.67224884033203,157.9676971435547,147.69737243652344,33.950767517089844,44.68550491333008,60.70155334472656,1
669.5,177.698486328125,0.9210526347160339,18.369924545288086,183.9827117919922,146.36465454101562,16.0776309967041,53.746639251708984,70.38650512695312,1
11026.0,818.4751586914062,1.0610686540603638,20.715471267700195,171.06298828125,103.71931457519531,6.276015758514404,72.21017456054688,48.07479476928711,1
432975.5,7089.77392578125,1.0084336996078491,24.89591407775879,57.69426345825195,144.99354553222656,12.617156028747559,64.80528259277344,40.00154495239258,1
13200.5,1357.286376953125,1.1336634159088135,36.2558708190918,175.4199981689453,172.71961975097656,24.426477432250977,82.06607818603516,66.25055694580078,1
1464.0,266.91168212890625,0.8793103694915771,63.45977020263672,138.1896514892578,150.96517944335938,68.9594955444336,59.78122329711914,54.56511688232422,1
8091.0,360.0,0.936170220375061,27.211435317993164,183.7334442138672,158.7298126220703,13.44293212890625,31.247512817382812,65.47651672363281,1
336573.0,4724.5810546875,0.7016393542289734,30.166215896606445,55.584083557128906,147.95709228515625,19.31013298034668,76.10517120361328,37.82822799682617,1
7479.5,334.492431640625,1.0,126.35710144042969,92.20809936523438,117.08519744873047,68.19336700439453,68.55111694335938,85.17979431152344,1
2831.0,221.94113159179688,1.0,22.240554809570312,218.5661163330078,166.3138885498047,2.571622848510742,16.525285720825195,33.415771484375,1
72655.5,1799.515869140625,1.2842105627059937,36.91348648071289,128.01907348632812,152.4790802001953,20.709680557250977,58.4517707824707,72.7947006225586,1
6909.0,503.1370849609375,1.1525423526763916,42.23130798339844,174.7530517578125,159.72264099121094,58.43553924560547,44.20683670043945,92.01392364501953,1
729.0,108.0,1.0,36.980865478515625,184.551025390625,139.45790100097656,6.114835739135742,38.67281723022461,49.6822624206543,1
47952.0,876.0,0.9730941653251648,19.088218688964844,134.60174560546875,175.88502502441406,26.557300567626953,109.0547103881836,48.575069427490234,1
162263.5,3746.628662109375,1.7777777910232544,21.03236198425293,74.120849609375,117.97673034667969,10.660284042358398,38.365657806396484,48.41189956665039,1
8248.5,403.66400146484375,0.9482758641242981,23.02327537536621,187.17005920410156,141.21896362304688,21.042150497436523,54.87179183959961,67.67897033691406,1
223802.0,3458.243896484375,1.2895833253860474,25.514474868774414,141.6637725830078,93.7102279663086,36.22014617919922,75.13894653320312,38.54399871826172,1
10146.0,674.7939453125,0.6277372241020203,34.358428955078125,106.11288452148438,132.6632080078125,17.21830940246582,63.94047164916992,65.42506408691406,1
144578.0,1542.0,1.3931888341903687,26.816022872924805,102.18577575683594,124.32440185546875,26.343828201293945,62.360565185546875,80.64225006103516,1
2656.5,572.4335327148438,1.8524590730667114,70.11808776855469,168.62164306640625,151.70840454101562,38.45143508911133,67.49519348144531,54.174285888671875,1
1995525.0,5684.0,0.8045685291290283,12.626110076904297,33.067161560058594,60.2935791015625,23.510765075683594,44.06022644042969,77.67131805419922,1
29399.5,784.4091796875,1.1963189840316772,18.127670288085938,161.24017333984375,177.6394500732422,14.747237205505371,95.55990600585938,41.742645263671875,1
8446.0,478.4508056640625,1.60869562625885,66.92648315429688,160.8509063720703,120.19924926757812,41.402587890625,58.204673767089844,62.66230392456055,1
903121.0,4156.0,2.3548386096954346,26.371522903442383,67.3023910522461,133.02841186523438,26.470365524291992,27.335376739501953,60.45219802856445,1
36186.0,905.9310302734375,1.2102564573287964,30.787092208862305,176.5872039794922,166.28759765625,39.92567443847656,88.70194244384766,62.87094497680664,1
78638.0,1122.0,0.9548611044883728,27.928560256958008,82.16435241699219,103.93098449707031,25.129039764404297,71.5188217163086,89.41815948486328,1
1650244.0,19975.234375,1.1355068683624268,21.38878631591797,95.05020141601562,148.7417755126953,8.618135452270508,63.52565383911133,53.87820816040039,1
96876.0,1296.0,1.7659574747085571,26.77104377746582,111.1628189086914,159.1011505126953,32.55846405029297,64.30740356445312,55.81330108642578,1
609.5,118.52690887451172,0.6666666865348816,49.99309539794922,128.28106689453125,88.60157775878906,41.15335464477539,74.97418975830078,52.61387634277344,1
36893.5,1245.6883544921875,1.0,32.05156326293945,182.7445831298828,151.58827209472656,22.358043670654297,45.433349609375,51.09048843383789,1
12044.5,1208.5655517578125,1.4892085790634155,30.78365135192871,181.0200958251953,180.61012268066406,26.63893699645996,41.30772018432617,49.19002151489258,1
137586.0,4951.0908203125,0.5230769515037537,23.410526275634766,28.671871185302734,97.84297943115234,29.217304229736328,23.778385162353516,46.2144660949707,1
5248.0,522.19091796875,1.3647059202194214,27.758621215820312,163.0941162109375,131.8163299560547,33.7783088684082,41.28688049316406,61.587791442871094,1
15829.0,1535.5777587890625,1.1299434900283813,39.600677490234375,158.0143280029297,167.18283081054688,16.10083770751953,50.29772186279297,58.13190460205078,1
15217.0,566.7350463867188,1.0503597259521484,71.96308898925781,115.4056396484375,122.36158752441406,55.43497085571289,43.559669494628906,60.43927764892578,1
120083.0,3593.385009765625,1.1520832777023315,24.020444869995117,191.4759979248047,182.11837768554688,25.335920333862305,79.37858581542969,54.2244873046875,1
42308.5,1447.0509033203125,1.3387755155563354,56.042137145996094,125.9010238647461,172.72494506835938,40.82414245605469,80.62153625488281,68.45303344726562,1
605.0,157.11270141601562,1.7142857313156128,17.676340103149414,131.18600463867188,145.23660278320312,19.91556167602539,39.607688903808594,39.73570251464844,1
20625.0,971.504638671875,1.0,91.81208801269531,101.75140380859375,171.36190795898438,49.110347747802734,42.200538635253906,73.57645416259766,1
24114.5,634.2426147460938,0.9685534834861755,35.82937240600586,163.63766479492188,168.13861083984375,16.8575439453125,37.79512405395508,52.17445373535156,1
11026.0,818.4751586914062,1.0610686540603638,20.715471267700195,171.06298828125,103.71931457519531,6.276015758514404,72.21017456054688,48.07479476928711,1
7069.5,417.1787109375,0.6129032373428345,99.52005767822266,124.83191680908203,92.67327880859375,49.56194305419922,51.381744384765625,56.449981689453125,1
30593.0,2066.2294921875,1.147679328918457,45.947242736816406,166.76956176757812,167.87612915039062,51.61601638793945,42.42765426635742,72.02910614013672,1
938.5,304.26702880859375,0.9736841917037964,20.399892807006836,182.87588500976562,174.8650360107422,3.779474973678589,49.801231384277344,34.28411102294922,1
1674.5,255.49746704101562,1.163636326789856,48.56505584716797,105.45142364501953,138.9647674560547,40.999305725097656,59.835018157958984,68.73163604736328,1
565400.5,11827.9677734375,1.7777777910232544,23.007991790771484,79.47183990478516,123.21168518066406,9.400418281555176,42.73280334472656,49.04338455200195,1
14915.5,674.2913818359375,1.417391300201416,61.88818359375,160.16905212402344,185.30995178222656,36.579803466796875,66.3392105102539,52.3075065612793,1
123.0,73.79898834228516,1.3571428060531616,43.1127815246582,144.90225219726562,130.21804809570312,24.616350173950195,72.59329986572266,62.454776763916016,1
2597.0,515.8233642578125,1.1176470518112183,26.4967098236084,190.68112182617188,154.75889587402344,14.30749225616455,52.74421691894531,68.12167358398438,1
2755.0,314.22540283203125,1.7872340679168701,53.78926086425781,186.17071533203125,156.82118225097656,33.69181442260742,52.3789176940918,48.42916488647461,1
1457.0,151.05381774902344,0.97826087474823,26.201932907104492,111.78937530517578,126.62125396728516,24.098365783691406,57.97083282470703,51.957855224609375,1
671.0,177.11270141601562,0.9210526347160339,17.47744369506836,182.48345947265625,146.2375946044922,12.555436134338379,55.03692626953125,69.22351837158203,1
1487.0,158.22540283203125,1.04347825050354,24.945199966430664,110.95335388183594,128.11911010742188,26.960538864135742,58.6977653503418,51.33796691894531,1
19932.0,566.0,1.1428571939468384,35.224674224853516,127.51167297363281,69.469482421875,47.2401123046875,102.19743347167969,77.989990234375,1
30643.0,713.4558715820312,1.3246753215789795,44.377037048339844,148.31072998046875,163.17825317382812,23.184202194213867,65.94818115234375,60.495643615722656,1
1280.0,169.05381774902344,0.8510638475418091,25.805850982666016,123.830322265625,119.3053207397461,18.8447208404541,62.16961669921875,55.657073974609375,1
3431.0,245.5979766845703,1.7872340679168701,48.24924087524414,112.73936462402344,112.16033172607422,46.64202880859375,65.156005859375,58.08326721191406,1
41400.0,814.0,1.0348259210586548,21.393369674682617,133.06752014160156,161.62399291992188,16.46554183959961,91.71998596191406,50.47841262817383,1
201338.5,4416.00537109375,1.3333333730697632,40.73037338256836,171.10411071777344,124.68968200683594,52.572425842285156,65.33294677734375,58.56258773803711,1
25695.5,950.3746948242188,0.5708661675453186,32.82199478149414,221.4779052734375,145.93722534179688,23.713119506835938,36.58985900878906,52.51190185546875,1
1140.5,175.49746704101562,1.040816307067871,25.557422637939453,127.29852294921875,180.52781677246094,29.513193130493164,59.80686950683594,66.7508773803711,1
357293.5,13819.6279296875,0.8897126913070679,94.37903594970703,139.73033142089844,159.35287475585938,36.030540466308594,47.88625717163086,55.64427947998047,1
3687078.0,15775.765625,0.9695878624916077,15.852900505065918,105.81365203857422,127.80725860595703,8.282729148864746,72.32902526855469,58.79102325439453,1
113134.5,2280.85986328125,5.853658676147461,101.82256317138672,165.94485473632812,75.5320053100586,7.437570095062256,48.12529754638672,63.633548736572266,1
1806.0,205.94113159179688,0.640625,25.305641174316406,112.32965087890625,157.61851501464844,4.3879547119140625,45.98395919799805,50.17827606201172,1
7056.0,725.7888793945312,2.026315689086914,50.396018981933594,154.2165985107422,148.5206756591797,33.6356086730957,61.794254302978516,45.93385314941406,1
1231117.5,5829.400390625,1.1045490503311157,59.56059265136719,109.9908447265625,115.00841522216797,50.495574951171875,74.8514404296875,50.02592086791992,1
192.0,83.31370544433594,0.2647058963775635,47.80718994140625,79.28758239746094,175.30718994140625,33.113868713378906,41.168819427490234,46.58884048461914,1
30033.0,2044.607177734375,1.132013201713562,36.242523193359375,175.40969848632812,172.7322998046875,24.39252281188965,82.04922485351562,66.25971221923828,1
2115.0,184.0,1.04347825050354,36.83061599731445,181.36050415039062,156.59963989257812,13.750636100769043,45.26313400268555,59.53771209716797,1
2159.0,414.1665344238281,0.8552631735801697,46.10081100463867,108.54595184326172,136.0477752685547,42.385459899902344,59.10934066772461,67.92858123779297,1
33083.5,1430.0701904296875,1.220657229423523,28.51374053955078,160.56228637695312,106.33235931396484,25.4150447845459,55.09981918334961,50.8842658996582,1
46469.5,2994.795166015625,1.098245620727539,39.1378173828125,178.60092163085938,149.6420440673828,26.343414306640625,44.275272369384766,54.22210693359375,1
62230.0,998.0,0.9647058844566345,14.742133140563965,88.58562469482422,85.88689422607422,19.845338821411133,90.07093811035156,94.67906188964844,1
3928.0,518.0487670898438,0.8839285969734192,37.01677322387695,136.97520446777344,146.32504272460938,17.899181365966797,49.993778228759766,61.66284942626953,1
7669.0,367.2203369140625,0.9142857193946838,20.561904907226562,132.36219787597656,98.85059356689453,9.47314167022705,56.413475036621094,37.26484298706055,1
9506.0,390.0,0.9898989796638489,63.62440872192383,93.9874267578125,95.00711059570312,52.81082534790039,94.30184936523438,99.36234283447266,1
34097.5,2103.903564453125,1.0775861740112305,35.63203430175781,163.2149200439453,164.52964782714844,20.357698440551758,66.12448120117188,57.84014892578125,1
899.0,148.62741088867188,0.7674418687820435,33.8978157043457,117.1832275390625,125.1050033569336,15.940343856811523,52.55010986328125,59.540924072265625,1
291765.0,3216.680419921875,1.3333333730697632,24.274065017700195,130.53839111328125,164.19151306152344,21.037851333618164,48.04653549194336,53.13553237915039,1
5278.0,770.7350463867188,1.3571428060531616,41.04051971435547,101.40152740478516,147.95196533203125,29.96563148498535,62.452396392822266,75.07378387451172,1
15799.0,669.3868408203125,1.0833333730697632,40.20785903930664,118.15361785888672,124.3358383178711,43.55925369262695,88.12458038330078,45.167564392089844,1
1246.5,154.72792053222656,0.5384615659713745,25.089284896850586,169.8592071533203,95.91551971435547,22.519655227661133,34.416507720947266,44.302799224853516,1
1165.5,172.87005615234375,1.5625,9.501874923706055,195.14688110351562,137.9425048828125,5.015725135803223,31.571531295776367,59.65190124511719,1
12259.5,802.8010864257812,1.6470588445663452,48.999656677246094,180.05728149414062,144.7214813232422,64.4258804321289,44.13410186767578,65.47752380371094,1
8680.0,388.0,0.5680000185966492,23.920225143432617,93.40078735351562,38.182987213134766,37.67221450805664,104.84201049804688,67.04884338378906,1
99936.0,1270.0,1.204152226448059,28.93074607849121,105.76825714111328,112.828857421875,24.893169403076172,70.5972900390625,76.95530700683594,1
276.5,95.55635070800781,0.2926829159259796,21.03455352783203,107.02032470703125,100.92479705810547,15.392455101013184,74.216552734375,83.6280746459961,1
15778.0,1296.465087890625,2.026315689086914,50.16564178466797,154.99066162109375,148.63450622558594,33.66621398925781,61.79795837402344,45.81929016113281,1
2081.0,357.6812438964844,1.0,56.691123962402344,99.06722259521484,145.08189392089844,47.32547378540039,60.338356018066406,57.85282516479492,1
9944.0,402.0,1.280898928642273,47.51133346557617,84.76532745361328,134.5478057861328,38.83713150024414,82.83566284179688,29.091306686401367,1
57040.0,956.0,0.9277108311653137,29.33416748046875,115.2459716796875,113.47099304199219,28.044082641601562,97.5990219116211,95.65748596191406,1
2201.5,266.18377685546875,0.3764705955982208,35.819854736328125,78.1301498413086,165.01397705078125,43.64179611206055,49.753700256347656,52.02777099609375,1
623.5,115.698486328125,1.600000023841858,20.14900016784668,163.35400390625,102.73100280761719,9.795448303222656,70.26175689697266,50.96022415161133,1
237614.0,1950.0,1.0269709825515747,18.73044204711914,75.09851837158203,66.78104400634766,26.236997604370117,79.75853729248047,72.89231872558594,1
49127.5,2089.761474609375,1.0,14.6556396484375,108.17494201660156,120.16444396972656,21.433677673339844,55.77806091308594,44.72151565551758,1
30593.0,2066.2294921875,1.147679328918457,45.947242736816406,166.76956176757812,167.87612915039062,51.61601638793945,42.42765426635742,72.02910614013672,1
71466.0,1070.0,0.931654691696167,30.721881866455078,90.36593627929688,114.32322692871094,24.677465438842773,69.87564849853516,87.21913146972656,1
1077.0,168.42640686035156,1.1904761791229248,28.177143096923828,193.0123748779297,193.7242889404297,5.318525791168213,29.132339477539062,46.8047981262207,1
7183.0,321.9066467285156,0.9399999976158142,127.84883117675781,98.83914947509766,111.36383056640625,67.20268249511719,69.77703857421875,83.98013305664062,1
3898.0,247.6568603515625,1.0819672346115112,30.413312911987305,154.39891052246094,141.01092529296875,18.60418701171875,51.06549072265625,50.7877311706543,1
17356.0,699.7888793945312,0.6387434601783752,95.51695251464844,125.33293151855469,100.52450561523438,50.8320198059082,48.20936584472656,59.45965576171875,1
63815.0,1185.2203369140625,0.9702602028846741,41.308292388916016,137.18264770507812,167.0554962158203,21.65382194519043,57.221065521240234,62.70721435546875,1
2423.0,323.39697265625,1.9791666269302368,26.61271858215332,131.03135681152344,177.94056701660156,9.398045539855957,49.97773361206055,68.85091400146484,1
28520.0,678.0,0.8432432413101196,32.49608612060547,105.01701354980469,98.45935821533203,35.80533218383789,96.79679870605469,90.46052551269531,1
16193.5,1161.0509033203125,0.8808290362358093,24.379335403442383,193.80551147460938,188.56640625,25.582914352416992,77.58879852294922,46.54985046386719,1
41777.0,840.2254028320312,1.0048543214797974,32.51186752319336,178.14085388183594,183.36489868164062,23.679542541503906,40.55863952636719,47.45048141479492,1
31803.5,1038.1492919921875,1.2021857500076294,47.37936019897461,160.83494567871094,175.5925750732422,12.812844276428223,42.92374038696289,40.208824157714844,1
2914.5,275.1543273925781,0.8787878751754761,49.468650817871094,83.44827270507812,134.1967010498047,28.25221061706543,54.130470275878906,60.08045196533203,1
6241.0,316.0,1.0,16.26546859741211,74.6937484741211,39.091251373291016,34.68377685546875,102.47876739501953,73.08585357666016,1
36893.5,1245.6883544921875,1.0,32.05156326293945,182.7445831298828,151.58827209472656,22.358043670654297,45.433326721191406,51.09048843383789,1
4921442.5,27926.177734375,1.8032200336456299,20.916215896606445,71.19892120361328,142.3885040283203,9.556099891662598,63.71787643432617,42.69675064086914,1
2306.5,307.2964782714844,1.8596491813659668,19.331016540527344,142.31198120117188,108.22691345214844,13.65267562866211,69.67658996582031,52.70183181762695,1
1973.5,195.35533142089844,0.4861111044883728,48.05516052246094,131.90554809570312,180.98928833007812,33.4071044921875,57.41612243652344,46.226112365722656,1
6476.0,361.313720703125,0.704081654548645,49.9510498046875,123.5208511352539,71.6181640625,50.48435974121094,93.2447738647461,71.1566162109375,1
20928.0,604.4163208007812,1.071005940437317,45.3922004699707,82.89967346191406,127.03373718261719,44.4896125793457,63.24735641479492,45.22012710571289,1
48399.0,880.0,0.9909909963607788,22.236282348632812,66.34465789794922,75.12626647949219,32.43457794189453,72.51812744140625,86.4410629272461,1
1046.0,228.71067810058594,1.191489338874817,25.4832820892334,173.67971801757812,160.24392700195312,39.52920913696289,59.16496276855469,64.38688659667969,1
405751.5,6452.5537109375,1.4986110925674438,22.10274314880371,63.400264739990234,121.07147216796875,16.846166610717773,42.870052337646484,52.421661376953125,1
14480.5,770.6345825195312,3.1363637447357178,21.612730026245117,233.656494140625,206.03347778320312,2.1011099815368652,26.263629913330078,36.754486083984375,1
24159.5,1553.182861328125,1.0950226783752441,24.0108642578125,191.56028747558594,182.073486328125,25.309402465820312,79.32317352294922,54.23931884765625,1
8188.0,362.0,0.9677419066429138,63.47562789916992,35.63273620605469,159.2959442138672,56.36244583129883,45.09619140625,58.795047760009766,1
553415.5,9187.5283203125,1.7777777910232544,23.445755004882812,66.3000259399414,116.5258560180664,15.356521606445312,36.43852996826172,52.96099853515625,1
8930.0,378.0,1.0105262994766235,53.73585510253906,80.36283111572266,86.09901428222656,53.59683609008789,90.3069076538086,98.32181549072266,1
1640506.5,7093.17919921875,0.9685618877410889,51.927955627441406,89.29876708984375,90.17479705810547,43.49718475341797,48.32115936279297,54.803958892822266,1
3613.0,312.7106628417969,0.9230769276618958,16.34650993347168,223.24537658691406,174.63941955566406,2.571751356124878,30.208173751831055,30.538532257080078,1
6391.0,320.0,0.9285714030265808,20.41269874572754,39.264957427978516,132.64208984375,36.874725341796875,61.43245315551758,34.810821533203125,1
40596.0,806.0,1.024999976158142,39.63600158691406,62.30078125,101.68833923339844,53.882179260253906,74.62425231933594,108.76729583740234,1
369155.5,6391.33349609375,1.1972222328186035,23.99794578552246,72.00615692138672,115.93299865722656,14.126177787780762,47.89554977416992,53.86852264404297,1
1215.0,199.94113159179688,0.47826087474823,32.940711975097656,113.73912811279297,158.37857055664062,12.59683609008789,55.77162170410156,73.61176300048828,1
1001121.0,4156.0,0.5757575631141663,19.42901039123535,80.98213195800781,113.46012878417969,14.081860542297363,44.839073181152344,55.022666931152344,1
92485.0,1253.5980224609375,0.9125000238418579,48.133113861083984,132.9102325439453,157.51133728027344,36.83968734741211,59.86688995361328,74.55770111083984,1
22088.5,1164.8599853515625,0.5625,22.00618553161621,60.64567184448242,121.27330017089844,8.078728675842285,40.23046875,45.68141174316406,1
71144.5,2465.304931640625,1.3841270208358765,27.674726486206055,162.4877471923828,132.7484893798828,33.706626892089844,41.32624816894531,61.83384323120117,1
9476.0,390.0,1.1182795763015747,15.989557266235352,79.44427490234375,47.43227767944336,29.89314079284668,100.98873901367188,71.52455139160156,1
4347.0,264.0,1.09375,38.80982208251953,140.7154083251953,145.3759002685547,24.46164894104004,62.142555236816406,79.2463607788086,1
11662.5,1828.874267578125,1.288888931274414,36.104896545410156,129.4272918701172,138.63528442382812,22.692644119262695,43.95710754394531,47.34079360961914,1
21640.0,721.72998046875,1.1566264629364014,40.237606048583984,109.6688003540039,131.32455444335938,43.685604095458984,84.14452362060547,39.655128479003906,1
2767.5,322.8111877441406,1.7872340679168701,53.43693161010742,190.60992431640625,156.9034881591797,34.05118179321289,52.18325424194336,49.81317138671875,1
230683.5,2358.197998046875,1.3333333730697632,19.781156539916992,113.93841552734375,148.58338928222656,23.666061401367188,71.88363647460938,52.637882232666016,1
92295.0,1216.0,1.0748299360275269,24.948667526245117,151.2262725830078,137.8087921142578,20.944299697875977,99.79996490478516,98.58381652832031,1
14628.0,488.0,1.2990654706954956,58.4773063659668,94.56249237060547,161.14920043945312,47.8482780456543,88.06880950927734,47.07149124145508,1
2070601.0,5996.0,1.7777777910232544,19.091392517089844,90.4989013671875,108.04266357421875,11.845741271972656,29.811298370361328,61.68980026245117,1
406.5,169.01219177246094,1.6399999856948853,25.753170013427734,113.78633880615234,147.96682739257812,21.779573440551758,59.83758544921875,48.30044937133789,1
1433.5,224.32589721679688,1.0350877046585083,47.61611557006836,100.83943176269531,149.62057495117188,36.61957931518555,56.841331481933594,70.81975555419922,1
31296.0,710.0,1.176829218864441,60.15468215942383,233.60716247558594,190.36935424804688,38.495140075683594,37.90205383300781,69.7740249633789,1
3174.5,336.1248779296875,1.8867924213409424,54.058868408203125,161.42076110839844,153.64622497558594,34.4163932800293,66.60293579101562,52.625492095947266,1
6080.0,318.0,0.6770833134651184,55.8262825012207,35.614742279052734,144.75978088378906,52.96664810180664,51.03614044189453,43.85523986816406,1
1960017.0,7336.07373046875,0.9501519799232483,51.540409088134766,67.6786880493164,101.26689147949219,43.34727478027344,34.30635452270508,51.156822204589844,1
18055.0,553.7990112304688,1.1085271835327148,47.52724075317383,120.49520111083984,156.7139892578125,35.744224548339844,52.181976318359375,55.877506256103516,1
1452.5,224.32589721679688,0.9661017060279846,48.56764602661133,100.72821807861328,149.52304077148438,37.38481521606445,56.97932815551758,70.51228332519531,1
159.5,62.72792053222656,0.3333333432674408,27.80246925354004,137.0370330810547,96.10699462890625,35.324859619140625,79.47928619384766,60.67694854736328,1
8617.0,553.1370849609375,0.9851852059364319,32.57209777832031,133.9785614013672,154.18524169921875,40.00865936279297,76.94625854492188,48.43140411376953,1
1020.0,161.5979766845703,0.8409090638160706,66.51228332519531,108.865478515625,111.8267822265625,45.97688293457031,64.25972747802734,54.791378021240234,1
138130.0,2787.2548828125,0.09765625,5.896337509155273,5.039118766784668,26.623550415039062,16.10222053527832,28.855449676513672,69.38867950439453,1
1066.0,169.94113159179688,0.2916666567325592,61.886905670166016,161.59060668945312,125.74801635742188,32.45111846923828,55.084251403808594,32.144256591796875,1
9108.0,382.0,1.0752688646316528,63.009033203125,42.41462326049805,151.37612915039062,53.60118103027344,54.28716278076172,52.4056396484375,1
2126.5,362.26702880859375,0.9848484992980957,57.75361251831055,98.46549987792969,145.71841430664062,47.64196014404297,58.73200225830078,57.492916107177734,1
369325.5,6377.19140625,1.1972222328186035,24.426986694335938,72.15850830078125,115.98310089111328,15.940387725830078,48.10795974731445,53.93545150756836,1
4128728.5,34731.671875,0.7239205837249756,19.871395111083984,76.43988037109375,149.25796508789062,6.0180745124816895,44.9357795715332,45.222999572753906,1
28236.0,674.0,1.1592357158660889,30.582067489624023,124.69178009033203,99.55770874023438,35.624183654785156,110.0869140625,94.04095458984375,1
399618.0,7432.82470703125,1.4597222805023193,20.720415115356445,64.68816375732422,123.66531372070312,14.702229499816895,37.839935302734375,48.72418212890625,1
803.5,209.35533142089844,2.3214285373687744,19.952747344970703,156.88516235351562,139.46978759765625,7.072386264801025,51.21350860595703,49.87725067138672,1
229401.0,1996.0,1.7777777910232544,18.697994232177734,90.395751953125,107.98946380615234,10.552958488464355,29.29587745666504,61.616756439208984,1
141881.5,4614.31396484375,1.3333333730697632,45.937564849853516,166.76998901367188,167.87583923339844,51.606693267822266,42.43687057495117,72.02958679199219,1
8077.5,557.4873657226562,1.5714285373687744,42.49443054199219,168.8561553955078,153.61195373535156,60.9478645324707,51.14165496826172,64.2967529296875,1
1585.0,158.4852752685547,1.0750000476837158,25.938371658325195,133.13836669921875,181.89883422851562,16.617403030395508,45.66905212402344,65.93585968017578,1
3456.5,264.4680480957031,0.8974359035491943,19.7510986328125,203.18772888183594,116.28699493408203,2.459441900253296,47.312015533447266,50.76419448852539,1
249.0,72.14213562011719,0.6399999856948853,58.8650016784668,111.63999938964844,109.83999633789062,40.806640625,70.47319030761719,58.27773666381836,1
2244.5,215.2964630126953,1.125,60.371883392333984,165.67091369628906,130.14512634277344,51.34096908569336,71.51419830322266,66.04234313964844,1
840.0,116.0,0.9354838728904724,26.25139045715332,182.79087829589844,157.15016174316406,12.646347999572754,26.778553009033203,62.519466400146484,1
5352.5,652.0071411132812,1.0740740299224854,31.00973892211914,196.4936981201172,165.64024353027344,13.780993461608887,55.916683197021484,76.26136779785156,1
573138.0,11756.185546875,0.5625,23.010690689086914,79.78907012939453,122.79374694824219,9.597064971923828,42.84593963623047,49.178714752197266,1
188355.0,1736.0,0.9954128265380859,51.76831817626953,86.45003509521484,166.19581604003906,48.09105682373047,90.27340698242188,95.49686431884766,1
16392.5,550.5167846679688,1.09333336353302,44.35247802734375,82.9350814819336,126.96504211425781,45.523712158203125,67.91226959228516,41.861595153808594,1
1685.0,221.11270141601562,0.75,26.492963790893555,143.56185913085938,127.69815063476562,18.746583938598633,46.74759292602539,60.40852737426758,1
29815.0,959.1858520507812,1.0976743698120117,17.907312393188477,220.24822998046875,174.181884765625,16.40797233581543,48.19060516357422,37.45339584350586,1
77997.0,1310.6904296875,0.9721361994743347,45.31642150878906,132.77297973632812,94.29786682128906,36.23402404785156,67.80496978759766,49.795955657958984,1
31110.0,706.0,0.929347813129425,51.59397888183594,81.1908187866211,172.1732177734375,56.21211242675781,75.66009521484375,65.76483154296875,1
1308539.5,6868.32666015625,1.044819951057434,64.02244567871094,102.23374938964844,143.12855529785156,53.61579895019531,75.82551574707031,40.19736099243164,1
281656.5,5692.21240234375,0.75,16.825910568237305,25.004793167114258,137.50772094726562,16.93829345703125,20.720722198486328,79.3622055053711,1
9149.0,418.56854248046875,0.45394736528396606,39.58256912231445,111.98588562011719,118.40618133544922,39.720088958740234,66.2213363647461,61.21601867675781,1
40370.0,862.2842407226562,0.9061033129692078,46.528717041015625,161.864990234375,156.71142578125,21.79952621459961,47.19631576538086,51.406700134277344,1
1546242.0,6555.20654296875,1.0161516666412354,54.1306266784668,110.52225494384766,149.81292724609375,48.12479019165039,65.98538970947266,37.3410530090332,1
888.5,195.49746704101562,1.600000023841858,30.8010196685791,181.75816345214844,134.07142639160156,43.559226989746094,40.395023345947266,67.63628387451172,1
9996.0,676.96044921875,1.3416666984558105,28.599430084228516,164.23939514160156,161.20285034179688,58.70145034790039,39.066139221191406,58.254093170166016,1
1982.5,195.5563507080078,2.090909004211426,21.441808700561523,139.4589385986328,150.87132263183594,9.500930786132812,63.63996124267578,61.29490280151367,1
1001121.0,4156.0,1.736842155456543,22.472787857055664,79.79483795166016,112.84551239013672,14.302773475646973,53.13357162475586,57.75674057006836,1
1552.5,235.01219177246094,0.577464759349823,35.602542877197266,179.78529357910156,149.98248291015625,52.08799743652344,39.55044937133789,61.39617919921875,1
2412.5,203.5807342529297,0.9076923131942749,24.600521087646484,135.71864318847656,114.1574935913086,17.749597549438477,58.06851577758789,55.793212890625,1
5137.0,388.19091796875,0.97826087474823,51.766788482666016,119.38792419433594,123.91183471679688,63.617706298828125,70.20548248291016,74.35077667236328,1
7064.5,730.3746948242188,2.026315689086914,50.236671447753906,154.48495483398438,148.5350341796875,33.5731201171875,61.75586700439453,46.044044494628906,1
22189.5,985.0020751953125,0.9779735803604126,41.368873596191406,227.32492065429688,141.63815307617188,27.430936813354492,38.15049362182617,61.29277038574219,1
303452.5,2529.261962890625,1.3333333730697632,48.129520416259766,132.90550231933594,157.52037048339844,36.83399200439453,59.85660171508789,74.5655288696289,1
113271.0,2468.156494140625,0.1920955926179886,16.798633575439453,8.010040283203125,79.74600982666016,21.77977180480957,18.483182907104492,80.57720947265625,1
14725.5,1902.95751953125,1.4769231081008911,55.60548782348633,76.95897674560547,137.34478759765625,35.54163360595703,57.74779510498047,63.976890563964844,1
16684.0,538.0,1.7653061151504517,30.328712463378906,106.1151351928711,68.71239471435547,38.8864860534668,102.08003997802734,83.9786605834961,1
1369.0,210.08326721191406,0.6000000238418579,48.69444274902344,106.82221984863281,131.16806030273438,42.733055114746094,57.54027557373047,61.17353057861328,1
1310.5,204.1837615966797,1.5263158082962036,13.049455642700195,172.68875122070312,180.9187774658203,9.944620132446289,30.07329559326172,56.31021499633789,1
2744.5,279.2964782714844,1.865384578704834,16.54579734802246,195.016845703125,175.82156372070312,5.779698848724365,70.58950805664062,39.34313201904297,1
385.0,149.7989959716797,1.0606060028076172,31.80779266357422,171.9852752685547,151.72035217285156,44.200382232666016,34.99952697753906,55.611629486083984,1
348.5,85.89949798583984,0.6666666865348816,27.043209075927734,137.12962341308594,103.36625671386719,16.04123306274414,52.59646987915039,53.75272750854492,1
548347.0,8465.78125,1.7777777910232544,23.42435073852539,76.26874542236328,118.56076049804688,11.063009262084961,48.22842788696289,49.08114242553711,1
12.5,16.24264144897461,1.75,26.0,189.82142639160156,142.35714721679688,1.5118578672409058,38.51813507080078,65.04680633544922,1
1137.5,215.8406219482422,2.1379311084747314,28.70077896118164,207.04449462890625,98.79087829589844,14.368986129760742,40.317928314208984,45.6459846496582,1
1001121.0,4156.0,1.736842155456543,22.651126861572266,76.79914093017578,108.93682861328125,14.1874361038208,57.387725830078125,56.99430847167969,1
3934.0,258.82843017578125,1.2241379022598267,52.59592056274414,214.45848083496094,171.23361206054688,32.005096435546875,39.94401168823242,54.22480773925781,1
8077.5,557.4873657226562,1.5714285373687744,42.49443054199219,168.8561553955078,153.61195373535156,60.9478645324707,51.14165496826172,64.2967529296875,1
7790.5,502.2081604003906,1.0,16.11191177368164,227.28443908691406,171.71141052246094,5.222521781921387,31.515233993530273,31.415878295898438,1
22443.0,612.9705810546875,1.1408450603485107,48.67992401123047,222.12619018554688,200.8238983154297,36.78721237182617,44.093727111816406,68.48070526123047,1
306081.0,2236.0,1.3333333730697632,18.902555465698242,90.2982177734375,107.98114013671875,10.89560317993164,29.33964729309082,61.66753387451172,1
1277.5,170.46803283691406,0.8510638475418091,26.271808624267578,125.3276596069336,119.22872161865234,21.304306030273438,63.89699935913086,56.73753356933594,1
549.0,143.7989959716797,1.6956521272659302,22.31326675415039,203.025634765625,125.16165161132812,12.247492790222168,37.96563720703125,51.76871109008789,1
10686.0,462.56854248046875,2.026315689086914,50.276485443115234,153.03041076660156,148.05023193359375,33.54725646972656,61.311073303222656,45.75309753417969,1
43010.0,834.0,1.228723406791687,27.757068634033203,120.19572448730469,161.15338134765625,39.99825668334961,80.95222473144531,53.671730041503906,1
1637741.5,5924.1357421875,0.9785090684890747,46.263427734375,114.83651733398438,127.38016510009766,46.76042175292969,66.48286437988281,41.22623062133789,1
4844.5,829.261962890625,1.070707082748413,34.048885345458984,171.80465698242188,152.29083251953125,46.10587692260742,36.91777420043945,57.07282257080078,1
4875.0,305.9066467285156,0.8199999928474426,34.227195739746094,88.3985366821289,136.7496337890625,42.12608337402344,57.923980712890625,76.6844711303711,1
6703.0,421.6812438964844,0.7064220309257507,62.04515838623047,159.41903686523438,185.20957946777344,36.40436935424805,66.77153015136719,52.489280700683594,1
100688.0,3067.679443359375,1.6452442407608032,19.947538375854492,167.01837158203125,171.61351013183594,17.47772789001465,53.35699462890625,60.91523361206055,1
8930.0,378.0,1.0105262994766235,26.701095581054688,106.74199676513672,56.3188591003418,33.712650299072266,99.63750457763672,73.5000228881836,1
919601.0,3996.0,1.7777777910232544,19.45890998840332,90.87294006347656,108.04711151123047,13.470763206481934,30.223834991455078,61.679954528808594,1
18810.0,562.0,0.645348846912384,48.63843536376953,224.1998291015625,186.9967041015625,37.2820930480957,58.44763946533203,72.91227722167969,1
8316.0,366.0,1.1764706373214722,27.543411254882812,82.22176361083984,45.463645935058594,46.56489944458008,98.57137298583984,73.03175354003906,1
1517.5,230.32589721679688,1.2765957117080688,63.42056655883789,82.93226623535156,145.18582153320312,53.06201934814453,63.188655853271484,64.41384887695312,1
1126.5,159.21319580078125,1.0526316165924072,36.74079132080078,174.52499389648438,140.9967041015625,59.67659378051758,54.566043853759766,33.90488815307617,1
1643001.0,5721.265625,0.9632598757743835,45.65069580078125,122.8891372680664,132.70205688476562,45.91460418701172,70.3058090209961,45.19900131225586,1
982.5,139.01219177246094,0.75,49.35812759399414,121.09917449951172,100.99793243408203,37.39189910888672,64.88174438476562,55.078399658203125,1
212.0,76.6274185180664,2.142857074737549,69.8952407836914,89.60713958740234,148.5500030517578,50.49166488647461,52.081031799316406,68.10870361328125,1
9494.0,390.0,1.0736842155456543,24.417957305908203,111.43488311767578,47.618370056152344,40.347774505615234,109.29596710205078,71.93289184570312,1
9996.0,400.0,0.9611650705337524,22.782289505004883,97.94145202636719,50.73345184326172,34.33859634399414,101.90045166015625,70.67459106445312,1
247637.0,4776.74755859375,0.8619791865348816,22.351940155029297,88.35173797607422,159.52639770507812,11.24111270904541,86.97048950195312,41.99500274658203,1
49201.0,888.1421508789062,1.0744186639785767,28.476089477539062,185.58937072753906,159.5757598876953,16.821279525756836,59.024803161621094,69.14824676513672,1
1313.5,344.61016845703125,2.259999990463257,39.21964645385742,100.52743530273438,149.6092071533203,38.07596969604492,58.31648635864258,45.45599365234375,1
22443.0,612.9705810546875,1.1408450603485107,48.67992401123047,222.12667846679688,200.8238983154297,36.78721237182617,44.09403610229492,68.48070526123047,1
300359.5,2620.31591796875,1.3333333730697632,40.424991607666016,167.712890625,139.79757690429688,15.879114151000977,62.39075469970703,72.16608428955078,1
368.0,82.97056579589844,1.7647058963775635,27.719608306884766,120.41960906982422,92.6941146850586,19.21564483642578,56.53848648071289,50.89154815673828,1
12303.5,608.2913818359375,1.223880648612976,61.28995132446289,139.5626983642578,138.1887969970703,41.57999038696289,82.77937316894531,63.930057525634766,1
37008.5,1202.031494140625,1.0,32.063228607177734,181.832275390625,152.07528686523438,22.399606704711914,44.8228645324707,50.904537200927734,1
98025.0,4182.72314453125,1.0958333015441895,22.88910484313965,142.22560119628906,169.74343872070312,9.101597785949707,51.574581146240234,69.93334197998047,1
383400.0,6875.69775390625,0.9495549201965332,21.564468383789062,79.37234497070312,123.6613540649414,11.371525764465332,87.11624908447266,49.81045913696289,1
121605.0,1396.0,0.9230769276618958,24.01764488220215,95.59477996826172,89.0189208984375,29.71002197265625,103.56673431396484,98.34102630615234,1
215.0,74.14213562011719,0.9090909361839294,16.584091186523438,165.87045288085938,160.7704620361328,8.95251178741455,57.19781494140625,61.58382797241211,1
600.0,163.45584106445312,1.8695652484893799,18.404449462890625,213.77755737304688,138.90394592285156,12.624475479125977,41.88371658325195,60.012332916259766,1
842.5,127.21320343017578,1.692307710647583,18.704545974731445,207.55593872070312,106.46154022216797,1.9771722555160522,50.75670623779297,29.6954288482666,1
1129.0,262.7106628417969,0.9259259104728699,68.75740814208984,151.82777404785156,154.13925170898438,71.32376861572266,44.9061279296875,55.3627815246582,1
3801.0,391.0538330078125,1.1566264629364014,49.525352478027344,104.86772155761719,139.29367065429688,41.678104400634766,61.01708984375,68.88184356689453,1
1506335.0,11578.130859375,0.7986782193183899,18.807600021362305,115.48070526123047,135.58407592773438,7.811142444610596,70.7308120727539,53.89741897583008,1
3839.5,436.26702880859375,0.9056603908538818,41.611637115478516,124.40290832519531,182.54019165039062,37.74823760986328,56.00297927856445,50.69972229003906,1
6864.0,332.0,0.8876404762268066,15.903712272644043,92.0179214477539,40.12302780151367,32.135108947753906,108.6448974609375,70.72709655761719,1
4899.0,280.0,1.0285714864730835,29.34325408935547,93.71428680419922,72.7734146118164,42.92975616455078,93.40408325195312,79.36177825927734,1
396788.5,7400.2392578125,1.4583333730697632,20.70742416381836,64.45492553710938,124.09843444824219,14.528359413146973,37.675880432128906,48.69386672973633,1
1621.0,163.6568603515625,0.9534883499145508,35.226318359375,169.09925842285156,156.0845184326172,38.71407699584961,50.11381149291992,66.74427795410156,1
12295.0,720.1564331054688,1.1779141426086426,37.37880325317383,127.0154037475586,152.5316925048828,20.919288635253906,58.78400802612305,73.02815246582031,1
39924.5,1596.90869140625,0.8847583532333374,40.561073303222656,127.52938079833984,157.93368530273438,39.92334747314453,80.32101440429688,62.156227111816406,1
438203.5,5905.0390625,1.0,27.041091918945312,55.81373596191406,142.83364868164062,16.86440658569336,63.1010856628418,40.98062515258789,1
11408.0,450.48529052734375,1.247422695159912,35.0668830871582,183.46775817871094,163.75103759765625,11.312625885009766,57.19239807128906,66.653564453125,1
10098.0,402.0,0.9708737730979919,43.27660369873047,60.67572784423828,72.47300720214844,54.149024963378906,87.4822998046875,103.58232116699219,1
1482.5,301.6396179199219,2.5833332538604736,39.34916305541992,111.9605712890625,121.19593811035156,27.649673461914062,59.55216979980469,52.38906478881836,1
3483.0,323.3381042480469,1.6363636255264282,20.451919555664062,187.86181640625,111.54080963134766,21.706117630004883,48.506107330322266,55.074493408203125,1
295.5,70.72792053222656,1.3529411554336548,20.585678100585938,129.68797302246094,80.58312225341797,3.5948526859283447,53.72373962402344,45.36487579345703,1
1449.5,163.49746704101562,0.6851851940155029,49.53353500366211,123.5250244140625,92.90740966796875,38.30299758911133,66.26707458496094,50.42417526245117,1
92485.0,1253.5980224609375,0.9125000238418579,48.133113861083984,132.9102325439453,157.51133728027344,36.83968734741211,59.86688995361328,74.55770111083984,1
39856.0,800.0,0.8873239159584045,36.71609878540039,151.7638702392578,121.13080596923828,37.538330078125,112.39337921142578,95.01419067382812,1
35154.0,1229.4456787109375,0.9090909361839294,39.132713317871094,178.5977020263672,149.6366424560547,26.335670471191406,44.304527282714844,54.21491241455078,1
1009.5,254.46803283691406,1.2222222089767456,49.715152740478516,137.49737548828125,141.069091796875,55.600276947021484,55.69341278076172,60.69268035888672,1
399456.5,7348.2392578125,1.4597222805023193,20.377939224243164,64.5945053100586,123.6469497680664,13.030268669128418,37.580604553222656,48.696468353271484,1
13218.0,1192.8082275390625,0.9073171019554138,37.58943176269531,135.68846130371094,146.7396240234375,17.926918029785156,49.83277130126953,60.86564636230469,1
5323.0,297.5634765625,0.9569892287254333,36.58306121826172,112.21263885498047,116.5549087524414,46.58211898803711,66.22203826904297,79.0001220703125,1
11118.0,422.0,1.0679612159729004,46.51800537109375,77.48640441894531,69.072021484375,53.09823226928711,96.38127136230469,94.70960235595703,1
16665.0,1070.1807861328125,0.8307692408561707,18.23956871032715,162.2352294921875,177.1619110107422,14.723535537719727,95.00868225097656,41.4250373840332,1
47912.0,876.0,1.065727710723877,20.165353775024414,69.24195861816406,72.85411071777344,28.737272262573242,76.10559844970703,84.720458984375,1
1230.0,173.94113159179688,1.696969747543335,53.68722915649414,227.29762268066406,123.61904907226562,27.297119140625,26.754640579223633,36.05872344970703,1
20425.5,619.34521484375,1.0340908765792847,47.63102340698242,84.31493377685547,130.82858276367188,45.4654655456543,71.73155212402344,44.33433151245117,1
6573.0,469.96551513671875,0.9898989796638489,42.77705764770508,205.74232482910156,143.62388610839844,25.343610763549805,39.139163970947266,43.98662567138672,1
4830.5,594.0071411132812,0.7363636493682861,37.415714263916016,167.78787231445312,185.03456115722656,19.741403579711914,49.91994094848633,43.65873718261719,1
3600.0,382.3675231933594,3.2093024253845215,21.844118118286133,235.35523986816406,219.81597900390625,2.0766735076904297,23.554908752441406,32.43769454956055,1
3127.0,236.1421356201172,0.9333333373069763,26.599702835083008,155.3550567626953,174.6857147216797,16.406993865966797,43.63363265991211,53.46295928955078,1
86315.0,1176.0,1.0774648189544678,26.671165466308594,161.6671905517578,172.06788635253906,20.567176818847656,94.6558837890625,65.2086181640625,1
15217.0,566.7350463867188,0.9520547986030579,71.96308898925781,115.4055404663086,122.36158752441406,55.43497085571289,43.55964660644531,60.43927764892578,1
7569.0,348.0,1.0,41.55449295043945,90.04299926757812,72.45183563232422,48.04502487182617,91.69573211669922,84.58431243896484,1
16881.5,741.36962890625,1.5954198837280273,84.72238159179688,168.4081268310547,140.14569091796875,72.4776382446289,66.90805053710938,71.01490020751953,1
582.0,317.7401123046875,0.3661971688270569,25.895448684692383,161.0828857421875,159.00216674804688,15.751985549926758,54.88176345825195,56.47308349609375,1
1254862.5,15325.0947265625,0.5625,23.102609634399414,65.98563385009766,116.49482727050781,14.003560066223145,35.86918640136719,52.98347473144531,1
2587.0,236.08326721191406,0.9402984976768494,20.092395782470703,167.49111938476562,150.0976104736328,4.026857376098633,41.43806457519531,50.959224700927734,1
3221.5,439.0365905761719,2.457627058029175,51.11735916137695,74.9063720703125,138.60818481445312,41.432621002197266,42.74184799194336,58.686729431152344,1
749.0,232.42640686035156,1.0232558250427246,14.513213157653809,202.5422821044922,208.13002014160156,4.159903049468994,41.478919982910156,32.51218795776367,1
9599.0,436.4263916015625,1.0299999713897705,63.57058334350586,195.8502960205078,152.9296112060547,32.918373107910156,52.94105911254883,45.099205017089844,1
5861.5,508.5513000488281,1.204301118850708,41.91282653808594,160.20362854003906,133.667724609375,46.42222213745117,65.99641418457031,58.53916549682617,1
682.5,231.8406219482422,0.7647058963775635,46.99396514892578,134.36099243164062,154.64102172851562,31.09063148498535,66.02747344970703,60.86654281616211,1
919601.0,3996.0,0.5625,19.45322608947754,90.89471435546875,108.05084228515625,13.497791290283203,30.259593963623047,61.67904281616211,1
3850.5,263.6396179199219,1.4482758045196533,51.55890655517578,138.72085571289062,204.15599060058594,42.116878509521484,72.36692810058594,52.73604202270508,1
31850.0,714.0,0.9617486596107483,26.81905174255371,96.58038330078125,89.98320007324219,33.00747299194336,97.92996978759766,93.72032928466797,1
522.0,164.91168212890625,1.3225806951522827,18.571203231811523,166.0731658935547,169.98426818847656,13.384976387023926,50.96306228637695,59.73518753051758,1
1584.5,304.5513000488281,1.1076923608779907,20.663034439086914,146.1309814453125,152.78012084960938,15.574548721313477,56.58620071411133,62.91614532470703,1
30134.5,1144.0213623046875,1.575757622718811,23.250629425048828,174.3355255126953,105.15680694580078,26.62586212158203,52.779666900634766,54.61561965942383,1
7142.5,416.69342041015625,1.3465346097946167,33.741336822509766,197.6579132080078,154.9795379638672,44.97772216796875,65.39900207519531,78.0903091430664,1
2652.0,206.0,0.9811320900917053,56.88062286376953,159.14695739746094,75.23004150390625,61.02050018310547,92.07644653320312,81.53411102294922,1
4090.5,258.95330810546875,1.4333332777023315,51.79263687133789,130.77635192871094,206.4722900390625,41.611148834228516,75.48404693603516,52.9705696105957,1
17662.0,538.8284301757812,1.0303030014038086,38.21657943725586,158.17156982421875,146.640380859375,24.40748405456543,55.55101776123047,79.99995422363281,1
11673.5,795.1198120117188,0.8681318759918213,34.39323806762695,150.02816772460938,175.14598083496094,14.890827178955078,52.20344924926758,45.61820983886719,1
3762.5,376.4680480957031,0.7663551568984985,44.13335037231445,147.12355041503906,184.2537078857422,31.20377540588379,56.22013854980469,55.92164993286133,1
65396.5,1740.8052978515625,0.9125964045524597,22.415489196777344,179.75770568847656,131.42095947265625,24.49656105041504,53.550899505615234,64.18692779541016,1
6184.5,315.8995056152344,1.0641025304794312,41.94964599609375,125.02749633789062,141.67391967773438,34.0623664855957,50.51789855957031,68.31861877441406,1
3283.5,340.0660095214844,1.1470588445663452,38.48114776611328,169.0282745361328,120.83540344238281,51.115604400634766,65.83424377441406,56.521507263183594,1
5383.0,317.480224609375,1.0481927394866943,17.048192977905273,179.62054443359375,94.84420776367188,7.231288909912109,66.81733703613281,38.461212158203125,1
22244.5,805.8305053710938,1.0718562602996826,16.726524353027344,160.5678253173828,125.71040344238281,16.330554962158203,70.12360382080078,40.78881072998047,1
226.5,77.55635070800781,0.29411765933036804,62.47058868408203,151.56471252441406,119.00294494628906,30.534778594970703,53.014747619628906,30.643827438354492,1
11408.0,450.48529052734375,1.247422695159912,35.0668830871582,183.46775817871094,163.75103759765625,11.312625885009766,57.19239807128906,66.653564453125,1
1390.5,258.95330810546875,3.0999999046325684,38.807525634765625,114.16272735595703,112.69677734375,22.057693481445312,60.54304885864258,50.162322998046875,1
79890.0,2720.0185546875,0.9384615421295166,31.999021530151367,180.16278076171875,141.4033660888672,18.23141098022461,42.200618743896484,50.410560607910156,1
961.0,149.5979766845703,0.8888888955116272,15.302778244018555,246.42889404296875,235.09388732910156,7.609277248382568,11.057348251342773,27.930400848388672,1
1001.0,218.08326721191406,0.5303030014038086,64.9454574584961,88.9887466430664,172.20909118652344,51.594017028808594,54.94412612915039,64.28875732421875,1
439.5,141.01219177246094,1.2333333492279053,24.450450897216797,174.41981506347656,159.33692932128906,38.42932891845703,61.39717483520508,64.61087799072266,1
300469.5,5257.88330078125,0.75,69.76419067382812,106.85160064697266,122.24779510498047,52.86082077026367,76.98937225341797,88.5416030883789,1
22244.5,805.8305053710938,0.9329608678817749,16.726524353027344,160.56796264648438,125.71040344238281,16.330554962158203,70.12349700927734,40.78881072998047,1
3753.5,276.4680480957031,1.04347825050354,71.03502655029297,116.28582763671875,121.03502655029297,55.10368347167969,43.28794860839844,59.82109451293945,1
8648.5,930.8010864257812,0.9736841917037964,20.415382385253906,183.0475616455078,174.8462677001953,3.7585673332214355,49.6286506652832,34.337894439697266,1
335966.5,4205.4326171875,0.9667673707008362,13.32832145690918,25.54376792907715,97.30296325683594,17.090044021606445,31.79290199279785,84.79808044433594,1
1775.0,429.480224609375,0.39823007583618164,40.90501403808594,94.34395599365234,127.99862670898438,29.96435546875,61.49507522583008,52.047855377197266,1
40150.5,818.6690673828125,1.0,32.05156326293945,182.7445831298828,151.58827209472656,22.358043670654297,45.433349609375,51.09048843383789,1
974.5,134.87005615234375,0.6744186282157898,59.76102828979492,106.34162139892578,102.32477569580078,51.63596725463867,59.98858642578125,54.60810089111328,1
2374.5,238.32589721679688,1.1034482717514038,60.334861755371094,131.40975952148438,112.93453979492188,47.182533264160156,68.11531829833984,69.1793441772461,1
288908.0,2649.9208984375,1.3333333730697632,48.20315933227539,138.00189208984375,150.3121795654297,35.12350845336914,71.20950317382812,62.99311065673828,1
5616.0,300.0,1.082191824913025,19.560083389282227,85.20166778564453,32.540313720703125,38.63115692138672,109.30656433105469,64.86738586425781,1
1559.0,203.94113159179688,1.7073171138763428,47.11568069458008,165.4076690673828,137.11846923828125,32.31675720214844,51.045772552490234,54.88181686401367,1
38815.5,1335.8792724609375,1.0995475053787231,39.486507415771484,174.647705078125,156.49827575683594,36.793148040771484,50.7266845703125,62.386444091796875,1
5918.5,307.21319580078125,0.9873417615890503,40.4133415222168,168.07984924316406,123.98101043701172,52.613399505615234,66.79882049560547,58.235374450683594,1
75618.5,4618.27978515625,0.9972375631332397,41.6201171875,170.41067504882812,150.24920654296875,16.487876892089844,41.4736328125,48.06378173828125,1
2355.0,247.5979766845703,1.09375,41.158260345458984,117.6091537475586,175.25067138671875,20.537622451782227,56.24760437011719,67.05377960205078,1
5614.5,413.6396179199219,2.2931034564971924,48.072593688964844,178.09178161621094,149.8157958984375,31.593935012817383,47.762245178222656,60.06488037109375,1
1127624.0,5389.53564453125,1.1029900312423706,59.38444519042969,107.91458892822266,118.21861267089844,50.40956115722656,73.26534271240234,51.76029586791992,1
450.5,85.41421508789062,0.95652174949646,15.452569007873535,197.85572814941406,218.07510375976562,2.874640941619873,43.42788314819336,25.47645378112793,1
75618.5,4618.27978515625,0.9972375631332397,41.6201171875,170.41067504882812,150.24920654296875,16.487876892089844,41.4736328125,48.06378173828125,1
13200.5,1357.286376953125,0.8820960521697998,36.2558708190918,175.419921875,172.71961975097656,24.426477432250977,82.06605529785156,66.25055694580078,1
565.0,323.7401123046875,2.730769157409668,26.170639038085938,161.30227661132812,158.6121368408203,18.689416885375977,56.103939056396484,57.64295196533203,1
52788.0,922.0,1.1737089157104492,35.82146453857422,121.60030364990234,163.982666015625,23.1978816986084,78.51077270507812,40.498260498046875,1
115174.0,1392.9117431640625,1.4487632513046265,33.59225082397461,128.00746154785156,155.74034118652344,25.33252716064453,39.57472610473633,57.04166030883789,1
5383.0,317.480224609375,1.0481927394866943,17.048192977905273,179.62054443359375,94.84420776367188,7.231288909912109,66.81733703613281,38.461212158203125,1
1055.5,215.49746704101562,1.3902438879013062,30.57723617553711,178.92041015625,141.6328582763672,43.85716247558594,43.34566879272461,55.61280822753906,1
3918.0,252.1421356201172,1.1864407062530518,75.31040954589844,127.52615356445312,132.44866943359375,39.294368743896484,56.15964126586914,56.96860885620117,1
2652.0,243.76449584960938,0.773809552192688,50.18937683105469,110.15641021728516,174.0492706298828,54.55956268310547,62.803314208984375,64.57115173339844,1
32285.5,1405.2418212890625,1.2227487564086914,28.2719783782959,160.1865234375,106.44375610351562,25.59649085998535,54.24702453613281,51.036598205566406,1
36186.0,905.9310302734375,0.8262711763381958,30.787092208862305,176.58724975585938,166.28759765625,39.92567443847656,88.70194244384766,62.87094497680664,1
4310.5,711.3208618164062,1.24210524559021,32.090633392333984,200.6906280517578,207.27056884765625,16.904691696166992,57.94810104370117,52.221885681152344,1
1493.5,300.95330810546875,0.9365079402923584,28.8455753326416,172.9176788330078,160.1789093017578,43.7132453918457,39.58595657348633,53.26265335083008,1
358.0,109.79898834228516,1.3043478727340698,61.6579704284668,79.29275512695312,143.86666870117188,54.586341857910156,61.27960205078125,63.67607879638672,1
172228.5,2612.947509765625,0.5625,19.72579002380371,103.78366088867188,119.73999786376953,5.244629383087158,24.562183380126953,49.342498779296875,1
1741.5,378.4091491699219,0.9516128897666931,26.35128402709961,159.97512817382812,152.68179321289062,15.520630836486816,44.94980239868164,69.7001953125,1
2829.0,549.2203369140625,0.5398229956626892,69.69780731201172,169.60162353515625,151.1201171875,38.15769958496094,67.85552215576172,54.9958381652832,1
7187.5,323.1787109375,0.9200000166893005,131.670654296875,124.82575988769531,102.01717376708984,64.02375030517578,82.19427490234375,82.82139587402344,1
147.0,82.48528289794922,0.8947368264198303,51.235294342041016,136.60061645507812,149.1083526611328,64.74331665039062,60.295494079589844,53.04899215698242,1
25253.5,2182.070068359375,0.9666666388511658,30.75667381286621,173.7862548828125,161.22613525390625,22.659832000732422,42.551055908203125,56.310096740722656,1
42784.0,830.0,1.171875,13.337685585021973,118.63449096679688,163.94964599609375,14.96335506439209,108.50479888916016,41.59117889404297,1
2931.5,263.21319580078125,3.5,27.765714645385742,133.87777709960938,95.46380615234375,38.19987869262695,75.82447814941406,40.97578430175781,1
1870549.5,11755.0888671875,0.9809523820877075,64.43946075439453,89.07420349121094,130.32354736328125,51.53886413574219,61.93186950683594,56.832313537597656,1
18006.0,899.2447509765625,1.307692289352417,26.038593292236328,174.842529296875,169.2886962890625,30.96818733215332,90.32617950439453,59.90293502807617,1
3430.0,245.5979766845703,1.7872340679168701,47.824214935302734,114.35106658935547,112.30927276611328,45.85813522338867,65.2241439819336,58.06523132324219,1
7770.0,358.0,0.7075471878051758,32.66792297363281,62.733333587646484,50.42390060424805,49.54545974731445,92.18296813964844,84.49143981933594,1
967.0,159.45584106445312,0.4716981053352356,25.867170333862305,185.9984893798828,130.23622131347656,24.912445068359375,33.26728820800781,59.9019889831543,1
19460.0,558.0,1.0071429014205933,46.29863357543945,143.9394073486328,81.28338623046875,44.5756950378418,105.76929473876953,82.04183959960938,1
16104.0,508.0,0.9248120188713074,47.316402435302734,130.8006591796875,96.05330657958984,46.099609375,101.71131134033203,97.62039947509766,1
88755.0,1192.0,1.047945261001587,31.27352523803711,84.75005340576172,86.00296783447266,52.82197570800781,86.52814483642578,91.23580169677734,1
5512.0,314.6274108886719,0.8674699068069458,64.97506713867188,94.12466430664062,157.9059600830078,43.002620697021484,60.92378234863281,66.17538452148438,1
166343.0,1632.0,0.9476190209388733,31.49121856689453,62.84673309326172,93.84635162353516,42.189842224121094,83.18876647949219,101.92424011230469,1
58081.0,964.0,1.0,22.3316707611084,127.32581329345703,105.617919921875,23.777095794677734,92.16531372070312,81.69428253173828,1
17479.0,1464.926025390625,1.24210524559021,32.09357833862305,200.67626953125,207.2636260986328,16.906171798706055,57.944725036621094,52.20962142944336,1
457.0,103.45584106445312,1.894736886024475,25.709064483642578,201.0380096435547,108.19298553466797,12.177963256835938,56.037933349609375,44.93791198730469,1
19775.5,564.384765625,1.1343283653259277,50.297916412353516,222.0553741455078,129.4778594970703,35.391029357910156,51.011356353759766,42.29016876220703,1
22202.0,860.0386352539062,1.59333336353302,84.90675354003906,168.516845703125,140.15640258789062,72.53876495361328,66.89083099365234,71.1070327758789,1
3803.5,474.69342041015625,0.9230769276618958,32.13761901855469,126.19881439208984,171.23648071289062,21.79377555847168,52.85291290283203,48.7861328125,1
7669.0,367.2203369140625,1.09375,20.561904907226562,132.36219787597656,98.85059356689453,9.47314167022705,56.413475036621094,37.26484298706055,1
10816.0,416.0,1.0,58.598819732666016,70.8719253540039,101.83991241455078,56.634117126464844,85.87898254394531,113.85030364990234,1
10489.0,689.480224609375,0.3489583432674408,72.91845703125,216.72402954101562,164.77587890625,31.13260269165039,51.65779495239258,41.774269104003906,1
24304.5,643.6883544921875,1.1329479217529297,42.22345733642578,89.87330627441406,125.2237548828125,45.79098129272461,70.25667572021484,43.106689453125,1
2002225.0,5660.0,1.0,11.179598808288574,39.14545440673828,56.533721923828125,14.927372932434082,53.15688705444336,69.62132263183594,1
12463.5,583.7228393554688,1.8041237592697144,36.44017791748047,227.0527801513672,134.83087158203125,25.80368423461914,25.788217544555664,48.930171966552734,1
22448.0,612.9705810546875,1.1408450603485107,48.68405532836914,221.32464599609375,201.1653594970703,36.78041458129883,44.07927322387695,68.33433532714844,1
29009.5,1044.4478759765625,1.6387434005737305,31.015338897705078,148.8275909423828,122.88600158691406,16.959911346435547,53.423038482666016,62.383522033691406,1
747.0,132.08326721191406,0.8139534592628479,22.603322982788086,184.8491668701172,125.08172607421875,24.235858917236328,55.749908447265625,67.05152893066406,1
1404.0,221.94113159179688,1.2173912525177002,40.7907600402832,159.8656768798828,133.12538146972656,45.83620834350586,65.76282501220703,57.45408630371094,1
9764.5,594.8599243164062,1.0362318754196167,26.389631271362305,156.81651306152344,130.06735229492188,28.999422073364258,57.14046859741211,60.8802604675293,1
422.0,104.28427124023438,1.3333333730697632,26.19791603088379,181.5872344970703,101.70442962646484,25.905977249145508,53.79985809326172,55.20749282836914,1
36893.5,1245.6883544921875,1.0,32.05156326293945,182.7445831298828,151.58827209472656,22.358043670654297,45.433326721191406,51.09048843383789,1
408385.5,7747.4248046875,0.7904967665672302,22.46677589416504,62.48564147949219,144.47341918945312,10.881583213806152,73.12771606445312,42.121334075927734,1
434.0,103.31370544433594,0.38461539149284363,25.449573516845703,136.7042694091797,104.35555267333984,6.510840892791748,49.94132995605469,47.55854797363281,1
6877.5,317.0365905761719,0.8500000238418579,133.1148223876953,151.6221160888672,86.11670684814453,61.264835357666016,89.46981048583984,81.9937515258789,1
4096.0,317.7401123046875,1.9814814329147339,71.0,123.8599853515625,129.91087341308594,49.8151741027832,47.727996826171875,66.4795913696289,1
920.0,143.31370544433594,1.1515151262283325,35.739234924316406,193.6307830810547,154.27511596679688,6.014451503753662,32.05677032470703,43.50762939453125,1
2062.5,233.6396026611328,0.6216216087341309,66.96533203125,160.94183349609375,120.18478393554688,41.35679244995117,58.296775817871094,62.66797637939453,1
379.0,100.08325958251953,1.2142857313156128,43.83928680419922,122.6649169921875,182.09873962402344,41.34000778198242,62.670372009277344,61.33926010131836,1
2291.5,355.3797302246094,1.8823529481887817,42.577613830566406,170.03492736816406,151.34292602539062,61.99168395996094,50.752479553222656,65.11071014404297,1
9749.0,590.9360961914062,0.7686567306518555,29.07904624938965,148.1029510498047,160.53622436523438,32.812007904052734,68.49376678466797,57.21642303466797,1
591.0,156.28427124023438,1.8695652484893799,18.49443817138672,211.88674926757812,139.28614807128906,12.322233200073242,41.936676025390625,58.58415603637695,1
8544.0,370.0,0.9278350472450256,35.39633560180664,69.87388610839844,49.26643753051758,47.03876876831055,93.76728820800781,76.92686462402344,1
472.5,169.698486328125,1.0810810327529907,28.06621551513672,78.52567291259766,200.73919677734375,12.407427787780762,43.35526657104492,43.403411865234375,1
1303.0,372.1665344238281,1.2799999713897705,60.98031234741211,153.08218383789062,151.01593017578125,66.80297088623047,45.61933135986328,56.25007247924805,1
20826.0,763.587890625,1.163636326789856,41.480430603027344,98.01392364501953,129.7705841064453,43.689212799072266,76.20230102539062,43.9537239074707,1
2112.0,268.5096740722656,1.2833333015441895,55.202598571777344,99.45606231689453,152.6673126220703,46.087005615234375,51.32698440551758,69.34609985351562,1
11026.0,818.4751586914062,1.0610686540603638,20.715471267700195,171.06326293945312,103.71931457519531,6.276015758514404,72.20955657958984,48.07479476928711,1
1010.0,175.5979766845703,0.8636363744735718,64.62200927734375,114.5299072265625,113.76255798339844,44.74708938598633,65.96331787109375,56.76521682739258,1
8248.5,403.66400146484375,0.9482758641242981,23.02327537536621,187.169677734375,141.21896362304688,21.042150497436523,54.87183380126953,67.67897033691406,1
298465.5,2611.0263671875,1.3333333730697632,21.663522720336914,193.29833984375,150.67691040039062,18.30497169494629,43.87371063232422,61.20294952392578,1
1245.5,338.26702880859375,0.78125,62.83250045776367,151.43344116210938,151.65562438964844,67.6380615234375,41.91937255859375,54.06011962890625,1
50740.0,902.0,1.0972222089767456,16.440185546875,88.41434478759766,111.20683288574219,20.69783592224121,72.71879577636719,88.34270477294922,1
26287.5,651.8994750976562,0.8176795840263367,55.178924560546875,228.08108520507812,183.7661590576172,33.15362548828125,39.75215148925781,47.8323974609375,1
8036.0,553.2447509765625,1.561904788017273,42.614749908447266,168.3636474609375,154.208251953125,61.236175537109375,50.645267486572266,64.3292007446289,1
1843582.0,7634.1328125,1.0891762971878052,50.969783782958984,113.2259292602539,146.7605743408203,46.33993911743164,63.71067810058594,36.155311584472656,1
1512.0,234.76954650878906,1.7317073345184326,32.1480598449707,180.1009979248047,150.1102752685547,48.43376922607422,37.574440002441406,61.40115737915039,1
271.0,74.48528289794922,0.5185185074806213,23.30158805847168,184.67990112304688,118.68254089355469,16.418115615844727,35.89101028442383,58.37218475341797,1
17621.5,530.7279052734375,1.09375,38.948158264160156,140.73114013671875,145.37567138671875,24.744237899780273,62.12271499633789,79.2185287475586,1
885.5,195.49746704101562,1.600000023841858,31.44489860534668,181.74693298339844,133.80255126953125,44.72517013549805,40.79745101928711,67.0228042602539,1
2232619.5,8249.845703125,0.9477569460868835,51.7213249206543,77.63163757324219,104.53886413574219,43.20082473754883,40.42167282104492,58.14297866821289,1
7379.5,328.492431640625,0.9700000286102295,128.77464294433594,93.55659484863281,114.88494873046875,66.63905334472656,67.90986633300781,83.77351379394531,1
154842.0,1574.0,0.9974683523178101,18.71247100830078,68.37826538085938,72.96389770507812,24.332395553588867,76.0063705444336,82.08721160888672,1
16101.5,515.8994750976562,1.2136752605438232,52.597328186035156,214.45425415039062,171.22679138183594,32.01123809814453,39.91792297363281,54.20692443847656,1
7045.5,535.9238891601562,0.954954981803894,37.83256912231445,115.30673217773438,183.3129425048828,50.58949661254883,43.973121643066406,61.35417556762695,1
57260.5,947.9482421875,1.0,121.86251831054688,144.4461669921875,96.38082885742188,74.02703857421875,75.79898834228516,62.896671295166016,1
30704.0,3912.424560546875,1.4769231081008911,55.083030700683594,75.60445404052734,137.1238555908203,34.82620620727539,56.673255920410156,63.30976867675781,1
3311.5,391.9827575683594,0.7471264600753784,56.81945037841797,88.02210235595703,168.5485382080078,46.82870101928711,46.56629943847656,53.89731979370117,1
83881.5,2524.06005859375,1.5875370502471924,39.330684661865234,111.71212768554688,120.4894027709961,26.897926330566406,59.61452102661133,52.02517318725586,1
89247.5,3708.4033203125,1.3333333730697632,36.250038146972656,175.4087371826172,172.72335815429688,24.40720558166504,82.05485534667969,66.25224304199219,1
26727.0,736.5096435546875,1.3648648262023926,14.182766914367676,204.5128173828125,112.78595733642578,1.1698960065841675,30.144556045532227,22.0222225189209,1
1891.0,195.2548370361328,0.6190476417541504,97.67154693603516,125.75987243652344,97.27960968017578,49.847198486328125,48.522979736328125,58.445953369140625,1
35816.5,2640.746337890625,0.9244604110717773,39.06662368774414,161.2201690673828,166.5904541015625,37.49821853637695,42.9721794128418,61.75251007080078,1
979.0,132.76954650878906,0.7674418687820435,56.45948028564453,103.63988494873047,116.75757598876953,50.98843002319336,61.07889938354492,62.12583923339844,1
8463.0,368.0,0.978723406791687,21.351757049560547,57.342506408691406,46.820884704589844,38.67540740966797,88.11273956298828,76.11121368408203,1
7800.0,356.0,0.7821782231330872,32.17708969116211,77.66549682617188,49.59130096435547,45.197574615478516,100.25891876220703,81.1297378540039,1
25330.0,638.0,0.8771929740905762,33.669395446777344,121.26561737060547,156.55079650878906,33.716434478759766,95.10968780517578,47.575050354003906,1
12495.5,626.6934204101562,0.9386503100395203,16.146717071533203,160.85247802734375,185.4705810546875,15.912681579589844,48.71988296508789,40.08192825317383,1
421.0,102.7695541381836,1.375,28.955808639526367,175.9166717529297,102.2095947265625,31.910375595092773,54.72466278076172,54.67146301269531,1
2435.0,235.5979766845703,0.4457831382751465,32.80299758911133,133.52621459960938,89.65125274658203,26.11771011352539,51.259525299072266,46.719757080078125,1
289.0,73.65685272216797,0.5384615659713745,22.854394912719727,168.12362670898438,112.3956069946289,9.603010177612305,33.21257781982422,41.977394104003906,1
3634.5,243.698486328125,0.9384615421295166,27.827743530273438,170.22598266601562,156.19570922851562,13.334378242492676,48.15214157104492,64.13923645019531,1
2221.5,516.0660400390625,1.4237288236618042,32.510292053222656,181.519775390625,159.4794158935547,7.628009796142578,38.6131591796875,43.294925689697266,1
193.0,73.31370544433594,1.8461538553237915,49.86859130859375,203.27883911132812,126.46794891357422,22.060930252075195,35.79046630859375,39.07634353637695,1
1862.0,185.31370544433594,0.8958333134651184,54.187015533447266,179.06541442871094,186.01744079589844,33.90376281738281,67.54216003417969,62.156097412109375,1
1527.0,362.3675231933594,1.2075471878051758,28.799823760986328,146.0315399169922,183.3511199951172,23.24384307861328,39.58054733276367,66.34646606445312,1
3785.0,355.0538330078125,0.9873417615890503,40.87617492675781,170.3086700439453,124.54300689697266,52.8168830871582,65.7357177734375,58.35541534423828,1
1461.5,298.1248779296875,1.6304347515106201,20.097970962524414,159.75680541992188,141.52203369140625,9.471924781799316,49.9497184753418,56.315120697021484,1
2341.5,237.35533142089844,0.9811320900917053,28.259796142578125,172.96661376953125,147.8073272705078,18.93012809753418,52.87675857543945,64.83618927001953,1
6253.5,425.6396179199219,2.2089552879333496,19.509580612182617,246.5734100341797,166.0895538330078,3.5328242778778076,13.475739479064941,48.163211822509766,1
880.5,169.35533142089844,0.5660377144813538,16.883018493652344,181.24591064453125,155.15093994140625,21.105846405029297,59.4827766418457,50.412261962890625,1
168132.0,4177.84619140625,1.545893669128418,39.72327423095703,164.7674102783203,125.99299621582031,45.024837493896484,63.86262893676758,56.54070281982422,1
1653074.0,5284.95703125,1.0034270286560059,44.68056106567383,101.33345794677734,136.58338928222656,44.957786560058594,55.895263671875,39.076087951660156,1
3778.0,616.5340576171875,0.9736841917037964,20.421630859375,183.13877868652344,174.8207244873047,3.748018980026245,49.55683517456055,34.350215911865234,1
3443.5,615.0365600585938,1.4769231081008911,44.708011627197266,86.81442260742188,148.85256958007812,24.92005157470703,58.841861724853516,69.51484680175781,1
2360.0,469.3381042480469,0.4615384638309479,30.087127685546875,144.53976440429688,132.13369750976562,11.9030179977417,51.368858337402344,55.02851486206055,1
2072.0,357.6812438964844,1.0,56.46982192993164,99.47881317138672,145.0594024658203,46.803741455078125,60.3236198425293,57.737762451171875,1
15902.0,1332.54833984375,1.0980392694473267,37.535518646240234,135.80267333984375,146.6976776123047,17.96050262451172,49.89535903930664,60.988555908203125,1
5858.0,508.30865478515625,1.204301118850708,41.84187698364258,160.19642639160156,133.6576385498047,46.397117614746094,65.88289642333984,58.37659454345703,1
170255.0,4066.82666015625,1.3333333730697632,37.53705596923828,158.7189178466797,123.27644348144531,49.710227966308594,56.430999755859375,56.72465896606445,1
4928.5,303.698486328125,1.8867924213409424,54.16792297363281,158.7064208984375,152.65245056152344,34.8405647277832,65.53863525390625,52.42475509643555,1
2112.5,269.095458984375,1.2833333015441895,54.565799713134766,98.13528442382812,152.2852783203125,45.17042541503906,50.64432907104492,69.27806091308594,1
6815.5,316.2081604003906,0.8399999737739563,133.5220184326172,153.11428833007812,85.8517837524414,61.3947639465332,88.83467864990234,81.32594299316406,1
241350.0,4126.57275390625,0.9248554706573486,21.321197509765625,34.605960845947266,90.91610717773438,18.180036544799805,56.03626251220703,56.413185119628906,1
33181.5,912.0660400390625,0.893401026725769,24.273361206054688,130.5406951904297,164.19300842285156,21.03285026550293,48.045589447021484,53.13203430175781,1
1442.0,180.91168212890625,1.605263113975525,21.220449447631836,161.28041076660156,104.90767669677734,12.841275215148926,70.23426055908203,52.12205505371094,1
210822.5,5473.09375,1.3333333730697632,18.429489135742188,80.3466567993164,122.1545181274414,5.767063140869141,27.583782196044922,44.280662536621094,1
1686.5,178.72792053222656,0.795918345451355,17.32705307006836,178.86708068847656,144.850341796875,14.659337043762207,50.673065185546875,61.20282745361328,1
1375.5,392.7523193359375,1.2539682388305664,39.849910736083984,175.06329345703125,163.4406280517578,53.85163879394531,41.75640106201172,59.05294418334961,1
1292.5,299.095458984375,0.4842105209827423,32.57872009277344,185.22265625,138.66773986816406,28.15741729736328,49.59484100341797,65.84957885742188,1
2101.0,316.56854248046875,1.0727273225784302,32.35100173950195,171.5019989013672,140.14329528808594,30.386585235595703,29.016054153442383,43.05513000488281,1
68128.5,5042.376953125,0.7354166507720947,55.39772033691406,75.05402374267578,127.51927947998047,35.60162353515625,51.52144241333008,59.216064453125,1
6222.5,474.2081604003906,0.9126213788986206,15.09657096862793,175.18673706054688,155.0351104736328,31.110431671142578,56.39202880859375,47.182273864746094,1
639.5,172.52691650390625,1.1470588445663452,61.67194747924805,138.07691955566406,150.88612365722656,68.94839477539062,60.23072814941406,54.70430374145508,1
4375.0,405.8233642578125,1.3098591566085815,25.80675506591797,175.86021423339844,168.83432006835938,30.707502365112305,89.77039337158203,59.8356819152832,1
5192.5,298.1492614746094,0.9468085169792175,36.0626335144043,109.22627258300781,115.71467590332031,44.20914077758789,66.47047424316406,81.47355651855469,1
24114.5,634.2426147460938,0.9685534834861755,35.85314178466797,164.33615112304688,167.6683807373047,16.947546005249023,38.33142852783203,52.37446594238281,1
35556.0,2112.361572265625,0.9109792113304138,37.650672912597656,135.58633422851562,146.78131103515625,17.94363784790039,49.824981689453125,60.801387786865234,1
918899.5,4026.89453125,1.7777777910232544,21.311552047729492,59.523128509521484,124.5397720336914,15.197081565856934,40.59605407714844,50.16668701171875,1
133648.0,3919.31201171875,1.09375,20.115480422973633,64.76154327392578,123.57100677490234,12.24694538116455,37.49043655395508,48.63450241088867,1
115591.0,1360.0,1.0177514553070068,13.817376136779785,90.58723449707031,98.61582946777344,25.6226749420166,109.17228698730469,101.02208709716797,1
7440.0,346.0,1.1604938507080078,61.57197189331055,40.38731384277344,145.46112060546875,51.02974319458008,53.60664749145508,49.797637939453125,1
1971.5,195.35533142089844,2.057142972946167,47.57143020629883,131.57777404785156,180.9123077392578,33.152862548828125,57.699283599853516,45.96205139160156,1
3778.0,616.5340576171875,0.9736841917037964,20.421630859375,183.13877868652344,174.8207244873047,3.748018980026245,49.55683517456055,34.350215911865234,1
463.5,91.55635070800781,1.4285714626312256,46.368255615234375,131.8396759033203,80.25555419921875,37.684837341308594,66.64383697509766,48.214927673339844,1
20829.5,1283.761474609375,1.5204678773880005,29.02118682861328,158.06126403808594,134.28240966796875,32.0633659362793,40.35516357421875,58.80554962158203,1
1928100.5,18560.111328125,1.0274876356124878,20.326292037963867,88.40290069580078,140.82493591308594,11.693415641784668,68.90716552734375,41.172882080078125,1
17313.0,530.1421508789062,1.188524603843689,51.52153778076172,232.29095458984375,184.2716827392578,42.581478118896484,39.03993606567383,70.43413543701172,1
1519.5,230.32589721679688,1.2765957117080688,64.29503631591797,82.28369140625,145.05284118652344,53.90877151489258,63.19171905517578,64.711181640625,1
5189.0,297.9066467285156,0.9569892287254333,36.51697540283203,108.79859924316406,114.7879638671875,44.465694427490234,65.19820404052734,81.0412826538086,1
990.0,126.0,1.0967742204666138,17.734344482421875,167.78558349609375,190.62808227539062,26.6072998046875,49.802490234375,35.70823287963867,1
71824.0,1072.0,1.0,12.789361953735352,90.14082336425781,96.07240295410156,23.505468368530273,109.41669464111328,101.46588134765625,1
22892.0,1815.6365966796875,1.0744186639785767,28.476089477539062,185.58937072753906,159.5757598876953,16.821279525756836,59.024803161621094,69.14824676513672,1
5862.5,508.5513000488281,1.204301118850708,42.082374572753906,160.24154663085938,133.6975860595703,46.64993667602539,66.00015258789062,58.55116653442383,1
1341.0,266.91168212890625,1.2083333730697632,45.86602020263672,144.57003784179688,138.58871459960938,30.32281494140625,68.14937591552734,63.96891784667969,1
6926.5,318.69342041015625,0.8799999952316284,137.83897399902344,138.19419860839844,97.46784210205078,59.11817169189453,87.47386169433594,82.7326889038086,1
2085.0,356.8528137207031,1.0,56.43266296386719,99.92520904541016,145.38011169433594,46.72197341918945,60.45503616333008,57.87468338012695,1
51076.0,904.0,1.0,48.51734161376953,53.75355529785156,90.53123474121094,58.102237701416016,59.335723876953125,100.88241577148438,1
4002.0,254.0,1.1864407062530518,48.720821380615234,150.236083984375,93.38063049316406,52.37049865722656,81.81245422363281,80.142578125,1
10368.0,408.0,1.123711347579956,76.63141632080078,38.898136138916016,170.69015502929688,52.462989807128906,42.434322357177734,62.693992614746094,1
100827.0,2703.876220703125,1.4487632513046265,33.59225082397461,128.00746154785156,155.74034118652344,25.33252716064453,39.57472610473633,57.04166030883789,1
2652.0,243.76449584960938,0.773809552192688,50.18937683105469,110.1565933227539,174.0492706298828,54.55956268310547,62.803565979003906,64.57115173339844,1
1568.0,241.2548370361328,1.7317073345184326,31.492271423339844,179.44898986816406,150.1195526123047,47.56108474731445,39.36750793457031,61.45183181762695,1
1001121.0,4156.0,1.736842155456543,19.839418411254883,62.48997497558594,117.28189086914062,17.403335571289062,48.5767936706543,55.74113845825195,1
10152.0,404.0,0.8715596199035645,43.4946403503418,142.87242126464844,69.93529510498047,43.97285842895508,99.91109466552734,74.89688873291016,1
61168.0,1170.8670654296875,1.177606225013733,46.186100006103516,135.2510528564453,89.89669036865234,38.150821685791016,67.51209259033203,50.438968658447266,1
120210.0,3201.2490234375,1.3333333730697632,31.97512435913086,122.137939453125,189.34291076660156,33.92299270629883,57.91006088256836,62.93627166748047,1
7349.5,329.66400146484375,0.9700000286102295,126.87174987792969,100.81102752685547,111.8250503540039,68.01105499267578,72.2098159790039,85.34325408935547,1
5347.5,302.9776916503906,0.9569892287254333,36.6119384765625,112.31581115722656,116.96629333496094,46.55637741088867,66.65913391113281,79.01036071777344,1
22443.0,612.9705810546875,0.8765432238578796,48.67992401123047,222.12623596191406,200.8238983154297,36.78721237182617,44.0937614440918,68.48070526123047,1
3771.0,348.8528137207031,0.72826087474823,38.4905891418457,236.10415649414062,159.23345947265625,21.390380859375,24.33734130859375,56.95473098754883,1
9814.0,646.249755859375,0.9801324605941772,41.195499420166016,227.5008544921875,141.403076171875,27.33160400390625,38.06639099121094,61.28767776489258,1
925.0,156.62741088867188,0.5625,50.23765563964844,208.71372985839844,127.85956573486328,23.14705467224121,35.14479446411133,40.32813262939453,1
7035.0,728.274169921875,2.026315689086914,50.42805862426758,153.60791015625,149.00128173828125,33.61777877807617,61.32190704345703,45.48937225341797,1
2876.5,273.4974670410156,1.1363636255264282,62.195152282714844,229.8169708251953,152.31959533691406,33.8635139465332,40.45608901977539,30.89760398864746,1
9764.5,594.8599243164062,0.9650349617004395,26.389631271362305,156.81651306152344,130.06735229492188,28.999422073364258,57.14073944091797,60.8802604675293,1
2508.0,235.94113159179688,1.0,28.470630645751953,169.58241271972656,148.77145385742188,19.149799346923828,60.39725112915039,67.97958374023438,1
92566.0,1221.39697265625,0.9125000238418579,48.133113861083984,132.91026306152344,157.51133728027344,36.83968734741211,59.86690902709961,74.55770111083984,1
5877.0,394.7939453125,0.49253731966018677,61.534034729003906,153.76910400390625,125.38670349121094,55.254051208496094,75.02408599853516,63.56061935424805,1
1465.0,242.16651916503906,0.8529411554336548,52.55375289916992,160.8344268798828,149.8235321044922,34.41957473754883,45.63558578491211,62.149742126464844,1
17199.0,1300.8670654296875,0.9666666388511658,19.236101150512695,166.7322540283203,200.4639892578125,28.776382446289062,51.22565460205078,50.67570877075195,1
6924.0,318.1076354980469,0.8799999952316284,137.7461395263672,136.9135284423828,97.76897430419922,59.18428421020508,87.04940795898438,82.82316589355469,1
280.5,126.04163360595703,0.8928571343421936,67.31714630126953,104.28571319580078,148.85714721679688,41.131141662597656,57.74714279174805,58.99667739868164,1
5928.0,308.0,0.9746835231781006,35.839717864990234,164.33880615234375,167.66529846191406,16.87891387939453,38.33267593383789,52.41371154785156,1
10498.5,688.0660400390625,0.3489583432674408,72.98079681396484,216.6354217529297,164.9226531982422,31.126340866088867,51.95451354980469,41.81422805786133,1
37014.0,770.0,1.0695186853408813,19.25096321105957,75.6300277709961,76.93855285644531,21.740283966064453,78.86852264404297,89.05927276611328,1
10877.0,1352.0975341796875,0.7368420958518982,40.64345932006836,99.56961822509766,148.11932373046875,29.858142852783203,60.861839294433594,74.74629211425781,1
12305.0,444.0,1.0740740299224854,19.034881591796875,105.4887466430664,64.36901092529297,29.529022216796875,108.16409301757812,87.47205352783203,1
13502.5,553.4873657226562,1.032679796218872,47.31124496459961,102.50070190429688,129.2014923095703,47.6534423828125,85.60543823242188,43.00615692138672,1
105561.0,1300.0,1.0503144264221191,21.82155418395996,132.2774200439453,120.53756713867188,21.258081436157227,105.92028045654297,102.87145233154297,1
2600.0,204.0,1.0392156839370728,44.18164825439453,192.4698486328125,87.29966735839844,37.207916259765625,73.51133728027344,70.68336486816406,1
8253.5,956.2568969726562,0.633093535900116,35.00310516357422,100.71394348144531,132.44546508789062,18.941448211669922,63.51517105102539,63.8844108581543,1
30593.0,2066.2294921875,1.147679328918457,45.947242736816406,166.76956176757812,167.87612915039062,51.61601638793945,42.42765426635742,72.02910614013672,1
7774.0,437.96551513671875,1.3043478727340698,42.73505401611328,193.13333129882812,144.26113891601562,25.46662712097168,47.62012481689453,45.195526123046875,1
3222.5,439.864990234375,0.4041095972061157,51.737403869628906,75.35059356689453,138.7904510498047,41.761566162109375,42.4218635559082,58.429893493652344,1
10573.0,412.0,1.1224489212036133,37.55398941040039,76.76753234863281,49.92782974243164,47.924110412597656,92.8669662475586,71.16243743896484,1
245.5,73.55635070800781,1.470588207244873,51.66117477416992,132.03294372558594,105.35529327392578,38.782203674316406,67.85762786865234,44.402950286865234,1
1971.5,195.35533142089844,2.057142972946167,47.92460250854492,131.86627197265625,181.16786193847656,33.516517639160156,57.574195861816406,46.18319320678711,1
1344422.0,6899.71240234375,0.9009537696838379,50.33219528198242,114.736572265625,135.3305206298828,49.399070739746094,65.89764404296875,33.95749282836914,1
147722.5,4042.358642578125,1.3333333730697632,37.92376708984375,164.36265563964844,173.33863830566406,42.391414642333984,41.254112243652344,58.19972229003906,1
506.0,90.0,1.04347825050354,36.385868072509766,179.81703186035156,154.9891357421875,12.989460945129395,42.813392639160156,55.689483642578125,1
16984.0,547.1614990234375,0.8070175647735596,40.14806365966797,88.10111236572266,121.90592193603516,44.56143569946289,65.3831558227539,42.95280838012695,1
899596.5,11627.0458984375,1.459259271621704,20.318769454956055,64.52921295166016,123.6566390991211,12.882550239562988,37.53092575073242,48.724430084228516,1
450.0,100.97056579589844,0.6875,24.934659957885742,112.98863983154297,167.70028686523438,2.383356809616089,47.48973846435547,46.54277420043945,1
5015.0,282.82843017578125,1.1492537260055542,69.86431121826172,213.416748046875,161.26303100585938,37.346126556396484,46.022281646728516,53.87532043457031,1
24550.0,746.0244140625,0.9397590160369873,41.93389129638672,125.16624450683594,141.66867065429688,34.03730392456055,50.69110107421875,68.3013916015625,1
181.0,99.79898834228516,0.8399999737739563,10.982856750488281,170.80380249023438,198.66856384277344,3.7474679946899414,54.16259002685547,31.696006774902344,1
4039.0,277.1127014160156,0.4554455578327179,38.7709846496582,110.42401885986328,117.88549041748047,39.07551956176758,66.34041595458984,60.93463134765625,1
17629.5,953.9625244140625,1.556962013244629,42.35136795043945,168.89703369140625,153.79299926757812,60.96086120605469,51.19731521606445,64.34200286865234,1
1547318.0,6734.3681640625,0.8638677000999451,57.83136749267578,94.8240737915039,123.47026062011719,48.85586166381836,65.08583068847656,49.55309295654297,1
2676.0,254.50965881347656,0.8194444179534912,18.661958694458008,180.4948272705078,105.8250961303711,3.3989505767822266,66.76615905761719,53.694705963134766,1
5383.0,317.480224609375,0.954023003578186,17.048192977905273,179.6204071044922,94.84420776367188,7.231288909912109,66.8177261352539,38.461212158203125,1
7774.0,437.96551513671875,1.3043478727340698,42.73505401611328,193.13333129882812,144.26113891601562,25.46662712097168,47.62012481689453,45.195526123046875,1
49175.5,2786.72607421875,1.0813252925872803,31.023517608642578,141.52114868164062,145.13124084472656,27.901103973388672,47.77648162841797,53.78840255737305,1
102.5,89.55635070800781,1.0499999523162842,11.921428680419922,171.64523315429688,223.4357147216797,5.327468395233154,54.526100158691406,39.98777389526367,1
3085.5,222.72792053222656,1.0714285373687744,77.83155059814453,84.1065444946289,170.95535278320312,44.099342346191406,56.864505767822266,70.02302551269531,1
2137.0,382.22540283203125,3.0,69.79557037353516,193.9977264404297,157.3951873779297,32.349430084228516,66.14524841308594,43.81050109863281,1
705.0,115.31370544433594,1.296296238899231,13.1661376953125,212.3280487060547,142.87513732910156,2.496328830718994,22.35723304748535,39.468658447265625,1
305059.0,2346.568603515625,1.3333333730697632,35.857757568359375,164.33154296875,167.67066955566406,16.95452117919922,38.33331298828125,52.37789535522461,1
199.0,58.828426361083984,1.2857142686843872,37.07143020629883,166.76190185546875,95.02381134033203,7.547393798828125,43.39024353027344,34.795196533203125,1
2768.5,322.8111877441406,1.7872340679168701,53.58713150024414,188.61524963378906,156.33865356445312,33.691471099853516,52.41064453125,49.74323654174805,1
24159.5,1553.182861328125,0.913223147392273,24.0108642578125,191.56039428710938,182.073486328125,25.309402465820312,79.32313537597656,54.23931884765625,1
10800.0,416.0,0.9266055226325989,52.57280349731445,91.533203125,82.18811798095703,53.17920684814453,91.39141845703125,86.98004150390625,1
1019.0,254.71067810058594,0.8181818127632141,50.669090270996094,138.61212158203125,141.51473999023438,56.585018157958984,55.844573974609375,60.3712158203125,1
14934.0,490.0,1.147826075553894,22.976613998413086,74.20684814453125,153.59683227539062,32.50642776489258,83.45397186279297,51.28329849243164,1
5049.0,300.0,0.5199999809265137,23.84384536743164,136.65846252441406,162.9001922607422,12.170828819274902,52.7929573059082,70.39356994628906,1
64008.0,1012.0,1.007905125617981,21.493682861328125,117.74016571044922,120.37811279296875,24.662992477416992,90.54496765136719,94.9299087524414,1
398830.5,7400.64111328125,1.0287140607833862,22.67717170715332,54.726051330566406,149.16888427734375,8.475095748901367,64.2829360961914,37.38491439819336,1
22134.5,1672.0213623046875,0.5625,19.05430793762207,81.04310607910156,123.47715759277344,6.667112827301025,30.245820999145508,44.91122055053711,1
19669.0,620.0,0.4054054021835327,59.308509826660156,114.45435333251953,155.59445190429688,45.10772705078125,95.3573989868164,46.536964416503906,1
351860.5,5178.82373046875,1.003134846687317,16.165870666503906,79.77417755126953,93.71041870117188,12.638872146606445,94.74346160888672,66.44023132324219,1
902982.0,4156.970703125,2.3548386096954346,26.45317268371582,66.97399139404297,133.00665283203125,26.795989990234375,27.34366798400879,60.45290756225586,1
35985.0,938.2396850585938,0.7935222387313843,39.387176513671875,182.94386291503906,126.67613220214844,33.62514114379883,66.05838775634766,69.09325408935547,1
1460898.0,13158.5224609375,0.7277536988258362,19.276060104370117,118.13523864746094,138.28317260742188,7.5820794105529785,70.77033996582031,52.02717208862305,1
8932.0,819.2203369140625,2.9538462162017822,68.88445281982422,199.0260467529297,158.87820434570312,33.16352081298828,64.50889587402344,43.889892578125,1
1555.5,236.1837615966797,0.7428571581840515,51.45466995239258,109.00823974609375,147.6107177734375,44.43010330200195,65.07221984863281,68.44017028808594,1
12753.0,452.0,0.9322034120559692,18.20824432373047,111.41818237304688,48.10416030883789,30.76438331604004,109.1716537475586,65.69176483154297,1
1573240.0,4900.7333984375,0.8909090757369995,36.686336517333984,144.54168701171875,118.4283676147461,34.650115966796875,62.13804626464844,47.89134979248047,1
1627.5,222.81118774414062,1.3773584365844727,19.18402671813965,168.90850830078125,147.5880126953125,29.658472061157227,54.401466369628906,88.46288299560547,1
1129534.0,5004.94287109375,0.7945984601974487,45.2122802734375,117.32125091552734,122.42208099365234,48.205780029296875,73.3817367553711,47.59160614013672,1
9103568.0,70319.40625,0.75,33.382442474365234,52.618770599365234,153.45484924316406,25.466386795043945,48.68775939941406,37.23684310913086,1
181790.5,4913.5546875,1.3333333730697632,35.472450256347656,163.21730041503906,164.51214599609375,20.027114868164062,66.12416076660156,57.83548355102539,1
5340.5,370.492431640625,1.5,87.62405395507812,175.02093505859375,138.2914581298828,74.0782241821289,65.10648345947266,72.89787292480469,1
7400.0,348.0,0.7425742745399475,30.048185348510742,121.10494995117188,59.13755798339844,38.231937408447266,105.68025970458984,82.33295440673828,1
1227333.0,5932.89794921875,1.0992063283920288,60.2093505859375,80.88143920898438,134.72732543945312,50.86771011352539,54.91465759277344,47.069679260253906,1
803594.0,4360.84521484375,1.1065088510513306,59.525047302246094,81.01786804199219,119.98455047607422,50.63746643066406,54.39303970336914,41.6486930847168,1
2670.5,495.5807189941406,1.1176470518112183,27.08107566833496,191.17202758789062,155.1582794189453,17.123600006103516,52.104183197021484,68.02326965332031,1
991.5,273.4974670410156,0.5,31.246620178222656,170.04786682128906,157.26365661621094,14.67781925201416,54.52370834350586,59.24676513671875,1
2098.0,387.25482177734375,3.366666555404663,25.861385345458984,142.2023162841797,93.29141998291016,37.2741584777832,74.41218566894531,38.37441635131836,1
22244.5,805.8305053710938,1.0718562602996826,16.726524353027344,160.5678253173828,125.71040344238281,16.330554962158203,70.12360382080078,40.78881072998047,1
6289.0,529.3624877929688,1.7176470756530762,89.2603530883789,129.03536987304688,195.19967651367188,66.31783294677734,57.163902282714844,39.61001968383789,1
26280.0,652.0,0.8121547102928162,55.555606842041016,229.0132293701172,183.7301025390625,32.93783187866211,35.1846923828125,47.57958984375,1
2343563.0,12995.7275390625,1.0265339612960815,62.4288215637207,111.5439682006836,116.7183609008789,51.10780334472656,77.47285461425781,58.407474517822266,1
2586.5,426.95330810546875,1.075757622718811,33.97610092163086,165.67434692382812,204.9511260986328,66.63700103759766,36.64021682739258,27.114770889282227,1
2390.0,361.6812438964844,1.3934426307678223,30.31552505493164,177.2977752685547,141.5388641357422,43.65155792236328,42.865806579589844,55.46662139892578,1
979.0,132.76954650878906,1.303030252456665,56.555320739746094,103.71035766601562,116.76321411132812,51.169647216796875,61.19247055053711,62.022560119628906,1
32978.0,746.62744140625,1.0971428155899048,49.1519660949707,161.7308349609375,178.48287963867188,18.953092575073242,42.5689811706543,38.7149772644043,1
35154.0,1229.4456787109375,1.100000023841858,39.132713317871094,178.59756469726562,149.6366424560547,26.335670471191406,44.304542541503906,54.21491241455078,1
653.0,201.45584106445312,0.9512194991111755,60.973106384277344,167.1876220703125,142.73358154296875,37.036903381347656,62.22605895996094,57.574806213378906,1
267.0,80.48528289794922,2.5,90.77777862548828,76.41666412353516,148.34165954589844,40.246334075927734,48.08521270751953,40.72349166870117,1
28620.0,678.0,0.8839778900146484,29.82113265991211,107.40548706054688,100.07209777832031,33.490692138671875,97.4710464477539,93.58570098876953,1
6339.0,670.6417236328125,1.13178288936615,20.431983947753906,145.45726013183594,152.736328125,15.766510009765625,57.6972770690918,62.86988067626953,1
3326.5,295.3553466796875,2.682926893234253,18.95698356628418,250.9461212158203,187.49977111816406,2.0086097717285156,4.500502586364746,33.18484115600586,1
2983.5,701.4630126953125,2.2931034564971924,26.4415340423584,170.28933715820312,146.1444091796875,14.516671180725098,30.829143524169922,52.462646484375,1
39280.5,824.384765625,0.9138755798339844,42.267391204833984,166.05722045898438,163.49954223632812,24.219127655029297,72.71703338623047,70.74627685546875,1
46330.0,862.0,1.101941704750061,17.997648239135742,96.79027557373047,154.83555603027344,20.998912811279297,70.55689239501953,48.417503356933594,1
67865.0,1044.0,1.130081295967102,21.042463302612305,131.58067321777344,135.89694213867188,20.49256134033203,106.2707748413086,107.17254638671875,1
124233.0,2255.567626953125,1.0798121690750122,48.41572189331055,118.37773895263672,125.8753433227539,39.160099029541016,64.5029067993164,60.97607421875,1
1167.5,184.9533233642578,1.0,27.16580581665039,131.54855346679688,118.68543243408203,24.056684494018555,62.375850677490234,56.54169845581055,1
179580.0,1696.0,0.9362186789512634,18.919702529907227,67.83677673339844,72.6699447631836,24.373750686645508,72.03626251220703,77.24934387207031,1
63753.5,1180.0660400390625,1.0,14.924209594726562,110.32301330566406,113.6695556640625,15.89261531829834,58.27851486206055,42.77131271362305,1
2137.0,188.42640686035156,1.058823585510254,22.388525009155273,156.75271606445312,98.86274719238281,2.875173330307007,44.55790328979492,50.33070755004883,1
1445.0,162.08326721191406,0.6666666865348816,50.32304382324219,123.55555725097656,91.52725982666016,38.59635543823242,66.82403564453125,48.77222442626953,1
5016.0,284.0,0.8701298832893372,69.9835205078125,216.16456604003906,163.9556121826172,37.31516647338867,47.541709899902344,55.703712463378906,1
302.0,143.7989959716797,3.0714285373687744,24.862125396728516,155.6328887939453,130.50332641601562,17.471454620361328,50.24272918701172,49.63037109375,1
1986.5,202.32589721679688,0.6774193644523621,53.34178161621094,103.02304077148438,138.713134765625,46.45390701293945,60.62647247314453,66.67204284667969,1
5500.0,310.0,0.5544554591178894,34.50777816772461,55.07213592529297,138.6425018310547,43.362709045410156,77.80669403076172,35.688968658447266,1
67934.0,1198.048828125,0.8846153616905212,48.1868782043457,137.99667358398438,150.3110809326172,35.104671478271484,71.20079040527344,62.99296951293945,1
58806.0,970.0,0.9959016442298889,14.56903076171875,79.09564208984375,86.0132064819336,29.216310501098633,105.74246978759766,97.58831024169922,1
1245.0,151.2548370361328,0.7083333134651184,44.96446228027344,134.12989807128906,91.24203491210938,36.63459014892578,69.21453857421875,47.785770416259766,1
25253.5,2182.070068359375,0.9666666388511658,30.75667381286621,173.7862548828125,161.22613525390625,22.659832000732422,42.550994873046875,56.310096740722656,1
5352.5,652.0071411132812,1.0740740299224854,31.00973892211914,196.4936981201172,165.64024353027344,13.780993461608887,55.916683197021484,76.26136779785156,1
6848.5,315.3797302246094,0.8399999737739563,133.10797119140625,153.61154174804688,85.06059265136719,61.53099060058594,88.90474700927734,81.06536102294922,1
1002.0,218.08326721191406,0.5303030014038086,63.051082611083984,88.02078247070312,171.72900390625,50.991886138916016,54.01790237426758,64.04279327392578,1
6220.5,704.0071411132812,0.7966101765632629,58.83618927001953,101.42940521240234,148.8649444580078,47.34765625,58.050506591796875,57.02048110961914,1
4947.5,280.2426452636719,1.1343283653259277,37.01374816894531,192.06166076660156,142.05125427246094,8.055886268615723,40.804141998291016,52.52769470214844,1
79890.0,2720.0185546875,0.9384615421295166,31.999021530151367,180.16278076171875,141.4033660888672,18.23141098022461,42.200618743896484,50.410560607910156,1
966361.0,4276.0,2.2923076152801514,27.408384323120117,63.0406608581543,132.7564239501953,29.710540771484375,30.755847930908203,58.46175003051758,1
4929.0,655.72998046875,1.9736841917037964,49.62254333496094,149.14193725585938,145.92166137695312,33.42873001098633,60.86168670654297,45.45818328857422,1
127432.5,2212.271240234375,1.7777777910232544,21.814708709716797,94.25410461425781,109.90282440185547,16.772424697875977,51.454532623291016,71.92323303222656,1
18511.5,591.6640014648438,1.6416666507720947,30.80380630493164,175.21197509765625,136.65025329589844,37.75028991699219,87.84245300292969,48.77001953125,1
976.5,134.87005615234375,0.6744186282157898,57.651161193847656,112.14354705810547,102.10746002197266,49.5749626159668,61.62178039550781,55.27228927612305,1
96096.0,1240.0,1.0129449367523193,36.2288932800293,87.732666015625,128.98974609375,42.046024322509766,86.38221740722656,92.58202362060547,1
8690.0,611.480224609375,1.873786449432373,22.1196231842041,137.9044647216797,208.12278747558594,48.789451599121094,44.8621940612793,53.790496826171875,1
668.5,177.698486328125,1.085714340209961,18.002256393432617,181.94886779785156,145.86767578125,15.622159957885742,53.14358901977539,69.56912994384766,1
306081.0,2236.0,1.3333333730697632,60.16222381591797,233.60830688476562,190.36978149414062,38.500457763671875,37.92426681518555,69.77467346191406,1
795.5,197.8406219482422,2.1666667461395264,19.750255584716797,140.76666259765625,137.68820190429688,7.213071346282959,57.729347229003906,48.44498062133789,1
6664.0,548.249755859375,1.2395833730697632,36.07318115234375,132.12001037597656,159.86256408691406,19.484651565551758,28.773082733154297,47.62556076049805,1
26531.5,1369.8204345703125,1.0657894611358643,17.784997940063477,167.28079223632812,160.25936889648438,25.496328353881836,53.24681091308594,59.17115020751953,1
40426.5,863.4974975585938,1.1088082790374756,47.47099304199219,121.1084213256836,156.22373962402344,35.695716857910156,52.67269515991211,56.082908630371094,1
997.5,157.5563507080078,1.0555555820465088,54.60380172729492,113.05921173095703,86.93421173095703,44.73857879638672,59.524776458740234,45.01007080078125,1
439.5,141.01219177246094,1.2333333492279053,25.711711883544922,176.56666564941406,160.08558654785156,40.097782135009766,61.36020278930664,65.017578125,1
5309.5,409.2375793457031,3.0196077823638916,45.149349212646484,158.281005859375,120.51374816894531,31.732833862304688,57.82037353515625,37.212589263916016,1
1813713.5,6184.78759765625,0.9679075479507446,44.60335159301758,117.29501342773438,120.53165435791016,44.70249557495117,65.3072280883789,40.0419921875,1
901.5,165.35533142089844,0.717391312122345,38.5546760559082,236.0658721923828,158.8827362060547,21.42998695373535,24.57870864868164,56.90888595581055,1
980.0,132.76954650878906,0.7674418687820435,58.73643493652344,104.95419311523438,117.09091186523438,52.48508834838867,61.22487258911133,62.74301528930664,1
307036.5,5555.25,1.1779141426086426,19.370609283447266,64.41352081298828,206.42977905273438,8.921781539916992,55.40079116821289,44.924739837646484,1
261959.5,4214.94140625,0.69147789478302,27.461856842041016,78.03433990478516,74.9415512084961,27.036422729492188,91.00634765625,37.23303985595703,1
15452.5,867.7716674804688,1.274999976158142,44.267616271972656,209.8241729736328,165.19363403320312,42.232208251953125,52.434722900390625,75.18309020996094,1
13054.0,458.0,0.8780487775802612,22.549684524536133,111.39724731445312,59.66734313964844,37.55428695678711,103.93375396728516,81.45781707763672,1
25695.5,950.3746948242188,1.751724123954773,32.82199478149414,221.47811889648438,145.93722534179688,23.713119506835938,36.58966827392578,52.51190185546875,1
56001.0,2486.51806640625,1.458781361579895,34.48916244506836,151.2693634033203,136.41026306152344,38.07835006713867,39.462039947509766,57.909671783447266,1
89700.0,1202.0,1.176895260810852,14.841841697692871,85.52359771728516,111.52906036376953,22.196535110473633,79.42939758300781,78.81917572021484,1
633.0,101.65685272216797,0.9285714030265808,19.958791732788086,134.8282928466797,82.95054626464844,14.608384132385254,26.555082321166992,32.20099639892578,1
13528.0,482.0,1.7000000476837158,26.23267936706543,76.988525390625,53.96797561645508,36.463623046875,94.36145782470703,71.5414047241211,1
4790777.5,79614.9453125,0.9197080135345459,23.220083236694336,67.28501892089844,152.48843383789062,14.85073184967041,54.706146240234375,40.648746490478516,1
973.0,136.76954650878906,1.303030252456665,48.710357666015625,122.71810913085938,99.53488159179688,36.84982681274414,64.32565307617188,54.87404251098633,1
3660.0,242.0,0.9838709831237793,30.730831146240234,47.374935150146484,140.99232482910156,44.73298645019531,72.4534683227539,33.4100227355957,1
5297.5,431.29644775390625,1.1034482717514038,46.49964141845703,122.75071716308594,190.69313049316406,33.99490737915039,49.89385986328125,41.97355270385742,1
448152.0,6225.212890625,1.0311492681503296,16.621417999267578,50.8382682800293,129.55609130859375,16.957494735717773,68.6781005859375,73.5675277709961,1
18407.0,1441.34228515625,1.0985221862792969,27.57173728942871,140.11180114746094,154.4149169921875,38.09196853637695,54.44986343383789,64.62802124023438,1
64065.5,5140.23486328125,0.9972527623176575,41.16338348388672,168.5406036376953,150.0050506591797,16.960765838623047,44.903987884521484,47.855499267578125,1
122150.0,1398.0,0.9971510171890259,23.060691833496094,116.42838287353516,94.46440887451172,30.77775764465332,112.64495086669922,97.76844787597656,1
2261.0,301.5390930175781,1.8421052694320679,18.939014434814453,141.82522583007812,107.81654357910156,10.434188842773438,68.90907287597656,53.06736373901367,1
15902.0,1332.54833984375,0.9107142686843872,37.535518646240234,135.802734375,146.6976776123047,17.96050262451172,49.89532470703125,60.988555908203125,1
24159.5,1553.182861328125,0.913223147392273,24.0108642578125,191.56039428710938,182.073486328125,25.309402465820312,79.32313537597656,54.23931884765625,1
745.5,131.8406219482422,0.7906976938247681,23.017099380493164,183.748291015625,123.35499572753906,24.87933349609375,53.65971374511719,65.45578002929688,1
86728.0,1178.0,0.9898989796638489,32.445396423339844,163.80282592773438,132.90383911132812,32.06676483154297,100.45496368408203,91.3184585571289,1
18448.0,964.4751586914062,0.9061033129692078,43.927486419677734,144.5929412841797,179.2425079345703,31.47027587890625,57.51698303222656,56.955997467041016,1
21130.5,1901.4915771484375,1.030701756477356,31.270605087280273,141.21267700195312,145.14559936523438,27.78837013244629,47.537811279296875,53.39098358154297,1
38214.0,782.0,0.9748743772506714,22.739988327026367,104.23079681396484,106.34429931640625,21.91718101501465,84.83356475830078,90.8915786743164,1
2905.5,215.8994903564453,1.1538461446762085,71.2823715209961,77.25929260253906,150.02915954589844,54.363521575927734,61.22222900390625,63.26664352416992,1
4141.0,259.313720703125,1.1269841194152832,80.08964538574219,80.21663665771484,175.72210693359375,45.729976654052734,55.76390838623047,68.70446014404297,1
6583.5,687.9137573242188,1.066176414489746,21.52241325378418,143.11216735839844,152.43783569335938,15.786269187927246,55.95173645019531,61.63356018066406,1
21099.5,1290.801025390625,1.7777777910232544,22.632080078125,76.86490631103516,118.58647918701172,8.53141975402832,48.69195556640625,48.73222351074219,1
637.5,150.0416259765625,1.8260869979858398,54.10144805908203,183.85403442382812,155.1387176513672,32.590980529785156,51.41388702392578,49.577423095703125,1
1095.5,223.01219177246094,1.1363636255264282,17.220455169677734,173.06227111816406,148.82363891601562,19.67684555053711,48.056854248046875,67.1172103881836,1
1062210.0,4049.992431640625,0.9505448341369629,46.07109451293945,119.99481201171875,124.0467529296875,46.929161071777344,64.74706268310547,45.44625473022461,1
268.0,83.31370544433594,1.9333332777023315,5.763218402862549,207.74252319335938,155.3655242919922,3.5097930431365967,35.27615737915039,42.8072624206543,1
11187.0,424.0,1.1399999856948853,37.085350036621094,194.1909637451172,142.50631713867188,8.203989028930664,37.24617004394531,52.275306701660156,1
503452.0,7851.25146484375,1.0041841268539429,26.734495162963867,48.90898895263672,158.20962524414062,14.526044845581055,65.16310119628906,39.96040725708008,1
2006695.5,8053.07568359375,0.9140034914016724,52.66668701171875,64.7255630493164,98.67814636230469,44.024681091308594,33.899837493896484,49.637508392333984,1
136125.0,1476.0,0.9680851101875305,14.95038890838623,85.04629516601562,66.29767608642578,27.911874771118164,89.32624053955078,77.3812484741211,1
15053.5,1373.913818359375,0.9281437397003174,34.34201431274414,162.90882873535156,164.49375915527344,18.708791732788086,66.81185913085938,57.88058090209961,1
1001121.0,4156.0,0.5757575631141663,22.467288970947266,66.41285705566406,107.04510498046875,17.390466690063477,47.665531158447266,59.841121673583984,1
1624.5,270.1248779296875,1.600000023841858,11.164505958557129,173.42684936523438,147.325927734375,6.692711353302002,47.6033935546875,64.42118072509766,1
3594.5,238.24264526367188,0.9365079402923584,30.982513427734375,168.13478088378906,137.55421447753906,23.667320251464844,36.60605239868164,42.759822845458984,1
1458.0,151.05381774902344,1.0222222805023193,28.103382110595703,112.05506896972656,127.12657165527344,29.651859283447266,58.050743103027344,52.01582336425781,1
1090.0,216.42640686035156,2.1379311084747314,28.50444984436035,204.61624145507812,98.73358917236328,13.496126174926758,35.79136657714844,43.82101058959961,1
1816.0,170.4852752685547,0.795918345451355,16.75405502319336,174.17530822753906,143.2506561279297,11.85748291015625,54.80323028564453,60.32048797607422,1
553395.0,9291.0263671875,0.5625,23.45402717590332,66.30332946777344,116.52931213378906,15.452675819396973,36.471717834472656,52.94956970214844,1
2338.0,244.22540283203125,1.4897959232330322,46.69723129272461,120.9837875366211,120.54794311523438,38.467647552490234,63.08106231689453,58.82530975341797,1
3229447.0,47932.5625,0.7123816013336182,21.093969345092773,67.38909149169922,151.9303741455078,7.803249835968018,52.51655578613281,42.741477966308594,1
652496.5,8256.107421875,1.7777777910232544,21.368610382080078,73.59008026123047,118.4227066040039,11.666189193725586,38.40205001831055,48.47117614746094,1
23346.0,1326.9158935546875,1.3081080913543701,33.29008102416992,154.36907958984375,133.693115234375,40.0013313293457,40.1382942199707,60.2860107421875,1
223144.0,4075.179931640625,1.3333333730697632,68.92214965820312,198.56219482421875,158.9497528076172,33.16401672363281,64.3137435913086,43.91225051879883,1
102617.5,1904.8641357421875,1.473520278930664,20.424118041992188,187.36993408203125,113.0246353149414,22.884737014770508,49.17506790161133,56.42369079589844,1
380.0,78.0,1.0499999523162842,28.50238037109375,168.40237426757812,153.03094482421875,30.022571563720703,47.66747283935547,63.5213623046875,1
1482.5,157.6396026611328,0.9583333134651184,24.42119598388672,111.42889404296875,128.2640380859375,26.784282684326172,58.25693893432617,51.47342300415039,1
8142.5,360.2426452636719,1.1034482717514038,49.09650421142578,161.72940063476562,178.48934936523438,18.838871002197266,42.59911346435547,38.766517639160156,1
623.5,185.6396026611328,1.1578947305679321,17.4288272857666,188.6154327392578,166.2416229248047,12.403684616088867,52.312583923339844,65.92070007324219,1
7921.0,400.6274108886719,1.8507462739944458,18.148530960083008,175.39552307128906,93.74458312988281,20.98766326904297,67.17977142333984,44.337005615234375,1
9690.5,427.2375793457031,1.174311876296997,62.107295989990234,143.42453002929688,108.36460876464844,37.29465866088867,65.71145629882812,86.8542251586914,1
130.5,49.89949417114258,1.4166666269302368,16.259803771972656,154.3872528076172,130.7401885986328,4.909589767456055,32.16169357299805,43.68375778198242,1
883.5,194.32589721679688,0.625,32.95153045654297,180.87652587890625,133.96377563476562,46.657142639160156,41.4263916015625,67.35528564453125,1
70952.5,1066.6690673828125,1.1304347515106201,48.1868782043457,137.99667358398438,150.3110809326172,35.104671478271484,71.20066833496094,62.99296951293945,1
6088.0,685.2447509765625,0.9090909361839294,24.0822696685791,192.0127716064453,181.892333984375,25.448890686035156,78.96900939941406,54.29121017456055,1
17028.0,522.0,1.0230768918991089,66.93135070800781,122.66263580322266,144.45321655273438,43.45699691772461,97.69393157958984,36.60367202758789,1
3855.5,255.5563507080078,0.6097561120986938,83.98805236816406,91.8765869140625,169.00901794433594,49.83660888671875,47.59268569946289,72.1880111694336,1
99395.5,1470.98193359375,1.1174935102462769,26.452428817749023,123.758544921875,120.80097961425781,21.714847564697266,64.60914611816406,57.24836349487305,1
369383.0,6356.1201171875,0.8352668285369873,24.43265724182129,72.20174407958984,115.98270416259766,15.974125862121582,48.133026123046875,53.92562484741211,1
1546.0,359.88226318359375,1.2075471878051758,29.121461868286133,149.3387451171875,183.69044494628906,23.875869750976562,45.18391418457031,69.25747680664062,1
174699.0,1672.0,1.024154543876648,25.62856674194336,70.75663757324219,83.84134674072266,36.05718994140625,79.41914367675781,95.57878112792969,1
1122.0,166.56854248046875,0.7636363506317139,52.638526916503906,176.2662353515625,141.77316284179688,34.30814743041992,38.86810302734375,60.948787689208984,1
15649.5,1069.5462646484375,1.2721519470214844,37.95685958862305,164.3636932373047,173.3361358642578,42.43351745605469,41.252620697021484,58.196903228759766,1
1543.0,360.7106628417969,0.828125,29.558961868286133,148.36585998535156,183.09786987304688,24.743722915649414,45.69810485839844,68.64812469482422,1
7236.0,323.4213562011719,0.9300000071525574,130.88731384277344,119.49193572998047,103.95484161376953,65.0821304321289,79.6380386352539,83.04283905029297,1
1119.5,224.1837615966797,1.1111111640930176,16.913333892822266,172.8275604248047,150.4137725830078,19.423538208007812,48.55651092529297,67.54767608642578,1
208393.5,1905.4385986328125,0.9125000238418579,48.11494827270508,132.90440368652344,157.5298309326172,36.819847106933594,59.86088562011719,74.57069396972656,1
7839.0,349.1127014160156,1.0111111402511597,37.74359130859375,155.7146453857422,122.61160278320312,50.20631408691406,57.26744842529297,56.53508758544922,1
5360.0,294.0,0.8395061492919922,46.42320251464844,140.47731018066406,84.41830444335938,45.570159912109375,98.77555847167969,92.00896453857422,1
1289.5,299.095458984375,0.4842105209827423,33.47871780395508,187.2141876220703,139.15103149414062,29.32539939880371,49.095699310302734,65.8748550415039,1
7691.5,558.55126953125,0.9708737730979919,63.70184326171875,197.84738159179688,153.95970153808594,33.091827392578125,52.70243453979492,45.36516189575195,1
120.5,65.89949798583984,1.0625,21.08823585510254,156.00735473632812,200.44117736816406,5.921012878417969,51.73276901245117,39.12907791137695,1
5377.0,293.5634765625,0.9888888597488403,39.152435302734375,116.39987182617188,113.7571792602539,48.67626953125,64.33963775634766,75.70465850830078,1
2084.0,358.5096740722656,1.0,56.61822509765625,99.1505355834961,145.10177612304688,47.18523406982422,60.06382751464844,57.885440826416016,1
6768.0,318.4508056640625,0.8399999737739563,132.85333251953125,152.3175048828125,87.14488220214844,61.850807189941406,89.5289306640625,81.99752044677734,1
9548.0,402.0,0.6240000128746033,29.660717010498047,64.1387710571289,151.8719024658203,34.88777542114258,69.80799102783203,52.81836700439453,1
17807.0,537.646728515625,0.89570552110672,38.75522994995117,88.53441619873047,121.64097595214844,43.5557861328125,61.861427307128906,41.540096282958984,1
5217.0,289.6568603515625,0.8974359035491943,19.342124938964844,163.99468994140625,113.11721801757812,8.375361442565918,74.55743408203125,54.49519348144531,1
235793.0,4137.02783203125,1.3333333730697632,47.379478454589844,160.8329620361328,175.59429931640625,12.815058708190918,42.92362594604492,40.215084075927734,1
1241.0,150.42640686035156,0.7083333134651184,45.33517074584961,135.217529296875,91.36764526367188,37.115379333496094,69.00849151611328,47.59492111206055,1
1378514.0,4544.349609375,1.0091116428375244,45.20100784301758,131.02212524414062,129.2769317626953,44.69363784790039,71.19206237792969,50.62826919555664,1
6206.0,522.19091796875,0.8655462265014648,35.45892333984375,208.1798095703125,154.80264282226562,28.779457092285156,42.277381896972656,45.58102035522461,1
12838.0,677.3280029296875,1.637795329093933,30.882495880126953,149.06776428222656,122.67561340332031,16.897558212280273,53.45764923095703,62.47390365600586,1
15217.0,566.7350463867188,1.0503597259521484,71.96308898925781,115.4056396484375,122.36158752441406,55.43497085571289,43.559669494628906,60.43927764892578,1
27102.5,2132.37890625,1.1422593593597412,45.395851135253906,164.76824951171875,167.39759826660156,51.548736572265625,45.91578674316406,71.7271499633789,1
9512.5,1141.428466796875,1.0859375,39.07638168334961,161.20970153808594,166.58863830566406,37.51371765136719,42.98124694824219,61.77956008911133,1
410.5,124.87005615234375,1.1481481790542603,51.03584289550781,125.87216186523438,106.91995239257812,46.53816223144531,65.8043441772461,42.107723236083984,1
260014.0,6463.44384765625,1.0798649787902832,17.730619430541992,48.17723846435547,98.42842102050781,17.225183486938477,48.3572883605957,73.12403869628906,1
24166.5,622.2426147460938,0.9685534834861755,35.85314178466797,164.33615112304688,167.6683807373047,16.947546005249023,38.33142852783203,52.37446594238281,1
1440778.0,18341.671875,0.5625,18.490964889526367,80.0061264038086,122.20777893066406,6.201251983642578,27.597042083740234,44.51905822753906,1
46381.0,1307.4945068359375,1.0664206743240356,34.34867477416992,188.49203491210938,170.6936798095703,40.223384857177734,44.331787109375,58.30392074584961,1
1240.5,219.49746704101562,1.10869562625885,40.043052673339844,102.44245147705078,145.08013916015625,41.21574401855469,70.9420166015625,65.574462890625,1
30134.5,1144.0213623046875,1.575757622718811,23.250629425048828,174.33544921875,105.15680694580078,26.62586212158203,52.77967834472656,54.61561965942383,1
9682.0,394.0,1.0947368144989014,37.91710662841797,136.82196044921875,71.08258819580078,35.810462951660156,96.42832946777344,74.19271850585938,1
9764.5,594.8599243164062,1.0362318754196167,26.389631271362305,156.81675720214844,130.06735229492188,28.999422073364258,57.14047622680664,60.8802604675293,1
26280.0,652.0,0.8121547102928162,55.554290771484375,229.63265991210938,183.28158569335938,32.9512825012207,35.13818359375,47.63138198852539,1
7323.5,778.4335327148438,1.1401869058609009,29.429983139038086,142.3596649169922,163.5763702392578,15.042072296142578,43.02406311035156,52.60096740722656,1
1686.0,167.7401123046875,0.9387755393981934,24.91570472717285,109.92058563232422,129.81588745117188,27.243682861328125,59.22895812988281,52.639347076416016,1
1519.5,230.32589721679688,0.7833333611488342,63.98368835449219,82.764892578125,144.92623901367188,53.243988037109375,63.775779724121094,64.5914535522461,1
1286.5,253.8406219482422,1.0,79.0765609741211,126.81805419921875,174.73866271972656,78.55673217773438,59.790653228759766,38.28612518310547,1
4804.0,338.2842712402344,1.1323529481887817,26.964284896850586,185.70550537109375,155.9182586669922,15.699298858642578,57.25554656982422,68.6039047241211,1
9377.5,625.4630126953125,1.0416666269302368,39.004859924316406,227.0184326171875,139.144775390625,26.683624267578125,44.03491973876953,61.28584671020508,1
19154.0,558.0,1.284552812576294,37.04651641845703,145.51837158203125,148.0597381591797,15.851249694824219,42.364192962646484,68.79426574707031,1
6745.5,319.864990234375,0.8500000238418579,134.1215362548828,150.12176513671875,90.32705688476562,61.25399398803711,90.67243194580078,83.48023223876953,1
504.0,121.79898834228516,3.4666666984558105,21.576923370361328,142.76153564453125,108.41153717041016,2.4761385917663574,47.74550247192383,61.871337890625,1
18263.5,829.9482421875,1.5912408828735352,36.70501708984375,242.191650390625,139.02450561523438,25.049196243286133,20.55858612060547,72.3878173828125,1
1537056.5,6671.70947265625,0.8521626591682434,55.821468353271484,78.24520111083984,117.22054290771484,48.72080993652344,50.33650207519531,40.400962829589844,1
1236.0,220.08326721191406,1.10869562625885,40.989341735839844,101.9889144897461,145.05625915527344,42.0995979309082,70.35387420654297,65.52442169189453,1
13200.5,1357.286376953125,1.1336634159088135,36.2558708190918,175.42015075683594,172.71961975097656,24.426477432250977,82.06605529785156,66.25055694580078,1
9384.0,388.0,0.9029126167297363,41.110450744628906,78.15868377685547,54.867835998535156,50.402793884277344,98.52471160888672,82.58269500732422,1
1573.0,272.7695617675781,1.4509804248809814,26.697933197021484,181.0076904296875,151.83201599121094,13.069579124450684,46.47929000854492,60.35532760620117,1
18279.0,715.9310302734375,0.9820359349250793,43.984920501708984,86.29629516601562,122.4994888305664,45.695274353027344,67.53628540039062,44.246070861816406,1
1033.0,340.9360656738281,2.0,57.230159759521484,181.5734100341797,149.8007354736328,34.2269401550293,58.62902069091797,48.19403839111328,1
1947.0,428.8528137207031,3.7567567825317383,32.03441619873047,122.34687805175781,189.10150146484375,33.8544807434082,58.33693313598633,62.67889404296875,1
5694.0,302.0,0.9367088675498962,27.25333595275879,75.7340087890625,35.08552932739258,51.08009719848633,102.56591033935547,67.15471649169922,1
14255.5,2018.413330078125,0.6770833134651184,55.350521087646484,76.21786499023438,136.9434356689453,34.321102142333984,58.342063903808594,63.94218826293945,1
24929.5,770.9432373046875,0.7874395847320557,39.61213302612305,182.46217346191406,127.08597564697266,33.758216857910156,66.35179138183594,69.26991271972656,1
75618.5,4618.27978515625,1.0027700662612915,41.6201171875,170.41064453125,150.24920654296875,16.487876892089844,41.47359085083008,48.06378173828125,1
12191.0,970.607177734375,0.9722222089767456,26.677396774291992,149.44187927246094,150.33885192871094,26.506311416625977,56.28334426879883,55.60162353515625,1
3916.5,259.9827575683594,1.1492537260055542,24.85423469543457,172.89610290527344,214.09710693359375,22.09087371826172,84.23358154296875,29.037578582763672,1
4821.0,281.6568603515625,1.399999976158142,38.70932388305664,161.0579376220703,141.15774536132812,7.625395774841309,45.95723342895508,42.77389144897461,1
1184.0,138.0,1.1515151262283325,36.73524856567383,192.9146728515625,142.1921844482422,7.582197189331055,35.324649810791016,49.80557632446289,1
16396.5,882.1736450195312,1.2469135522842407,45.05540466308594,212.91122436523438,166.88912963867188,42.05929183959961,45.64854049682617,75.54373931884766,1
45547.0,1079.8721923828125,0.9838056564331055,44.26407241821289,173.96717834472656,165.90748596191406,38.22982406616211,49.1302375793457,65.4776840209961,1
3021700.0,16196.3583984375,1.0365463495254517,16.354888916015625,96.20724487304688,130.07057189941406,7.95172119140625,65.36282348632812,50.935997009277344,1
7185.5,364.18377685546875,1.1136363744735718,28.295223236083984,111.48619842529297,158.16697692871094,18.194917678833008,46.72425842285156,46.439300537109375,1
31296.0,710.0,0.8497409224510193,60.15468215942383,233.60719299316406,190.36935424804688,38.495140075683594,37.90206527709961,69.7740249633789,1
749.5,132.66905212402344,1.2285714149475098,22.248504638671875,184.9229278564453,124.63189697265625,24.03910255432129,55.48994827270508,66.73778533935547,1
40900.5,1493.0853271484375,1.4463276863098145,33.59469985961914,128.0121612548828,155.73829650878906,25.334671020507812,39.58926010131836,57.04747009277344,1
410217.5,6523.69091796875,1.4986110925674438,21.604806900024414,63.52366638183594,120.60484313964844,14.93627643585205,42.86406326293945,52.37736511230469,1
4897.5,470.61016845703125,0.8257575631141663,41.65290451049805,237.75827026367188,221.62454223632812,28.944162368774414,30.30626106262207,32.42526626586914,1
38738.0,2225.80322265625,1.24210524559021,32.09474563598633,200.65830993652344,207.28121948242188,16.908897399902344,57.93921661376953,52.217933654785156,1
851.0,118.97056579589844,1.3214285373687744,15.734556198120117,148.71041870117188,66.43436431884766,3.6199793815612793,69.22596740722656,27.309404373168945,1
35259.5,1567.51171875,0.8288973569869995,41.54780578613281,239.7965850830078,176.195556640625,28.266130447387695,26.130657196044922,69.58492279052734,1
142122.0,4698.400390625,1.3333333730697632,28.467350006103516,185.59051513671875,159.57794189453125,16.785005569458008,59.01179122924805,69.15253448486328,1
3189.0,367.88226318359375,0.9134615659713745,40.43815612792969,123.77935028076172,209.23219299316406,25.915082931518555,62.86140060424805,53.322872161865234,1
7395.0,344.0,1.0232558250427246,51.257266998291016,90.8394546508789,94.46167755126953,50.87548828125,92.76680755615234,100.07295227050781,1
10922.0,426.0,0.6796875,33.37724685668945,83.28034973144531,43.582794189453125,48.083553314208984,98.9377212524414,65.94403076171875,1
14780.0,569.3624877929688,0.7309941649436951,31.948022842407227,159.08944702148438,157.5413360595703,35.891902923583984,88.41310119628906,57.68981170654297,1
12325.0,460.0,0.5890411138534546,29.869464874267578,89.5169677734375,47.70834732055664,44.47715759277344,100.96794128417969,69.93018341064453,1
30600.0,2083.2001953125,1.4797687530517578,78.53901672363281,94.08040618896484,111.3224105834961,60.98855972290039,59.59818649291992,39.91588592529297,1
294625.0,3598.5869140625,1.3333333730697632,36.650577545166016,182.2474365234375,157.16468811035156,13.959200859069824,43.68248748779297,59.7570915222168,1
21940.5,876.2813110351562,0.9758453965187073,24.85423469543457,160.3481903076172,130.34689331054688,28.914569854736328,56.09715270996094,61.75774002075195,1
3705.5,243.07106018066406,1.101694941520691,38.45267105102539,178.58383178710938,137.19764709472656,41.88054656982422,39.43191146850586,54.453392028808594,1
7521.5,729.0365600585938,0.32258063554763794,66.00035858154297,195.06488037109375,172.77061462402344,31.421184539794922,44.13803482055664,53.689029693603516,1
773767.5,5467.0087890625,1.2753623723983765,55.127079010009766,97.6285171508789,145.9504852294922,55.193939208984375,72.62850189208984,45.55807876586914,1
3274.0,228.16651916503906,1.029850721359253,26.4810733795166,112.74929809570312,126.97209930419922,25.588069915771484,58.306121826171875,51.90730667114258,1
236693.0,5255.64892578125,0.7858880758285522,21.777387619018555,88.59185028076172,66.67362976074219,16.552505493164062,90.73483276367188,38.91096115112305,1
638.0,121.31370544433594,1.8636363744735718,14.839245796203613,157.01551818847656,103.50332641601562,12.460210800170898,55.54582977294922,51.146732330322266,1
5254.0,290.0,0.9599999785423279,55.58833312988281,104.29240417480469,80.09352111816406,49.4295654296875,92.75960540771484,84.23826599121094,1
271753.0,3157.69970703125,1.3333333730697632,49.1437873840332,161.88189697265625,127.62642669677734,58.839988708496094,61.03407669067383,66.28617858886719,1
39307.5,802.325927734375,0.9138755798339844,42.267391204833984,166.05722045898438,163.49954223632812,24.219127655029297,72.71703338623047,70.74627685546875,1
1811.0,257.7401123046875,1.454545497894287,25.844318389892578,96.09249877929688,171.76568603515625,31.0414981842041,44.520851135253906,61.058895111083984,1
8077.5,557.4873657226562,1.5714285373687744,42.49443054199219,168.85633850097656,153.61195373535156,60.9478645324707,51.14148712158203,64.2967529296875,1
136623.5,3216.7119140625,1.125,21.202272415161133,63.537925720214844,120.61425018310547,13.803909301757812,42.9588737487793,52.36125946044922,1
8640.0,372.0,1.0659340620040894,62.66591262817383,90.86371612548828,86.83879089355469,52.71193313598633,90.60104370117188,92.52528381347656,1
34776.0,746.0,1.0270270109176636,10.936984062194824,89.02387237548828,55.076927185058594,11.29884147644043,99.76654052734375,62.44662857055664,1
116458.0,2924.03271484375,1.7297297716140747,16.670570373535156,171.88632202148438,154.2145233154297,18.31023597717285,48.22077941894531,67.97728729248047,1
81186.0,1433.2000732421875,0.7951482534408569,39.479591369628906,182.609619140625,127.2260971069336,33.67780685424805,66.17555236816406,69.29802703857422,1
1855347.0,5464.0,1.1629747152328491,10.143453598022461,47.440921783447266,53.62131881713867,15.02304744720459,53.79317092895508,69.28013610839844,1
203.5,66.38477325439453,0.625,12.211111068725586,172.5749969482422,216.69444274902344,3.895850896835327,24.082841873168945,28.153762817382812,1
888.5,272.6690368652344,3.7200000286102295,31.87354850769043,122.26580810546875,189.10537719726562,33.293617248535156,57.848411560058594,62.52613067626953,1
51621.5,990.0660400390625,1.0131003856658936,38.03252410888672,138.8646240234375,143.86929321289062,31.791866302490234,56.839996337890625,56.296749114990234,1
22000.0,602.0,0.7118644118309021,25.547664642333984,78.03174591064453,70.53228759765625,29.524415969848633,85.83462524414062,80.88032531738281,1
567.0,323.7401123046875,0.3661971688270569,25.877031326293945,161.71505737304688,158.64842224121094,16.855241775512695,56.05473327636719,57.8521728515625,1
60198.0,982.0,1.0714285373687744,19.856170654296875,86.00495910644531,90.69747924804688,36.07188034057617,87.34978485107422,96.27008056640625,1
1806.0,170.0,0.9772727489471436,21.662261962890625,194.2140655517578,150.2378387451172,19.2802734375,42.80430221557617,61.11579895019531,1
2786.5,441.92388916015625,0.9759036302566528,60.2130012512207,168.77748107910156,145.26089477539062,36.37841033935547,62.52918243408203,57.78049087524414,1
1448.5,206.52691650390625,1.5405405759811401,31.62636375427246,215.1270751953125,120.778564453125,8.210124969482422,36.3884391784668,57.27956008911133,1
16665.0,1070.1807861328125,1.203703761100769,18.23956871032715,162.23526000976562,177.1619110107422,14.723535537719727,95.00869750976562,41.4250373840332,1
4932.0,330.2497863769531,0.9100000262260437,31.479450225830078,79.7376937866211,150.24681091308594,42.318729400634766,59.30155563354492,78.95670318603516,1
425157.0,3210.915771484375,3.3773086071014404,22.250049591064453,94.57980346679688,94.02766418457031,17.451021194458008,45.50334930419922,49.95579528808594,1
1862.0,185.31370544433594,1.116279125213623,54.20494079589844,178.8643341064453,186.14341735839844,33.98371124267578,67.53662872314453,62.092079162597656,1
4588.0,495.8233642578125,0.9890109896659851,37.50732421875,158.53663635253906,123.23259735107422,49.936649322509766,57.22371292114258,56.64033508300781,1
559.0,110.6274185180664,0.6666666865348816,44.04166793823242,119.94676208496094,117.92361450195312,36.31467056274414,65.57070922851562,57.36847686767578,1
62001.0,996.0,1.0,38.11248016357422,59.967247009277344,86.39749145507812,49.19029235839844,72.99149322509766,99.32327270507812,1
15683.0,636.6517944335938,2.224489688873291,19.310943603515625,250.72930908203125,176.0299530029297,2.559051752090454,6.173638820648193,42.85511779785156,1
18006.0,899.2447509765625,1.307692289352417,26.038593292236328,174.842529296875,169.2886962890625,30.96818733215332,90.32617950439453,59.90293502807617,1
1620.5,327.3797302246094,0.8285714387893677,74.7522201538086,132.09925842285156,131.4862060546875,38.89007568359375,53.58038330078125,56.01061248779297,1
1505.5,291.6396179199219,2.5833332538604736,38.92771911621094,111.92293548583984,120.93428802490234,26.856651306152344,59.25885772705078,52.18131637573242,1
1370578.0,18082.79296875,1.134543538093567,20.82021141052246,97.51670837402344,160.13075256347656,9.09392261505127,55.79111099243164,50.13529968261719,1
1023.0,254.71067810058594,1.2222222089767456,49.25090789794922,138.56362915039062,141.96282958984375,54.95969772338867,55.539981842041016,60.87704086303711,1
1242.0,220.91168212890625,0.9019607901573181,40.641090393066406,102.39258575439453,144.86572265625,41.98725128173828,70.95037078857422,65.26824951171875,1
22892.0,1815.6365966796875,0.9307359457015991,28.476089477539062,185.58924865722656,159.5757598876953,16.821279525756836,59.02479934692383,69.14824676513672,1
97754.5,1379.722900390625,0.9384615421295166,31.999021530151367,180.16278076171875,141.4033660888672,18.23141098022461,42.200618743896484,50.410560607910156,1
1407.5,160.66905212402344,1.4166666269302368,44.1225471496582,135.42591857910156,88.19989013671875,36.98163604736328,68.26630401611328,43.86642837524414,1
4692.0,274.0,0.9857142567634583,41.575984954833984,151.1902618408203,64.12774658203125,50.67133712768555,96.42912292480469,74.70035552978516,1
19865.0,564.0,1.0579710006713867,19.281814575195312,122.17937469482422,151.4046630859375,18.553302764892578,104.994384765625,62.844520568847656,1
32614.5,1478.555419921875,0.8223938345909119,28.446027755737305,160.76133728027344,106.25761413574219,25.439958572387695,55.09233474731445,50.94818878173828,1
349.5,74.0416259765625,1.0952380895614624,20.799171447753906,116.1469955444336,122.86542510986328,13.438573837280273,57.946441650390625,48.82139205932617,1
9434.0,390.0,0.84112149477005,66.90570831298828,41.83198165893555,155.8967742919922,53.88553237915039,50.530094146728516,50.99396896362305,1
9492.0,561.4213256835938,0.9140625,60.20332717895508,131.2947998046875,113.44317626953125,47.12744903564453,67.99746704101562,69.21752166748047,1
911.0,141.11270141601562,1.0833333730697632,41.53133773803711,144.4508514404297,94.68589782714844,28.526636123657227,57.67219543457031,57.4001579284668,1
1612.5,328.5513000488281,1.2068965435028076,74.82685089111328,131.83990478515625,131.37783813476562,39.45665740966797,52.99082565307617,55.931129455566406,1
2652.0,243.76449584960938,1.292307734489441,50.18937683105469,110.15677642822266,174.0492706298828,54.55956268310547,62.80331802368164,64.57115173339844,1
88640.0,2210.312744140625,0.731249988079071,24.315420150756836,197.97042846679688,141.9022216796875,18.23710823059082,54.42949295043945,70.37089538574219,1
10578.0,418.0,1.4252873659133911,34.809974670410156,123.71551513671875,58.01316452026367,43.846580505371094,111.8318862915039,79.6203842163086,1
4950.0,282.0,1.1343283653259277,36.95502853393555,194.9672088623047,142.43087768554688,8.151557922363281,38.35977554321289,52.61758041381836,1
18329.0,832.877197265625,1.5912408828735352,36.67839813232422,242.95654296875,138.57286071777344,25.045053482055664,20.28830909729004,72.4730224609375,1
5049.0,300.0,1.923076868057251,23.446922302246094,137.54615783691406,162.81558227539062,11.691394805908203,53.44620132446289,70.21380615234375,1
19045.0,1275.896484375,0.6636363863945007,36.49710464477539,172.50682067871094,182.55601501464844,20.50005531311035,49.259788513183594,44.65618896484375,1
1412.0,162.08326721191406,0.7254902124404907,44.2607307434082,136.52993774414062,90.30895233154297,37.367122650146484,67.50890350341797,44.83405685424805,1
95361.0,1235.313720703125,0.977707028388977,44.40449905395508,199.01417541503906,178.31143188476562,42.17255783081055,47.916595458984375,55.039039611816406,1
17049.0,546.62744140625,1.188524603843689,51.52153778076172,232.29095458984375,184.2716827392578,42.581478118896484,39.03993606567383,70.43413543701172,1
256474.5,5591.18115234375,0.7761006355285645,30.64226531982422,72.8769302368164,156.21595764160156,25.030776977539062,84.10367584228516,39.42771530151367,1
2100.5,385.8406066894531,0.2970297038555145,25.912870407104492,142.36964416503906,93.27690124511719,37.37769317626953,74.44895935058594,38.39085388183594,1
1333976.5,4619.25,0.7656033039093018,40.870445251464844,143.61837768554688,108.7332534790039,42.7557373046875,69.62432098388672,41.57270431518555,1
176998.5,3974.583984375,1.3333333730697632,26.779821395874023,169.84564208984375,139.59011840820312,32.81119918823242,49.029296875,69.48359680175781,1
1248.5,168.0416259765625,0.359375,29.279211044311523,124.48030090332031,96.00067901611328,23.927940368652344,51.74660873413086,41.31956481933594,1
16884.0,520.0,1.0629920959472656,31.788625717163086,48.108253479003906,92.35374450683594,51.3759880065918,65.74329376220703,105.23186492919922,1
15390.5,1093.428466796875,1.4583333730697632,19.65522575378418,66.1183853149414,123.70291137695312,12.208123207092285,38.17054748535156,48.0145378112793,1
84876.5,1344.849853515625,1.111782431602478,58.05500411987305,102.52946472167969,121.79811096191406,51.658287048339844,60.24406051635742,64.64363098144531,1
15472.0,876.6762084960938,0.9382715821266174,26.821800231933594,184.79966735839844,146.13766479492188,16.184436798095703,42.32722854614258,54.217403411865234,1
406.0,92.48528289794922,0.4848484992980957,25.342803955078125,143.1420440673828,102.99810791015625,3.4980926513671875,40.90126419067383,43.792274475097656,1
1513.0,151.39697265625,1.045454502105713,23.723814010620117,112.6146240234375,114.73517608642578,23.357492446899414,54.316612243652344,52.61600112915039,1
5804.0,553.480224609375,0.8727272748947144,30.743465423583984,170.875,177.1362762451172,25.123491287231445,54.539058685302734,57.86386489868164,1
74232.5,1486.1737060546875,1.1174242496490479,24.29903793334961,130.53492736816406,164.20016479492188,21.127126693725586,48.05663299560547,53.139366149902344,1
306081.0,2236.0,1.3333333730697632,25.991458892822266,67.05689239501953,132.96047973632812,25.570289611816406,27.179052352905273,60.46391677856445,1
1376437.0,8130.2890625,1.0598413944244385,64.98632049560547,96.72528839111328,156.5319366455078,53.721900939941406,72.91421508789062,42.1832275390625,1
1366.0,210.08326721191406,0.6000000238418579,48.48935317993164,105.22916412353516,130.9606475830078,42.91426467895508,58.44963455200195,61.23023986816406,1
18810.0,562.0,1.5495495796203613,48.63843536376953,224.1998291015625,186.9967041015625,37.2820930480957,58.4476432800293,72.91227722167969,1
2092.0,215.8822479248047,1.2545454502105713,19.73227882385254,246.4545440673828,174.4076385498047,4.201950550079346,11.210888862609863,57.9932861328125,1
18053.5,554.384765625,1.1085271835327148,47.513038635253906,121.11064147949219,156.21282958984375,35.742366790771484,52.6789436340332,56.07090759277344,1
661.0,186.42640686035156,1.6129032373428345,20.341289520263672,160.08645629882812,140.9774169921875,10.547112464904785,51.437191009521484,55.87422561645508,1
20974.0,1336.9747314453125,1.5116279125213623,29.009973526000977,158.83103942871094,134.2137908935547,32.168643951416016,41.02913284301758,59.067325592041016,1
74520.0,1092.0,1.0221402645111084,22.48615264892578,88.30604553222656,86.9496078491211,27.53080177307129,98.37921905517578,96.5286865234375,1
9542.0,615.3624877929688,1.100000023841858,39.458526611328125,174.6609344482422,156.42095947265625,36.79556655883789,50.73265838623047,62.37350082397461,1
1472.5,207.15432739257812,0.6440678238868713,48.43621826171875,110.72078704833984,125.25736236572266,43.865230560302734,60.760379791259766,61.36384201049805,1
17049.0,546.62744140625,1.188524603843689,51.52153778076172,232.29095458984375,184.2716827392578,42.581478118896484,39.03993606567383,70.43413543701172,1
7722.0,426.1076354980469,0.625,96.87617492675781,125.25996398925781,99.60127258300781,50.22109603881836,48.388607025146484,59.45766067504883,1
6646.0,444.91168212890625,2.5090909004211426,28.625032424926758,114.49934387207031,141.80474853515625,20.830127716064453,59.06768035888672,71.23513793945312,1
19154.0,558.0,0.7784810066223145,37.04651641845703,145.51791381835938,148.0597381591797,15.851249694824219,42.3643798828125,68.79426574707031,1
919601.0,3996.0,0.5625,19.43644142150879,90.88841247558594,108.04740142822266,13.390146255493164,30.25926399230957,61.67880630493164,1
926915.5,9177.5556640625,1.1696113348007202,51.252342224121094,124.78337860107422,139.06593322753906,46.12778091430664,73.53514099121094,50.34194564819336,1
260200.5,2165.4873046875,1.3943355083465576,40.08395767211914,112.1825942993164,118.64418029785156,40.58827209472656,66.20600128173828,61.10077667236328,1
1535916.0,5271.216796875,0.9102393388748169,49.676509857177734,88.17698669433594,118.07283020019531,46.222999572753906,51.69911193847656,38.65137481689453,1
2833557.0,43680.33984375,0.6618220210075378,20.671049118041992,72.97537994384766,150.9453582763672,7.219330787658691,53.07121658325195,45.00667953491211,1
23256.0,610.0,1.0065360069274902,13.28130054473877,60.21038055419922,44.036582946777344,29.639278411865234,89.78095245361328,61.86880874633789,1
92484.0,1253.5980224609375,0.9125000238418579,48.08583068847656,132.20388793945312,157.9620361328125,36.77873229980469,59.493961334228516,74.43856048583984,1
2556.5,520.0660400390625,1.1176470518112183,26.417762756347656,189.40150451660156,155.577392578125,13.821415901184082,49.18750762939453,66.0616455078125,1
3686.5,256.87005615234375,1.75,53.80158615112305,181.23065185546875,157.4419708251953,33.797245025634766,57.28770065307617,50.944679260253906,1
25253.5,2182.070068359375,0.9666666388511658,30.75667381286621,173.7862548828125,161.22613525390625,22.659832000732422,42.551055908203125,56.310096740722656,1
384.5,95.89949798583984,0.6333333253860474,27.7122802734375,152.2122802734375,121.03333282470703,20.94574546813965,39.38909149169922,51.875701904296875,1
367156.5,6486.2490234375,0.8992805480957031,23.52983283996582,53.91458511352539,148.1811065673828,14.50771427154541,66.30425262451172,40.74449920654297,1
2100.0,266.5096740722656,1.2833333015441895,56.05303192138672,98.02986907958984,152.57901000976562,46.964847564697266,50.17509841918945,69.60853576660156,1
524.0,108.97056579589844,0.4871794879436493,25.01754379272461,210.46559143066406,113.44804382324219,11.959602355957031,35.45193862915039,46.944236755371094,1
55454.5,1145.5361328125,1.2007721662521362,33.587059020996094,161.84585571289062,157.02464294433594,37.595577239990234,87.93597412109375,58.397579193115234,1
362309.5,4932.48046875,0.4576547145843506,23.626022338867188,94.1048812866211,138.79110717773438,8.950639724731445,54.00331497192383,69.02468872070312,1
179396.0,4127.63671875,0.9347614645957947,79.56652069091797,111.52476501464844,162.3478240966797,47.23101043701172,61.745506286621094,84.04833984375,1
13372.5,659.203125,1.5752211809158325,20.42502784729004,187.42572021484375,112.99348449707031,22.93150520324707,49.133323669433594,56.42664337158203,1
17180.5,541.8994750976562,1.0866141319274902,33.05990982055664,200.42776489257812,182.62478637695312,17.6895694732666,57.82462692260742,68.53244018554688,1
1652213.0,10582.1591796875,3.8259804248809814,20.409852981567383,58.61703109741211,105.14550018310547,6.762923240661621,39.57186508178711,42.939910888671875,1
11888.5,674.1248779296875,1.6629213094711304,28.224946975708008,103.79873657226562,82.31468200683594,33.81922149658203,90.45062255859375,87.78773498535156,1
503.0,126.42640686035156,1.3103448152542114,56.87386703491211,93.9564437866211,148.18601989746094,47.41075897216797,48.90340042114258,69.59149169921875,1
4359.0,440.0243835449219,1.1363636255264282,30.48602294921875,168.7346649169922,165.13851928710938,18.98137855529785,63.605228424072266,71.6911392211914,1
16200.0,1707.283447265625,1.1764706373214722,30.801992416381836,150.3391571044922,154.86891174316406,25.50213050842285,48.24655532836914,53.42305374145508,1
724.0,129.7989959716797,0.9117646813392639,20.51802635192871,164.09393310546875,204.57875061035156,20.218990325927734,60.7440071105957,33.404640197753906,1
36893.5,1245.6883544921875,1.0,32.05156326293945,182.7445831298828,151.58827209472656,22.358043670654297,45.433349609375,51.09048843383789,1
150455.0,3918.3759765625,1.2240116596221924,20.29556655883789,40.93532943725586,131.26315307617188,15.505069732666016,30.371673583984375,69.32003784179688,1
2423.0,323.39697265625,0.5052631497383118,26.819955825805664,131.08201599121094,178.03114318847656,10.56607437133789,50.12104034423828,68.70523071289062,1
3566582.5,51367.8203125,0.8783344030380249,20.890615463256836,61.92708206176758,155.54908752441406,8.333980560302734,54.460716247558594,40.870887756347656,1
35985.0,938.2396850585938,1.2602040767669678,39.387176513671875,182.9437713623047,126.67613220214844,33.62514114379883,66.05834197998047,69.09325408935547,1
2950.0,265.8233642578125,0.8783783912658691,18.34511375427246,167.61143493652344,103.94636535644531,7.1365814208984375,71.60896301269531,52.718379974365234,1
78015.5,2126.864013671875,1.2176470756530762,48.70156478881836,123.9329833984375,118.6979751586914,37.551517486572266,67.93307495117188,65.14871215820312,1
6719.0,440.083251953125,2.5090909004211426,29.44334602355957,109.43135833740234,142.14268493652344,23.120670318603516,54.764041900634766,69.46575164794922,1
65482.0,1081.1959228515625,1.2951542139053345,73.3638687133789,136.4202423095703,158.4316864013672,62.15639114379883,63.43213653564453,61.35556411743164,1
548347.0,8465.78125,1.7777777910232544,23.413793563842773,76.27761840820312,118.56175994873047,10.986898422241211,48.23805236816406,49.080467224121094,1
189295.5,4264.59814453125,2.487046718597412,24.60575294494629,59.887245178222656,131.5437774658203,7.178982734680176,46.90565490722656,55.82054901123047,1
1085774.0,4093.330322265625,0.9523417949676514,47.90018844604492,124.72158813476562,114.9125747680664,47.807395935058594,70.19294738769531,44.73714828491211,1
11750286.0,27226.13671875,0.75,32.441158294677734,56.033355712890625,152.72122192382812,25.023265838623047,50.55165100097656,37.26422119140625,1
11356566.0,47209.32421875,0.75,30.685047149658203,58.546905517578125,147.8053436279297,23.0960750579834,52.833518981933594,39.747825622558594,1
4260343.0,70568.390625,0.9420560598373413,25.734888076782227,65.34455108642578,158.0428924560547,18.179882049560547,60.426124572753906,40.787139892578125,1
